
@{{BLOCK(country_bn_gfx)

@=======================================================================
@
@	country_bn_gfx, 1792x256@4, 
@	+ palette 16 entries, not compressed
@	+ 517 tiles (t|f|p reduced) not compressed
@	+ regular map (flat), not compressed, 224x32 
@	Total size: 32 + 16544 + 14336 = 30912
@
@	Time-stamp: 2026-09-17, 16:24:48
@	Exported by Cearn's GBA Image Transmogrifier, v0.9.2
@	( http://www.coranac.com/projects/#grit )
@
@=======================================================================

	.section .rodata
	.align	2
	.global country_bn_gfxTiles		@ 16544 unsigned chars
	.hidden country_bn_gfxTiles
country_bn_gfxTiles:
	.word 0x00000000,0x00000000,0x00000000,0x00000000,0x00000000,0x00000000,0x00000000,0x00000000
	.word 0x00000000,0x00000000,0x00000000,0x00000000,0x00000000,0x90000B00,0xBBB0BB00,0xBBBBBBB0
	.word 0x00000000,0x00000000,0x00000000,0xB0000B09,0xBBBBBB09,0xBBBBBBB9,0xEEEEBBBB,0xEEEEEEEB
	.word 0x00000000,0x00000000,0x000090B0,0xB00099BB,0x99BBB99B,0x59BBBB9B,0x599BBBBB,0x059BBBBB
	.word 0x00000000,0x00000000,0x00000000,0x0000000B,0x00000009,0x00000000,0x00000000,0x00000000
	.word 0x00000000,0x00000000,0x00000000,0x00000000,0x00000000,0x00000000,0x00000000,0xBB000000
	.word 0x00000000,0x00000000,0x99900000,0x90000000,0xB0000000,0xBB200000,0xBBB09990,0xBBBB99B0
	.word 0xEBBBBBB0,0xEEBBBBB0,0xBBBEBBB9,0xBBBEEEBB,0xBBBBDEEB,0xBBBBEEDE,0xBBBBEDEE,0xBBBBFEED

	.word 0xBEDEDEEE,0xBBEEDEDE,0xBBBDEEBB,0xBBBEEBBB,0xBBBDBBBB,0xBBBBBBBB,0xB9BBBBBB,0x9B9BBEEF
	.word 0x05999BBB,0x559999BB,0x555999BB,0x555599BB,0x5559999B,0x55999599,0x55995599,0x55555559
	.word 0x00000000,0x00550005,0x00555555,0x00055555,0x90005555,0x50059555,0x55559995,0x55555995
	.word 0x00000000,0x00000000,0x00000000,0x00000090,0x00000055,0x00000055,0x00005005,0x00005555
	.word 0x00000000,0x00000000,0x00000000,0x00000000,0x00088800,0x33888000,0x30888330,0x30880300
	.word 0x00000000,0x00000000,0x00000000,0x00088800,0x00888000,0x30883003,0x338888C3,0x88880C8C
	.word 0x00000000,0x00000000,0x00000000,0x33300000,0x33300030,0x83880033,0x88888033,0x88C8C823
	.word 0x00000000,0x00000000,0x00000000,0x00000000,0x00008883,0x00C88883,0x038C888C,0x00CC888C

	.word 0x00000000,0x00000000,0x00000000,0x00000000,0x00000000,0x99990000,0x99900000,0x99B00000
	.word 0xBB000000,0x09990000,0xB9990000,0xB9900000,0xBB099900,0xBBBB9900,0xBB999999,0xB99BBBB9
	.word 0xEBBBBBBB,0xBBBBBBBB,0xBBBEEBBB,0xBBEDEEBB,0xBBFEDEEB,0xBBBBBBBB,0xBBBBBBBB,0xBBBBBBBB
	.word 0xEEDEEEEE,0xEEDEEBBB,0xDEEDBBBB,0xEDEFBBBB,0xBBEEBBBB,0xBBBBBBBB,0xBBBBBBBB,0xBBBBBEEB
	.word 0x9BBBBEEE,0x9BBBBBED,0x999BBBEE,0x99999BBB,0x9BBB9BBB,0x99BBBBBB,0x599BBBBB,0x999BBBBB
	.word 0x55555555,0x95555599,0x99995999,0x99555555,0x99555555,0xB9999995,0x99999955,0x9BBBB555
	.word 0x55555555,0x95555995,0x55555995,0x55599999,0x55999BB9,0x599BBBBB,0x99999999,0x99999BB9
	.word 0x00905599,0x50995599,0x55595559,0x55555555,0x55555555,0x05555555,0x05555555,0x05555559

	.word 0x00000000,0x00000000,0x00000000,0x00000555,0x00000005,0x00000000,0x00000000,0x00000000
	.word 0xC8333330,0x88338833,0x878C3883,0x83C8C883,0x878C8883,0x888C8C83,0x3388C888,0x33800488
	.word 0x888388C8,0x8C83383C,0x78C38888,0x88C38833,0x88833883,0x88333333,0x83333333,0x33388333
	.word 0x88C8C888,0x8888C8C8,0x88383833,0x33388883,0x33888383,0x33883883,0x38883330,0x23300223
	.word 0x3888878C,0x888337C8,0x88333788,0x33883388,0x33838333,0x33888833,0x33383833,0x23333833
	.word 0x00000000,0x00000000,0xBB000000,0xB9900000,0x99900000,0x90000000,0xB0000000,0xB0000000
	.word 0xBBBB0000,0xB9990BBB,0x99BBBBBB,0xBBBBBBBB,0xBBBBBB99,0xBBBBBB9B,0xBBBBBBBB,0xBBBBEEBB
	.word 0xB999BB99,0xBBB9999B,0xBBBBB999,0xBBBB9999,0xBBBBBBBB,0xBBBBBBBB,0xBBBBBBBB,0xBBBBBBBB

	.word 0xBBBBBBBB,0xBBBBBBBB,0xEEBBBBBB,0xEBBBBBBB,0xBBBBBBBB,0xBBBBBBBB,0xBBBBBBBB,0xBBBBBBBB
	.word 0xBBBBEDBB,0xEEBBEBBB,0xEEFBBBED,0xEDEBBBEF,0xFEEEEBBB,0xEEEDEDEB,0xEDEEDEEE,0xEEDEDEDE
	.word 0x99BBBBBB,0xBBBBBEEE,0xBBBBBEED,0xBBBEEEDE,0xBBEEDEEE,0x9BBEEEDE,0x9BBDEDED,0xBBBEEEFE
	.word 0x9BBBBB99,0x9BB9BBBB,0x9999BBBB,0x5999BBBB,0x5999BBBB,0x55599BB9,0x55599999,0x55599BB9
	.word 0x99999BBB,0x95999999,0x55999999,0x55995555,0x55555555,0x95555555,0x95555555,0x9B955999
	.word 0x00555559,0x05555599,0x55555595,0x55555555,0x55999595,0x59995599,0x55555599,0x55599599
	.word 0x00000000,0x00000050,0x00000055,0x00000005,0x50005555,0x55555555,0x55555555,0x55555555
	.word 0x00000000,0x00000000,0x00000000,0x00000005,0x00000005,0x00000000,0x00000000,0x00000055

	.word 0x00000000,0x00000000,0x00000000,0x00000000,0x00000000,0x00000000,0x00000000,0x20000000
	.word 0x88221434,0x88322232,0x88882280,0x20880840,0x24220842,0x24442842,0x44428442,0x44428242
	.word 0x33338833,0x33328833,0x33220883,0x33222330,0x23423322,0x42423322,0x44222322,0x22033022
	.word 0x22234423,0x44224423,0x44424428,0x44442880,0x44442824,0x44442824,0x24440844,0x32242880
	.word 0x23333332,0x22333332,0x44333234,0x24322434,0x22224484,0x22224483,0x02224423,0x00222423
	.word 0x00000000,0x00000000,0x00000000,0x00000000,0xB0000000,0xBB000000,0x9BB00000,0x99900000
	.word 0xBBB00000,0xBBBB0000,0xBEEBBB00,0xBEEBBB99,0xBBDEBB99,0xEBBEBBB9,0xBBBBB9B9,0xBBBB9B99
	.word 0xBBBEEEBB,0xBBBEBBEE,0xBBBBBBDE,0xBBBBBBEB,0xBBBBBBBB,0xBBBBBBED,0xBBBBBEFE,0xBBBBEEEB

	.word 0xBBBBBBBB,0xBBBBBBBB,0xBBBBBBBB,0xBBBBBBBB,0xBBBBBBBB,0xBBBBBBBB,0xBBBBBBBB,0xBBBBBBBB
	.word 0xBBEEEBBB,0xBDEDFBBB,0xBBEEEEBB,0xBBBBBEBB,0xBBBBBBBB,0xEBBBBBBB,0xEBBBBBBB,0xEDBBBBBB
	.word 0xEDEEFEBB,0xEDEEEEBB,0xEEDEDEBB,0xEFEEEEBB,0xEEEEDDEB,0xEEDEDEEF,0xEDEEDEEE,0xDEEEDEFE
	.word 0xBBBBEEEE,0xBBBBEDED,0x9BBBEEDE,0x9BBBBEDE,0x9BBBBBED,0xBBBBBBEF,0xBBBBBBEE,0xBBBBBBEE
	.word 0x955999BB,0x55559999,0x55559BB9,0x599999BB,0x99999999,0x999999BB,0xBBBB999B,0xBBBBBBBB
	.word 0x9BB99999,0x99999955,0xBB999995,0x9BB99999,0x9BBB9999,0x9BBBBBBB,0x9BBBBBBB,0x9BBBBBBB
	.word 0x59999999,0x99999999,0x55999999,0x55999999,0x559999B9,0x99B999BB,0x99BB999B,0x999B9999
	.word 0x11555555,0x11555555,0x11555555,0x11555555,0x01555999,0x05595599,0x55599599,0x55559599

	.word 0x00000055,0x00000050,0x00000000,0x00000000,0x00000000,0x00000000,0x00000005,0x00000005
	.word 0x44428842,0x22422800,0x20222002,0x20000020,0x00002220,0x20222200,0x00202220,0x02202000
	.word 0x20200022,0x30000202,0x02200020,0x02203300,0x22222330,0x20222030,0x20220232,0x02202500
	.word 0x03022233,0x03000003,0x02222223,0x20220003,0x02222220,0x02022000,0x02220200,0x02002200
	.word 0x02022202,0x00002000,0x02000020,0x02222200,0x02022220,0x00202200,0x00002022,0x02002205
	.word 0x99000000,0xB9000000,0xB9990000,0x9B999900,0x9BBB0000,0x99BBB000,0xB9B20000,0xB9BB0000
	.word 0xBBBB9BB9,0xBBB99999,0xBB99BB99,0xBBB99BB9,0xBBBB99B9,0xBBBB9999,0xBBBBB99B,0xBBBA999B
	.word 0xBBBBEBBB,0xBBBBBBBB,0xBBBBBBBB,0xBBBBBBBB,0xBBBBBBBB,0xBBBABBBB,0xBBBB9BBB,0xBBBBB99B

	.word 0xBBBBBDBB,0xBBBBBBBB,0xBBBBBBBB,0xBBBBEEEB,0xBBBEDEBB,0xBBBEFBBB,0xEBBBBBBB,0xEDEBBBBB
	.word 0xEEBBBBBB,0xEBBBBBBB,0xBBBBBBBB,0xBBBBDEFB,0xBBBBEEEB,0xDEDBBBEB,0xBDEEBEDE,0xBBBEBDED
	.word 0xBDEDEEEE,0xBBEEFEED,0xBBBBBEEB,0xBBBBBBBB,0xBBBBBBBB,0xBBBBBBBB,0xBBDEEBBB,0xEEFEBBBB
	.word 0xBBBBBBBB,0xBBBBBBBB,0xBBBBBBBB,0xBBBBBBBB,0xBEEEEBBB,0xBEEEDEBB,0xBEDEDEEB,0xBBDEEFEE
	.word 0xEEEBBBBB,0xEEEEEBBB,0xEDEDEEBB,0xDEEDBEEB,0xEEDEBBBB,0xEDEEEBBB,0xEEEFDEDB,0xBBDEEEEB
	.word 0xBBBBEEEE,0xBBBBEEEE,0xBBBBBDED,0xBBBBBEEE,0xBBBBBBED,0xBBBBBBED,0x99BBBBBE,0x999BBBBB
	.word 0x99999999,0x9999BBBB,0x99999BBB,0x999999BB,0x999999BB,0xBB5999BB,0xB55599B9,0x5559B999
	.word 0x55555599,0x55555599,0x55599599,0x55999559,0x5BB95559,0x55555559,0x555555BB,0x95555555

	.word 0x05000055,0x05550555,0x00555555,0x10555555,0x11555555,0x11555555,0x01555555,0x51555555
	.word 0x00000000,0x00000000,0x00000000,0x00000000,0x00000000,0x00000000,0x00000055,0x00000055
	.word 0x02022000,0x20200000,0x00003000,0x00003000,0x00303000,0x00333000,0x00000000,0x00000000
	.word 0x00020300,0x00005000,0x02003020,0x00030000,0x00030330,0x00030003,0x00030003,0x00003330
	.word 0x00000002,0x00000000,0x00000000,0x00300000,0x00300000,0x33000000,0x00000000,0x00000000
	.word 0x00020203,0x00000003,0x00000003,0x00000003,0x00000003,0x00000000,0x00000000,0x00000000
	.word 0x00000000,0x00000000,0x00000000,0x00000000,0x00000000,0xB0000000,0x00000000,0x00000000
	.word 0x99BBB000,0x9999BB00,0x99B99990,0xB9BB9BBB,0x99BB9BBB,0x9BBB20BB,0x999BB000,0xB999BB00

	.word 0xBB99BBB9,0x9B99BB99,0x9BB9999B,0x99999BBB,0x9BBB99BB,0x99BBB999,0xBBBBBBBB,0xBBBBBBBB
	.word 0xBBBBBBAB,0xDBBBBB9B,0xEBBBB99B,0xBBBBE9BB,0xB9AEE9B9,0xBB99EB99,0xBBB99BBB,0xBBBBBBBB
	.word 0xEFEEBEEE,0xBBBEEDEE,0xBEEBBBDE,0xBBDEBBBB,0xEBBBBEEB,0xEEBBBDEF,0xFDBBBBBE,0xBEBBEEBB
	.word 0xBBBBBFEE,0xBBBBBEEE,0xBBEEBDEB,0xBEFBBBBB,0xBEBBBBBD,0xBBBBBBBE,0xBBBBBBBB,0xBBBBBBBB
	.word 0xDEEBBBBB,0xDEEEBBBB,0xEDEDEBBB,0xFEEEDEBB,0xEEEEFEDB,0xDEDEEEEE,0xBEEDBBBB,0xBBBBBEDE
	.word 0xBBBBEEEE,0xBBBEDEDE,0xBBBBEDEE,0xBBBBFEED,0xEBBBBEEE,0xBBBBEEDE,0xBBBBDEBB,0xBBBBBBBB
	.word 0xBBBEEDEB,0xBBBBEDEB,0x9BBBBBBD,0x999B9BBE,0x99BB99BF,0x9BBB99BB,0x9B9999BB,0x999BB99B
	.word 0x99BBBBBB,0x99B99BBB,0x55599999,0x955999BB,0x959999BB,0x559BB9B9,0x55955999,0x55555999

	.word 0x955B5559,0x9555559B,0x555995B5,0x55595555,0x15555559,0x15555555,0x55915559,0x59111599
	.word 0x95505555,0x95511155,0x51111115,0x55555115,0x50591111,0x51911111,0x51111111,0x55111111
	.word 0x55555559,0x55555559,0x55555559,0x55555555,0x55555555,0x55555555,0x55555555,0x11155555
	.word 0x00501115,0x00551155,0x00050155,0x00555555,0x00055555,0x00000055,0x00000015,0x00005111
	.word 0x00000000,0xBB000000,0xBB000000,0xB0000000,0x999BBB00,0x9999BBB0,0x9BBB0000,0x99BBB200
	.word 0xBB992B00,0xBBB90000,0xBBBB99BB,0x99BB9999,0x999B9BB9,0x999999BB,0x999999BB,0xB99BB99B
	.word 0xBBBBBBBB,0xBBBBBB9B,0xBBBB9BB9,0xBBBB99BB,0x9B999999,0x99999BBB,0x999999BB,0xB999699B
	.word 0xBBBB99BB,0xBBB99999,0xB999999B,0xBB999999,0x999B9999,0xB9BBB999,0x99BE9999,0x99EE9999

	.word 0xBBBBEDEB,0xBBBBBEDB,0xBBBBBBEB,0xBBBB9BBB,0xBBBB9999,0xBBBBBBBB,0xBBBBBBBB,0xBBBB999B
	.word 0xEBBBBBBB,0xEBBBBBBB,0xEDBBBBBB,0xBBBBBBBB,0xBBBBBBBB,0xBBBBBBBB,0xBBBBBBBB,0xBBBBBBBB
	.word 0xBBBBDEED,0x9BBBBEFE,0x999BBBBB,0x99999BBB,0x999B99BB,0x99BBB9BB,0xB9BBB99B,0x99B99999
	.word 0x99999BBB,0x9BB99B99,0x9BB99999,0x9BBB9B99,0x9B999BB9,0x9999BBBB,0x99999BBB,0x9B99BBBB
	.word 0x99BBB999,0x99BB99B9,0x59999BBB,0x9999BBB9,0x5999B999,0x99955999,0x95555599,0x55555599
	.word 0x55555999,0x59555999,0x91055595,0x15111559,0x55111555,0x99111555,0x91151155,0x01555155
	.word 0x11111115,0x11111115,0x11111115,0x11111111,0x11111111,0x11101111,0x11111111,0x51111111
	.word 0x51151111,0x55055111,0x55111111,0x15511551,0x11115551,0x15515551,0x15511115,0x15911155

	.word 0x10555555,0x01155555,0x05555555,0x55555151,0x55111155,0x11115555,0x11111151,0x00111111
	.word 0x00055111,0x00050000,0x00000000,0x00000005,0x00000005,0x00000000,0x00000000,0x00000000
	.word 0x00000000,0x50000000,0x50000000,0x00000000,0x0B000000,0x0BB00000,0x50B00000,0x00000000
	.word 0x999B9B55,0x9BB999B5,0x9BBB59BB,0x9995B599,0xBB955550,0x5BB5BB55,0x55B2BBB5,0x55200BB2
	.word 0xB999BB99,0x99999BB9,0x96999999,0x55599999,0x55555955,0x95995555,0x95995555,0x55295205
	.word 0xBBB95599,0x9BB95559,0x9BB55555,0x99B65595,0x99555599,0x96599599,0x99559955,0x99555555
	.word 0x99BE9B99,0x99999BB9,0x9999BB99,0x9999B999,0x99999999,0x95599999,0xB5569999,0x9B555999
	.word 0xBBBB999B,0xBBBB6999,0xB9964569,0xB6996595,0x55695599,0x95555599,0x99555599,0xB9555559

	.word 0xBBB9BBBB,0xBBB999BB,0xBBBB9ABB,0x99BBBBBB,0x999BB999,0x999B9999,0x69999599,0x9999959B
	.word 0x9999BBB9,0x99999BBB,0x999999BB,0x999BBBBB,0x99999999,0x99999999,0x99559995,0x95559955
	.word 0xBB999B99,0x99BB9999,0x9BB999B9,0x9B999BBB,0x99999B99,0x99999999,0x99999555,0x99995555
	.word 0xBBB99999,0xB99999BB,0x599999BB,0xBBB999B9,0x59959999,0x55555959,0x55555559,0x55555559
	.word 0x11551155,0x1151155B,0x11115555,0x11111555,0x11105555,0x51115555,0x51555955,0x55599911
	.word 0x55111111,0x15511111,0x55555511,0x55995511,0x55955551,0x01155555,0x10555955,0x51199955
	.word 0x19951151,0x59551511,0x11511111,0x11111115,0x11555155,0x11551155,0x11511101,0x11111111
	.word 0x00111111,0x01111155,0x11111555,0x11111551,0x01111111,0x11111111,0x11111111,0x11111111

	.word 0x00000000,0x00000111,0x00000001,0x00000001,0x00000000,0x00000111,0x00000111,0x00001111
	.word 0x55500000,0x00550000,0x00000000,0x00000000,0x00000000,0x00000000,0x00000000,0x00000000
	.word 0x20005002,0x00000000,0x00000000,0x00000000,0x00000000,0x00000000,0x00000000,0x00000000
	.word 0x55959550,0x20999555,0x00099925,0x50000000,0x55000000,0xBB500000,0x5BB00000,0x55555000
	.word 0x5B555555,0x55599B55,0x5555BB50,0x55995B55,0x55995555,0x55599555,0x55555555,0x11155555
	.word 0x5B559555,0x55559955,0x555599B5,0x25555BB5,0x51125555,0x55115515,0x91115512,0x11111111
	.word 0x99555555,0x95555555,0x12555595,0x55115595,0x95515911,0x19511115,0x11911115,0x11111119
	.word 0x55559955,0x51599555,0x11115551,0x55115991,0x91119111,0x11111111,0x55511111,0x55111111

	.word 0x99955155,0x95555155,0x95551111,0x55555115,0x55111159,0x11511559,0x11011111,0x11551115
	.word 0x05555555,0x11115555,0x11105555,0x55115551,0x15515511,0x11511111,0x11111111,0x11111111
	.word 0x55599111,0x19555111,0x55555511,0x55101551,0x11111151,0x11111111,0x11111111,0x11115551
	.word 0x51111055,0x11155110,0x11155111,0x15551115,0x55111115,0x11111111,0x11111111,0x11111111
	.word 0x11111115,0x11115115,0x11155111,0x11151111,0x00111111,0x00111111,0x00111111,0x11111111
	.word 0x01111111,0x01110000,0x01000001,0x00000011,0x00000000,0x00000000,0x00000000,0x00000001
	.word 0x00011110,0x00000000,0x00000000,0x00000000,0x00000000,0x00000000,0x00000000,0x00000000
	.word 0x00000000,0x55000000,0x55000000,0x05500000,0x00000000,0x00000000,0x00000000,0x00000000

	.word 0x59955505,0x55955555,0x55555555,0x02020055,0x00000002,0x00000000,0x00000000,0x00000000
	.word 0x11055555,0x1111BB55,0x0111BBB5,0x000000B2,0x00000000,0x00000000,0x00000000,0x00000000
	.word 0x11111111,0x11111110,0x11111000,0x11100000,0x01100000,0x00110000,0x00000000,0x00000000
	.word 0x11111111,0x11115111,0x11115511,0x00011511,0x01111111,0x11111100,0x11110000,0x11100000
	.word 0x11111111,0x11111111,0x00011111,0x10011000,0x10010000,0x10000001,0x11000111,0x11111111
	.word 0x15551115,0x15111111,0x11111111,0x11115511,0x11155511,0x11151111,0x11111111,0x11111111
	.word 0x11111111,0x11111111,0x10111111,0x10011101,0x00001111,0x00000111,0x00000111,0x00000001
	.word 0x11115511,0x11115111,0x00011111,0x00011111,0x00000011,0x00000110,0x00000000,0x00000000

	.word 0x00111111,0x01100111,0x10001111,0x10011010,0x00010000,0x00000000,0x00000000,0x00000000
	.word 0x11111110,0x10111100,0x00000001,0x00000011,0x00000010,0x00000000,0x00000000,0x00000000
	.word 0x00000011,0x00000111,0x00000111,0x00000000,0x00000000,0x00000000,0x00000000,0x00000000
	.word 0x00000000,0x00000000,0x00000000,0x00000000,0x00000000,0x0C000000,0x0CE00000,0x0CC60000
	.word 0x00000000,0x00000000,0x00000E00,0x00000E00,0x00000C00,0xC0000CE0,0x6E0060E0,0x6CE060E0
	.word 0x00000000,0x00000000,0x00070060,0xE007006C,0xC007706C,0xCE007066,0x0E0070C6,0x0CC067CC
	.word 0x00000000,0x00000000,0x0000000C,0x0000000C,0x00000000,0x00000600,0x0CE00670,0x07E00070
	.word 0x10000000,0x00000000,0x00000000,0x00000000,0x00000000,0x00000000,0x00000000,0x00000000

	.word 0x11111111,0x11111111,0x11111100,0x11110000,0x11110000,0x11110000,0x11110000,0x11110000
	.word 0x11110111,0x11111111,0x01111111,0x01111111,0x01111111,0x01111111,0x00111110,0x00111111
	.word 0x00C66000,0x00CE6000,0xE0CE6607,0xE17CC50C,0xEE6CC6C7,0xCECEC577,0xCE71E676,0xCEC6CE66
	.word 0x66C066CE,0xE56E66CE,0xC66CE65E,0xCC6CE16C,0x7C71E66C,0x17E5C76C,0xE7E6C665,0xE1E7CC66
	.word 0x67C0E70C,0xE7CEE6EC,0xE67EE7E7,0xCE7CECE7,0xCE1C7CCE,0x7E1CEE7E,0x7E6CE7C7,0x7EE7CEC7
	.word 0x07CE0766,0x077E07E6,0x067CE6E5,0x676CE1C6,0x7657C7C6,0x7E67C7C5,0xCE67CEC6,0x6E5ECEC5
	.word 0x00700000,0x007C0000,0xC067C007,0xC677C70C,0x7666C6C7,0x76CE7677,0x6675E675,0xE576CE56
	.word 0x00000C00,0x700700E0,0x7007C07C,0x6007C067,0x67C67066,0x667E7766,0xC65C666E,0x6C676C6C

	.word 0x00000000,0x076C70C0,0xC006C70C,0x7CE67C0C,0x67C66677,0xC5C76C77,0xE6675E76,0x7E76EC77
	.word 0x07000077,0x07060C70,0x0606C767,0x6707C666,0x7606775E,0x7E666C6E,0xCE66E767,0x6E5EC566
	.word 0x11111000,0x11111100,0x51115107,0x67115117,0x15716717,0x6171C717,0x6676C676,0xE576CC66
	.word 0x00111111,0x70011711,0x70017511,0x60076111,0x67C76171,0x667E7177,0xC66C6667,0x5C675C6C
	.word 0x07000077,0x07060C70,0x0606C767,0x6707C666,0x7606776E,0x7E666C6E,0xCE66E757,0x6E5EC566
	.word 0x00000C00,0x700700E0,0x7007C07C,0x6007C067,0x67C67066,0x667E7766,0xC65C666E,0x6C676C5C
	.word 0x00000000,0x00000000,0x00000000,0x00000000,0x00000000,0x00000000,0xDDD00000,0xAFAF0000
	.word 0x00000000,0x00000000,0x00000000,0x00000000,0x00000000,0x00000000,0x0000022D,0x00006DAF

	.word 0x07000077,0x07060C70,0x0606C767,0x6707C666,0x7606776E,0x7E666C6E,0xCE65E767,0x6E5EC666
	.word 0x00000C00,0x700700E0,0x7007C07C,0x6007C067,0x67C67066,0x667E7766,0xC66C666E,0x6C676C6C
	.word 0x00700000,0x007C0000,0xC067C007,0xC677C70C,0x7666C6C7,0x76CE7677,0x6675E676,0xE576CE56
	.word 0x00000C00,0x700700E0,0x7007C07C,0x6007C067,0x67C67066,0x667E7766,0xC66C666E,0x6C675C6C
	.word 0x00C66000,0x00CE6000,0xE0CE6607,0xE17CC50C,0xEE6CC6C7,0xCECEC577,0xCE71E676,0xCEC6CE56
	.word 0x00111111,0x70011711,0x70017511,0x60076111,0x67C76171,0x667E7177,0xC66C6667,0x6C576C6C
	.word 0x00700000,0x007C0000,0xC067C007,0xC677C70C,0x7666C6C7,0x76CE7677,0x6675E576,0xE576CE66
	.word 0x00000000,0x00000000,0x00000000,0x00000000,0x00000000,0x00000000,0xDDD00000,0xDDDD1000

	.word 0x00000000,0x00000000,0x00000000,0x00000000,0x00000000,0x00000000,0x0000016D,0x00006DBD
	.word 0x00000C00,0x700700E0,0x7007C07C,0x6007C067,0x67C67066,0x667E7766,0xC65C666E,0x5C676C6C
	.word 0x00000000,0x076C70C0,0xC006C70C,0x7CE67C0C,0x67C66677,0xC6C76C77,0xE6676E76,0x7E76EC77
	.word 0x07000077,0x07060C70,0x0606C767,0x6707C666,0x7606776E,0x7E666C6E,0xCE66E767,0x6E1EC666
	.word 0x00700000,0x007C0000,0xC067C007,0xC677C70C,0x7666C6C7,0x76CE7677,0x6676E676,0xE676CE56
	.word 0x07000077,0x07060C70,0x0606C767,0x6707C666,0x7606776E,0x7E666C6E,0xCE66E767,0x6E5EC566
	.word 0x00000000,0x076C70C0,0xC006C70C,0x7CE67C0C,0x67C66677,0xC6C76C77,0xE6575E76,0x7E76EC77
	.word 0x00700000,0x007C0000,0xC067C007,0xC677C70C,0x7666C6C7,0x76CE7677,0x6676E676,0xE675CE56

	.word 0x00700000,0x007C0000,0xC067C007,0xC677C70C,0x7666C6C7,0x76CE7677,0x6675E676,0xE576CE66
	.word 0x00C66000,0x00CE6000,0xE0CE6607,0xE17CC60C,0xEE6CC6C7,0xCECEC577,0xCE71E676,0xCEC6CE56
	.word 0x66C066CE,0xE66E66CE,0xC65CE65E,0xCC6CE16C,0x7C76E66C,0x17E1C76C,0xE7E6C665,0xE1E7CC66
	.word 0x67C0E70C,0xE7CEE5EC,0xE67EE7E7,0xCE7CECE7,0xCE1C7CCE,0x7E1CEE7E,0x7E6CE7C7,0x7EE7CEC7
	.word 0x66EE5CE6,0x666C66C6,0xCC6766C7,0x77D7E576,0xAAAAAAAA,0xAFFDAADD,0xDDFFFFFA,0xFDDDDDDD
	.word 0xE1E61E66,0xC1CEECE7,0xC6C1E6C1,0xC6C67676,0x76AAAAA6,0xAAAFFFAA,0xDDDDDFFD,0xCCCFFCCF
	.word 0x7CE7CEC7,0x6CE7CEC7,0x61E11E67,0xCEC6CC7E,0xAAA7A77C,0xDDAADAAA,0xDCFFCFDD,0xFDCDDFFF
	.word 0x6CE77CE1,0x777C7C7E,0x7C771CAC,0xACAAAAA7,0xAACAAAD6,0xFAAFDDFA,0xFFFDAADD,0xCCFFFFCF

	.word 0xCE6E6CE6,0xCE1C66C1,0xCC6766C7,0x77D7E576,0xAAAAAAAA,0xAFFAAADD,0xDDFFFFFA,0xFDDDDDDD
	.word 0x7CE76E65,0x77CE5CE7,0xEC7CE6C6,0xC16CE175,0x65AAAAA6,0xAAAFFFAA,0xDDDDDFFD,0xCCCFFCCF
	.word 0x7C77E75C,0x1C6C71EC,0x66EC6CE7,0xCEC16C7E,0xAAA7A77C,0xDDAADAAA,0xDCFFCFDD,0xFDCDDFFF
	.word 0x5CE776E6,0x777C7E7E,0x7C771CAC,0xACAAAAA7,0xAACAAAD6,0xFAAFDDFA,0xFFFDAADD,0xCCFFFFCF
	.word 0xCE6E5CE6,0xCE1C66C6,0xCC6766C7,0x77D7E576,0xAAAAAAAA,0xAFFDAADD,0xDDFFFFFA,0xFDDDDDDD
	.word 0x7CE76E65,0x77CE5CE7,0xEC7CE6C6,0xC16CE176,0x56AAAAA5,0xAAAFFFAA,0xDDDDDFFD,0xCCCFFCCF
	.word 0x6CE776E6,0x777C7E7E,0x7C771CAC,0xACAAAAA7,0xAACAAAD6,0xFAAFDDFA,0xFFFDAADD,0xCCFFFFCF
	.word 0xCE6E6CE6,0xCE1C65C1,0xCC6766C7,0x77D7E676,0xAAAAAAAA,0xAFFAAADD,0xDDFFFFFA,0xFDDDDDDD

	.word 0x7CE76E66,0x77CE5CE7,0xEC7CE6C5,0xC16CE176,0x65AAAAA6,0xAAAFFFAA,0xDDDDDFFD,0xCCCFFCCF
	.word 0x6CE776E6,0x777C7E7E,0x7C771CAC,0xACAAAAA7,0xAACAAAD6,0xFAAFDDFA,0xFFFDAADD,0xDCFFFFCF
	.word 0xFAFD0000,0xAFAFA220,0x4A4AF200,0x4F4F4F00,0xA442FD00,0x444F4FA2,0x4A424AF2,0x2A2A2F44
	.word 0x0024A4F4,0x006A4AA4,0x0A4A444A,0x062A4A4A,0x246244A4,0x5564A6AA,0x52626444,0x5462626A
	.word 0x7C77E76C,0x1C6C71EC,0x66EC6CE7,0xCEC16C7E,0xAAA7A77C,0xDDAADAAA,0xDCFFCFDD,0xFDCDDFFF
	.word 0x7C77E75C,0x1C6C71EC,0x65EC6CE7,0xCEC16C7E,0xAAA7A77C,0xDDAADAAA,0xDCFFCFDD,0xFDCDDFFF
	.word 0x6CE775E6,0x777C7E7E,0x7C771CAC,0xACAAAAA7,0xAACAAAD6,0xFAAFDDFA,0xFFFDAADD,0xCCFFFFCF
	.word 0x66EE5CE6,0x666C66C1,0xCC6766C7,0x77D7E676,0xAAAAAAAA,0xAFFDAADD,0xDDFFFFFA,0xFDDDDDDD

	.word 0xCE6E6CE6,0xCE1C56C1,0xCC6766C7,0x77D7E676,0xAAAAAAAA,0xAFFAAADD,0xDDFFFFFA,0xFDDDDDDD
	.word 0x7CE75E65,0x77CE5CE7,0xEC7CE6C6,0xC65CE176,0x66AAAAA6,0xAAAFFFAA,0xDDDDDFFD,0xFCCFFCCF
	.word 0x0024A4F4,0x006A4AA4,0x0A4A444A,0x062A4A4A,0x246244A4,0x5564A6AA,0x52626444,0x5462662A
	.word 0xCE6E6CE6,0xCE1C66C6,0xCC6756C7,0x77D7E676,0xAAAAAAAA,0xAFFAAADD,0xDDFFFFFA,0xFDDDDDDD
	.word 0x7CE76E65,0x77CE5CE7,0xEC7CE6C6,0xC16CE176,0x66AAAAA5,0xAAAFFFAA,0xDDDDDFFD,0xCCCFFCCF
	.word 0x66EE6CE6,0x666C66C6,0xCC6766C7,0x77D7E576,0xAAAAAAAA,0xAFFAAADD,0xDDFFFFFA,0xFDDDDDDD
	.word 0xE1E61E66,0xC1CEECE7,0xC6C1E1C6,0xC6C67676,0x76AAAAA6,0xAAAFFFAA,0xDDDDDFFD,0xCCCFFCCF
	.word 0x7CE75E65,0x77CE6CE7,0xEC7CE6C5,0xC16CE176,0x66AAAAA6,0xAAAFFFAA,0xDDDDDFFD,0xCCCFFCCF

	.word 0xCE6E5CE6,0xCE1C66C5,0xCC6766C7,0x77D7E676,0xAAAAAAAA,0xAFFAAADD,0xDDFFFFFA,0xFDDDDDDD
	.word 0x7CE75E65,0x77CE6CE7,0xEC7CE5C6,0xC16CE176,0x56AAAAA6,0xAAAFFFAA,0xDDDDDFFD,0xCCCFFCCF
	.word 0x7CE75E65,0x77CE5CE7,0xEC7CE6C6,0xC65CE176,0x66AAAAA6,0xAAAFFFAA,0xDDDDDFFD,0xCCCFFCCF
	.word 0xDDBD0000,0xBDDDD100,0xABBDD000,0x6BABBD10,0xB6BADD00,0x6B6BADD1,0xB6B6BDD0,0x6B66BBAB
	.word 0x0056ABDB,0x006B6BAA,0x566BB666,0x066666BB,0x1666B6B6,0x6666B66B,0x611666B6,0x16161666
	.word 0xCE6E6CE6,0xCE1C65C6,0xCC6766C7,0x77D7E676,0xAAAAAAAA,0xAFFAAADD,0xDDFFFFFA,0xFDDDDDDD
	.word 0x7CE76E65,0x77CE5CE7,0xEC7CE5C6,0xC16CE176,0x56AAAAA6,0xAAAFFFAA,0xDDDDDFFD,0xCCCFFCCF
	.word 0x6CE771E6,0x777C7E7E,0x7C776CAC,0xACAAAAA7,0xAACAAAD6,0xFAAFDDFA,0xFFFDAADD,0xCCFFFFCF

	.word 0xCE6E5CE6,0xCE1C66C1,0xCC6766C7,0x77D7E676,0xAAAAAAAA,0xAFFDAADD,0xDDFFFFFA,0xFDDDDDDD
	.word 0x7CE76E66,0x77CE1CE7,0xEC7CE6C1,0xC16CE676,0x66AAAAA6,0xAAAFFFAA,0xDDDDDFFD,0xCCCFFCCF
	.word 0x7C77E76C,0x1C6C71EC,0x61EC6CE7,0xCEC66C7E,0xAAA7A77C,0xDDAADAAA,0xDCFFCFDD,0xFDCDDFFF
	.word 0x7C77E75C,0x1C6C71EC,0x61EC6CE7,0xCEC65C7E,0xAAA7A77C,0xDDAADAAA,0xDCFFCFDD,0xFDCDDFFF
	.word 0x7C77E76C,0x1C1C71EC,0x66EC6CE7,0xCEC66C7E,0xAAA7A77C,0xDDAADAAA,0xDCFFCFDD,0xFDCDDFFF
	.word 0xCE6E5CE6,0xCE1C66C1,0xCC6766C7,0x77D7E676,0xAAAAAAAA,0xAFFAAADD,0xDDFFFFFA,0xFDDDDDDD
	.word 0x66EE6CE6,0x666C66C5,0xCC6766C7,0x77D7E576,0xAAAAAAAA,0xAFFDAADD,0xDDFFFFFA,0xFDDDDDDD
	.word 0xE6E61E66,0xC1CEECE7,0xC6C1E1C6,0xC6C67676,0x76AAAAA5,0xAAAFFFAA,0xDDDDDFFD,0xCCCFFCCF

	.word 0xDDDECCCF,0xFDDDDFFF,0xDDDDDDDD,0xDDDDDDDD,0xCD5DDDDD,0xC5DDD8DD,0x75DDD6DD,0x67DDC5DC
	.word 0xFFFDDDDD,0xDFFFFFFF,0xDDDDDDDD,0xDDDDDDDD,0xDDDEDDDD,0xCDDCDDDE,0xCCD8DDDC,0x77C76DD8
	.word 0xFFFFFFDD,0xFFFFFCFD,0xDDDDDDDD,0xDDDDDDDD,0xDDDDDDDD,0xDDDD7CD5,0xCDDDD7C5,0xCCDDDDC5
	.word 0xFDDFFFFF,0xFDDCDFCC,0xDDDDDDDD,0xDDDDDDDD,0xDDDDDDDD,0x7DDDDCDC,0xD8CDCCDC,0x577C78D7
	.word 0xDDDECCCF,0xFDDDDFFF,0xDDDDDDDD,0xDDDDDDDD,0xCD5DDDDD,0xC5DDD8DD,0x75DDD6DD,0x57DDC5DC
	.word 0xFFFFFFDD,0xFFFFFCFD,0xDDDDDDDD,0xDDDDDDDD,0xDDDDDDDD,0xDDDD8CD5,0xCDDDD7C5,0xCCDDDDC5
	.word 0xFDDFFFFF,0xFDDCDFCC,0xDDDDDDDD,0xDDDDDDDD,0xDDDDDDDD,0x8DDDDCDC,0xD7CDCCDC,0x577C87D8
	.word 0xFFFDDDDD,0xDFFFFFFF,0xDDDDDDDD,0xDDDDDDDD,0xDDDEDDDD,0xCDDCDDDE,0xCCD8DDDC,0x78C76DD8

	.word 0xDDDECCCF,0xFDDDDFFF,0xDDDDDDDD,0xDDDDDDDD,0xCD5DDDDD,0xC5DDD8DD,0x75DDD5DD,0x57DDC5DC
	.word 0xFFFDDDDD,0xDFFFFFFF,0xDDDDDDDD,0xDDDDDDDD,0xDDDEDDDD,0xCDDCDDDE,0xCCD7DDDC,0x77C75DD8
	.word 0xFFFFFFFF,0xFFFFFCFD,0xDDDDDDDD,0xDDDDDDDD,0xDDDDDDDD,0xDDDD7CD6,0xCDDDD7C6,0xCCDDDDC5
	.word 0xFDDFFFFF,0xFDDCDFCC,0xDDDDDDDD,0xDDDDDDDD,0xDDDDDDDD,0x8DDDDCDC,0xD7CDCCDC,0x577C77D7
	.word 0xFFFDDDDD,0xAFFFFFFF,0xDDDDDDDD,0xDDDDDDDD,0xDDDEDDDD,0xCDDCDDDE,0xCCD7DDDC,0x77C76DD7
	.word 0xFDDFFFFF,0xFDDCDFCC,0xDDDDDDDD,0xDDDDDDDD,0xDDDDDDDD,0x7DDDDCDC,0xD8CDCCDC,0x577C77D7
	.word 0xFFFDDDDD,0xDFFFFFFF,0xDDDDDDDD,0xDDDDDDDD,0xDDDEDDDD,0xCDDCDDDE,0xCCD8DDDC,0x87C75DD8
	.word 0xDDDECCCF,0xFDDDDFFF,0xDDDDDDDD,0xDDDDDDDD,0xCD5DDDDD,0xC5DDD7DD,0x75DDD5DD,0x67DDC5DC

	.word 0xFFFDDDDD,0xDFFFFFFF,0xDDDDDDDD,0xDDDDDDDD,0xDDDEDDDD,0xCDDCDDDE,0xCCD8DDDC,0x87C76DD8
	.word 0xDDDDCBEF,0xFDDDDFFF,0xDDDDDDDD,0xDDDDDDDD,0xCD5DDDDD,0xC5DDD9DD,0x95DDD5DD,0x67DDC5DC
	.word 0xFDDFFFFF,0xFDDCDFCC,0xDDDDDDDD,0xDDDDDDDD,0xDDDDDDDD,0x8DDDDCDC,0xD7CDCCDC,0x677C87D8
	.word 0xFDDFFFFF,0xFDDCDFCC,0xDDDDDDDD,0xDDDDDDDD,0xDDDDDDDD,0x7DDDDCDC,0xD8CDCCDC,0x577C78D8
	.word 0xFDDFFFFF,0xFDDCDFCC,0xDDDDDDDD,0xDDDDDDDD,0xDDDDDDDD,0x8DDDDCDC,0xD7CDCCDC,0x677C78D7
	.word 0xFDDFFFFF,0xFDDCDFCC,0xDDDDDDDD,0xDDDDDDDD,0xDDDDDDDD,0x7DDDDCDC,0xD7CDCCDC,0x677C77D8
	.word 0x577CC7DC,0x17DC75DC,0x11775516,0xEC15C16C,0xECCE75E7,0xC1776EC7,0xC6711C71,0x67115711
	.word 0x57C715D6,0x577D17C6,0xC57EC5CC,0x7E76CE5C,0x1CE77C6E,0x17CEE71E,0x777C770C,0x76117E0C

	.word 0x78CDDC76,0x157CC877,0x11E7716C,0xDCEE7175,0x77CE01EC,0x677CCEC0,0x167C0C11,0xC0617716
	.word 0x667C76DD,0x776C15D1,0xD7576CC7,0xD6611C56,0xD5CEEE15,0x1666CEE0,0x16617CEE,0x6CC6117C
	.word 0x677CC7DC,0x17DC75DC,0x11775155,0xEC15C56C,0xECCE75E7,0xC1775EC7,0xC6711C71,0x67116711
	.word 0x57C715D6,0x577D17C6,0xC67EC5CC,0x7E75CE5C,0x1CE77C5E,0x17CEE71E,0x777C770C,0x76107E0C
	.word 0x78CDDC76,0x167CC777,0x10E7755C,0xDCEE7076,0x77CE01EC,0x677CCEC0,0x167C0C11,0xC0617716
	.word 0x667C75DD,0x775C16D1,0xD7676CC7,0xD6611C66,0xD5CEEE16,0x1666CEE0,0x16607CEE,0x6CC6107C
	.word 0x577CC7DC,0x17DC75DC,0x11775515,0xEC15C16C,0xECCE75E7,0xC1775EC7,0xC5711C71,0x67116711
	.word 0x67C715D6,0x577D17C6,0xC67EC6CC,0x7E76CE5C,0x0CE77C6E,0x17CEE70E,0x777C770C,0x76107E0C

	.word 0x677CC7DC,0x17DC75DC,0x11775156,0xEC15C56C,0xECCE75E7,0xC1775EC7,0xC6711C70,0x67116711
	.word 0x57C715D6,0x677D57C6,0xC57EC5CC,0x7E75CE5C,0x1CE77C6E,0x17CEE70E,0x777C770C,0x76117E0C
	.word 0x78CDDC75,0x167CC877,0x10E7716C,0xDCEE7176,0x77CE10EC,0x677CCEC0,0x167C0C11,0xC0617716
	.word 0x657C75DD,0x776C16D1,0xD7676CC7,0xD6611C66,0xD5CEEE16,0x1666CEE0,0x16607CEE,0x6CC6117C
	.word 0x577CC7DC,0x07DC75DC,0x11775155,0xEC16C16C,0xECCE75E7,0xC1776EC7,0xC6711C71,0x67116711
	.word 0x67C716D6,0x577D17C6,0xC67EC6CC,0x7E76CE5C,0x1CE77C1E,0x17CEE70E,0x777C771C,0x76107E0C
	.word 0x87CDDC76,0x167CC777,0x11E7755C,0xDCEE7175,0x77CE10EC,0x677CCEC0,0x157C0C11,0xC0617716
	.word 0x657C75DD,0x776C15D5,0xD7675CC7,0xD6611C56,0xD5CEEE15,0x1666CEE1,0x16617CEE,0x6CC5107C

	.word 0x577CC7DC,0x17DC75DC,0x11775155,0xEC15C56C,0xECCE75E7,0xC5776EC7,0xC6710C71,0x67016711
	.word 0x57C715D6,0x577D17C6,0xC57EC5CC,0x7E75CE5C,0x1CE77C5E,0x17CEE71E,0x777C770C,0x76117E0C
	.word 0x677CC7DC,0x17DC75DC,0x11775155,0xEC15C56C,0xECCE75E7,0xC5775EC7,0xC6711C71,0x67016710
	.word 0x57C715D6,0x677D17C6,0xC57EC5CC,0x7E75CE6C,0x1CE77C5E,0x17CEE70E,0x777C771C,0x76117E0C
	.word 0x78CDDC76,0x157CC777,0x11E7755C,0xDCEE7175,0x77CE10EC,0x677CCEC0,0x157C0C11,0xC1617716
	.word 0x667C76DD,0x775C15D1,0xD7676CC7,0xD5611C56,0xD6CEEE15,0x1566CEE0,0x16617CEE,0x6CC6117C
	.word 0x677CC7DC,0x17DC75DC,0x11775155,0xEC15C56C,0xECCE75E7,0xC5776EC7,0xC6710C71,0x67016711
	.word 0x57C715D6,0x677D17C6,0xC57EC5CC,0x7E75CE6C,0x1CE77C5E,0x17CEE70E,0x777C771C,0x76107E0C

	.word 0x667C75DD,0x775C16D1,0xD7676CC7,0xD5611C66,0xD6CEEE16,0x1666CEE0,0x16607CEE,0x6CC6107C
	.word 0x577CC7DC,0x17DC75DC,0x11775515,0xEC15C16C,0xECCE75E7,0xC1776EC7,0xC6711C71,0x67115711
	.word 0x57C715D6,0x577D17C6,0xC57EC5CC,0x7E75CE6C,0x1CE77C5E,0x07CEE70E,0x777C771C,0x76117E0C
	.word 0x577CC7DC,0x17DC75DC,0x11775156,0xEC15C55C,0xECCE76E7,0xC1775EC7,0xC6711C71,0x67116710
	.word 0x57C715D6,0x577D57C6,0xC57EC5CC,0x7E75CE6C,0x1CE77C5E,0x17CEE70E,0x777C771C,0x76117E0C
	.word 0x78CDDC76,0x167CC877,0x10E7716C,0xDCEE7176,0x77CE10EC,0x677CCEC0,0x167C0C11,0xC0617716
	.word 0x657C75DD,0x776C16D1,0xD7676CC7,0xD6611C66,0xD5CEEE16,0x1666CEE0,0x16607CEE,0x6CC6107C
	.word 0x577CC7DC,0x17DC75DC,0x11775155,0xEC15C56C,0xECCE75E7,0xC1775EC7,0xC6711C71,0x67116711

	.word 0x57C715D6,0x577D17C6,0xC57EC5CC,0x7E76CE5C,0x1CE77C6E,0x17CEE70E,0x777C770C,0x76117E0C
	.word 0x78CDDC76,0x167CC777,0x10E7715C,0xDCEE7175,0x77CE01EC,0x677CCEC0,0x167C0C11,0xC0617716
	.word 0x667C75DD,0x775C16D1,0xD7676CC7,0xD6611C66,0xD6CEEE16,0x1565CEE0,0x16607CEE,0x6CC6117C
	.word 0x577CC7DC,0x57DC75DC,0x11775155,0xEC15C56C,0xECCE75E7,0xC5775EC7,0xC6711C71,0x67016711
	.word 0x67C715D5,0x677D17C5,0xC67EC6CC,0x7E75CE5C,0x1CE77C5E,0x17CEE70E,0x777C771C,0x76107E0C
	.word 0x77CDDC76,0x557CC777,0x05E7755C,0xDCEE8076,0x77CE01EC,0x677CCEC0,0x157C0C11,0xC0617716
	.word 0x667C75DD,0x776C15D5,0xD7575CC7,0xD6611C56,0xD6CEEE15,0x1566CEE1,0x16617CEE,0x6CC6117C
	.word 0x677CC7DC,0x17DC75DC,0x11775155,0xEC15C56C,0xECCE75E7,0xC5775EC7,0xC6711C71,0x67016711

	.word 0x67C715D6,0x577D17C6,0xC57EC6CC,0x7E76CE5C,0x1CE77C5E,0x17CEE70E,0x777C771C,0x75117E0C
	.word 0x577CC7DC,0x17DC75DC,0x11775555,0xEC16C15C,0xECCE75E7,0xC5775EC7,0xC6711C71,0x67016711
	.word 0x57C715D6,0x577D17C6,0xC57EC6CC,0x7E76CE5C,0x1CE77C5E,0x17CEE71E,0x777C770C,0x76117E0C
	.word 0x667C75DD,0x776C16D1,0xD7576CC7,0xD5611C66,0xD6CEEE16,0x1566CEE0,0x16607CEE,0x6CC6117C
	.word 0x677CC7DC,0x17DC75DC,0x11775515,0xEC15C16C,0xECCE75E7,0xC1775EC7,0xC6711C71,0x67115711
	.word 0x57C715D6,0x577D57C5,0xC57EC5CC,0x7E75CE5C,0x1CE77C6E,0x17CEE70E,0x777C770C,0x75117E0C
	.word 0x677CC7DC,0x17DC75DC,0x11775155,0xEC15C55C,0xECCE76E7,0xC5775EC7,0xC5711C71,0x67016701
	.word 0x577CC7DC,0x17DC75DC,0x11775155,0xEC15C56C,0xECCE75E7,0xC5775EC7,0xC6711C71,0x67016711

	.word 0x67C715D6,0x577D17C6,0xC67EC6CC,0x7E76CE5C,0x0CE77C1E,0x17CEE70E,0x777C771C,0x76107E0C
	.word 0x577CC7DC,0x17DC75DC,0x11775156,0xEC15C56C,0xECCE76E7,0xC1775EC7,0xC6711C70,0x67116711
	.word 0x57C715D6,0x577D57C6,0xC57EC5CC,0x7E75CE5C,0x1CE77C6E,0x17CEE70E,0x777C771C,0x76117E0C
	.word 0x78CDDC76,0x167CC877,0x10E7716C,0xDCEE7176,0x77CE01EC,0x677CCEC0,0x167C0C11,0xC0617716
	.word 0x657C75DD,0x775C16D1,0xD7676CC7,0xD5651C66,0xD6CEEE16,0x1566CEE0,0x16617CEE,0x6CC6107C
	.word 0x577CC7DC,0x17DC75DC,0x11775555,0xEC15C15C,0xECCE76E7,0xC5775EC7,0xC6711C71,0x67016711
	.word 0x667C76DD,0x776C15D1,0xD7576CC7,0xD6611C56,0xD6CEEE15,0x1565CEE0,0x16617CEE,0x6CC6117C
	.word 0x67C715D6,0x577D17C6,0xC67EC6CC,0x7E75CE5C,0x0CE77C1E,0x17CEE70E,0x777C771C,0x76107E0C

	.word 0x577CC7DC,0x17DC75DC,0x11775155,0xEC15C55C,0xECCE76E7,0xC1775EC7,0xC6711C70,0x67116711
	.word 0x667C75DD,0x776C16D1,0xD7676CC7,0xD5611C66,0xD6CEEE16,0x1665CEE0,0x16617CEE,0x6CC6107C
	.word 0x667C76DD,0x775C15D1,0xD7676CC7,0xD6611C56,0xD5CEEE15,0x1666CEE0,0x16617CEE,0x5CC5117C
	.word 0x677CC7DC,0x17DC75DC,0x11775155,0xEC15C16C,0xECCE76E7,0xC1775EC7,0xC5711C71,0x67116711
	.word 0x67C716D6,0x593D17C6,0xC57EC5CC,0x7E75CE6C,0x1CE77C5E,0x17CEE70E,0x777C770C,0x75107E0C
	.word 0x577CC9DC,0x17DC75DC,0x11775515,0xEC15C15C,0xECCE76E7,0xC1775EC7,0xC6711C71,0x67116711
	.word 0x57C755D6,0x697D57C5,0xC57EC5CC,0x7E75CE5C,0x1CE77C5E,0x17CEE70E,0x777C771C,0x76107E0C
	.word 0x657C75DD,0x776C16D1,0xD7676CC7,0xD6611C66,0xD6CEEE16,0x1565CEE0,0x16607CEE,0x6CC6117C

	.word 0x577CC7DC,0x17DC75DC,0x11775155,0xEC15C56C,0xECCE75E7,0xC1776EC7,0xC6710C71,0x67116711
	.word 0x57C715D6,0x677D57C6,0xC57EC5CC,0x7E75CE5C,0x1CE77C6E,0x17CEE70E,0x777C771C,0x76117E0C
	.word 0x577CC7DC,0x17DC75DC,0x11775155,0xEC15C56C,0xECCE75E7,0xC5775EC7,0xC6711C71,0x67016710
	.word 0x57C715D6,0x677D17C6,0xC57EC5CC,0x7E75CE5C,0x1CE77C5E,0x17CEE71E,0x777C770C,0x76107E0C
	.word 0x657C75DD,0x776C16D1,0xD7676CC7,0xD5611C66,0xD6CEEE16,0x1666CEE0,0x16607CEE,0x5CC6107C
	.word 0x577CC7DC,0x17DC75DC,0x11775115,0xEC15C15C,0xECCE76E7,0xC1775EC7,0xC6711C71,0x67116711
	.word 0x57C715D6,0x577D17C6,0xC67EC6CC,0x7E75CE5C,0x1CE77C5E,0x17CEE70E,0x777C770C,0x76117E0C
	.word 0x667C75DD,0x776C16D1,0xD7576CC7,0xD6611C66,0xD6CEEE16,0x1656CEE0,0x16607CEE,0x6CC6117C

	.word 0x577CC7DC,0x17DC75DC,0x11775155,0xEC15C56C,0xECCE75E7,0xC5775EC7,0xC6711C71,0x67016701
	.word 0x577CC7DC,0x17DC75DC,0x11775155,0xEC15C55C,0xECCE76E7,0xC1775EC7,0xC6711C71,0x67116710
	.word 0x57C715D6,0x677D17C6,0xC57EC5CC,0x7E75CE5C,0x1CE77C6E,0x17CEE70E,0x777C770C,0x76117E0C
	.word 0x78CDDC76,0x157CC777,0x11E7715C,0xDCEE7175,0x77CE01EC,0x677CCEC0,0x167C0C11,0xC0617716
	.word 0x667C76DD,0x776C16D1,0xD7675CC7,0xD6611C65,0xD5CEEE16,0x1665CEE0,0x16617CEE,0x6CC6107C
	.word 0x577CC7DC,0x17DC75DC,0x11775155,0xEC15C56C,0xECCE75E7,0xC1775EC7,0xC6711C71,0x67116710
	.word 0x17C715D6,0x677D17C6,0xC67EC6CC,0x7E75CE5C,0x1CE77C5E,0x17CEE70E,0x777C770C,0x75107E0C
	.word 0x577CC7DC,0x17DC75DC,0x11775516,0xEC15C16C,0xECCE75E7,0xC5775EC7,0xC5711C71,0x67016711

	.word 0x677CC7DC,0x17DC75DC,0x11775156,0xEC15C55C,0xECCE76E7,0xC1775EC7,0xC6711C70,0x67115711
	.word 0x667C75DD,0x776C16D1,0xD7676CC7,0xD5611C66,0xD6CEEE16,0x1666CEE0,0x16607CEE,0x6CC6107C
	.word 0x577CC7DC,0x17DC75DC,0x11775155,0xEC15C55C,0xECCE76E7,0xC5775EC7,0xC6711C71,0x67016701
	.word 0x57C715D6,0x577D17C5,0xC57EC5CC,0x7E75CE5C,0x1CE77C6E,0x17CEE71E,0x777C770C,0x76107E0C
	.word 0x577CC7DC,0x17DC75DC,0x11775155,0xEC15C56C,0xECCE75E7,0xC1775EC7,0xC6711C71,0x67116701
	.word 0x57C715D6,0x577D17C6,0xC57EC5CC,0x7E76CE5C,0x1CE77C6E,0x17CEE70E,0x777C770C,0x76107E0C
	.word 0x667C76DD,0x775C16D1,0xD7676CC7,0xD5611C66,0xD6CEEE16,0x1566CEE0,0x16617CEE,0x6CC6107C
	.word 0x78CDDC75,0x167CC877,0x10E7716C,0xDCEE7176,0x77CE10EC,0x677CCEC1,0x167C0C01,0xC0617716

	.word 0x667C75DD,0x776C16D1,0xD7676CC7,0xD5611C66,0xD6CEEE16,0x1566CEE0,0x16607CEE,0x6CC6117C
	.word 0x57C715D6,0x577D17C5,0xC57EC5CC,0x7E75CE6C,0x1CE77C5E,0x17CEE71E,0x777C770C,0x75117E0C
	.word 0x677CC7DC,0x17DC75DC,0x11775156,0xEC15C56C,0xECCE75E7,0xC1775EC7,0xC6711C71,0x67116711
	.word 0x577CC7DC,0x17DC75DC,0x11775515,0xEC15C16C,0xECCE75E7,0xC5775EC7,0xC6711C71,0x67016711
	.word 0x667C76DD,0x775C15D1,0xD7676CC7,0xD5611C56,0xD6CEEE15,0x1665CEE0,0x16617CEE,0x6CC6117C
	.word 0x667C76DD,0x776C15D1,0xD7576CC7,0xD6611C56,0xD5CEEE15,0x1666CEE0,0x16617CEE,0x6CC6107C
	.word 0x57C715D6,0x677D17C6,0xC57EC5CC,0x7E75CE5C,0x1CE77C6E,0x17CEE70E,0x777C770C,0x76107E0C
	.word 0x78CDDC76,0x157CC777,0x11E7715C,0xDCEE7175,0x77CE01EC,0x677CCEC0,0x157C0C11,0xC0617716

	.word 0x657C76DD,0x776C15D1,0xD7576CC7,0xD6611C66,0xD6CEEE15,0x1566CEE0,0x16607CEE,0x6CC6117C
	.word 0x577CC7DC,0x17DC75DC,0x11775155,0xEC15C16C,0xECCE75E7,0xC5775EC7,0xC6711C71,0x67016711
	.word 0x667C75DD,0x776C16D1,0xD7576CC7,0xD6611C66,0xD5CEEE16,0x1666CEE0,0x16607CEE,0x6CC6107C
	.word 0x577CC7DC,0x17DC75DC,0x11775515,0xEC15C16C,0xECCE75E7,0xC1775EC7,0xC6711C71,0x67116711
	.word 0x57C715D6,0x577D17C6,0xC67EC5CC,0x7E75CE6C,0x1CE77C5E,0x17CEE70E,0x777C771C,0x75117E0C
	.word 0x77CDDC76,0x157CC777,0x11E7755C,0xDCEE7175,0x77CE10EC,0x677CCEC1,0x157C0C01,0xC0617716
	.word 0x657C75DD,0x776C55D5,0xD7575CC7,0xD6611C65,0xD6CEEE15,0x1666CEE0,0x16607CEE,0x6CC6117C
	.word 0x66167166,0x16EC566C,0x6ECC16CC,0x6C011CCC,0x67716CCE,0x17776CE5,0x11C71101,0x111C1176

	.word 0x11115CE6,0x761717C0,0xC67711C1,0x11711161,0x5115E711,0x061EC601,0x116C7116,0x11C70166
	.word 0x766C6111,0x16CC116C,0x11C116CC,0x61C116EC,0xE11110EE,0xCE0161E0,0x01716171,0x71711171
	.word 0x657C6010,0x66676771,0xCE1167C1,0xC5166C11,0x11161117,0x01171111,0x11171111,0x11117111
	.word 0x11116CE6,0x761717C0,0xC67711C1,0x01711161,0x6106E711,0x061EC601,0x116C7116,0x11C71066
	.word 0x766C6111,0x16CC116C,0x11C116CC,0x61C116EC,0xE11110EE,0xCE0161E0,0x10716171,0x71711171
	.word 0x667C6110,0x56676771,0xCE1167C1,0xC6066C11,0x11161117,0x01171111,0x11171111,0x11117111
	.word 0x66167166,0x16EC666C,0x6ECC15CC,0x6C011CCC,0x67716CCE,0x17776CE6,0x11C71101,0x111C1176
	.word 0x11111CE6,0x761717C0,0xC67711C1,0x11711161,0x6116E711,0x061EC601,0x116C7116,0x11C70166

	.word 0x11115CE6,0x761717C0,0xC67711C1,0x01711161,0x6116E711,0x061EC601,0x116C7116,0x11C70166
	.word 0x667C6100,0x66676771,0xCE1167C1,0xC5166C11,0x11161117,0x01171111,0x11171111,0x11117111
	.word 0x66167166,0x16EC656C,0x6ECC16CC,0x6C011CCC,0x67716CCE,0x17776CE5,0x11C71101,0x111C1176
	.word 0x11111CE6,0x761717C0,0xC67711C1,0x11711161,0x6116E711,0x061EC601,0x115C7116,0x11C70166
	.word 0x766C5111,0x16CC116C,0x11C116CC,0x61C116EC,0xE11110EE,0xCE0161E0,0x10716171,0x71711171
	.word 0x667C6110,0x66676771,0xCE1167C1,0xC5066C11,0x11161117,0x01171111,0x11171111,0x11117111
	.word 0x66167166,0x16EC666C,0x6ECC16CC,0x6C011CCC,0x67716CCE,0x17776CE6,0x11C71101,0x111C1176
	.word 0x11105CE6,0x761717C0,0xC67711C1,0x11711161,0x6116E711,0x061EC601,0x116C7116,0x11C70166

	.word 0x66167166,0x16EC666C,0x6ECC16CC,0x6C010CCC,0x67716CCE,0x17776CE6,0x11C71101,0x111C1176
	.word 0x11105CE6,0x761717C0,0xC67711C1,0x11711161,0x6106E711,0x061EC601,0x116C7116,0x11C70166
	.word 0x766C6111,0x16CC116C,0x11C115CC,0x61C116EC,0xE11110EE,0xCE0161E0,0x10716171,0x71711171
	.word 0x667C6010,0x66676771,0xCE1167C1,0xC5166C11,0x11161117,0x01171111,0x11171111,0x11117111
	.word 0x11116CE6,0x761717C0,0xC67710C1,0x01711161,0x6116E711,0x061EC601,0x116C7116,0x11C70166
	.word 0x667C6110,0x56676771,0xCE1167C1,0xC5166C11,0x11161117,0x01171111,0x11171111,0x11117111
	.word 0x66167166,0x16EC666C,0x6ECC16CC,0x6C010CCC,0x67716CCE,0x17776CE5,0x11C71101,0x111C1176
	.word 0x65167166,0x16EC666C,0x6ECC16CC,0x6C011CCC,0x67716CCE,0x17776CE5,0x11C71101,0x111C1176

	.word 0x11115CE6,0x761717C0,0xC67710C1,0x01711161,0x6116E711,0x061EC601,0x116C7116,0x11C70166
	.word 0x11105CE6,0x761717C0,0xC67711C1,0x01711161,0x6116E711,0x061EC601,0x116C7116,0x11C70166
	.word 0x667C6100,0x66676771,0xCE1167C1,0xC5066C11,0x11161117,0x01171111,0x11171111,0x11117111
	.word 0x11105CE6,0x761717C0,0xC67711C1,0x11711161,0x6116E711,0x061EC601,0x106C7116,0x11C70166
	.word 0x657C6011,0x66676771,0xCE1167C1,0xC5066C11,0x11161107,0x01171111,0x11171111,0x11117111
	.word 0x66167166,0x16EC656C,0x1ECC16CC,0x6C101CCC,0x67716CCE,0x17776CE5,0x11C71101,0x111C1176
	.word 0x11116CE5,0x761717C0,0xC67711C1,0x01711161,0x6115E711,0x061EC601,0x116C7116,0x11C70166
	.word 0x667C6011,0x66676771,0xCE1167C1,0xC6066C11,0x11161117,0x11171111,0x11171111,0x11117111

	.word 0x66167166,0x16EC666C,0x6ECC16CC,0x6C011CCC,0x67716CCE,0x17776CE1,0x11C71011,0x111C1176
	.word 0x11115CE5,0x761717C0,0xC67711C1,0x11711161,0x5115E711,0x061EC601,0x116C7116,0x11C70166
	.word 0x11105CE6,0x761717C0,0xC67711C1,0x11711161,0x5116E711,0x061EC601,0x116C7116,0x11C70166
	.word 0x667C6011,0x66675771,0xCE1167C1,0xC5066C11,0x11161117,0x01171111,0x11171111,0x11117111
	.word 0x66167166,0x06EC666C,0x6ECC16CC,0x6C011CCC,0x67716CCE,0x17776CE5,0x11C71101,0x111C1176
	.word 0x11115CE6,0x751717C0,0xC67711C1,0x11711161,0x5116E711,0x061EC501,0x116C7116,0x11C70166
	.word 0x667C6011,0x66676771,0xCE1167C1,0xC5066C11,0x11161117,0x01171111,0x11171111,0x11117111
	.word 0x11116CE1,0x761717C0,0xC67711C1,0x11711161,0x6116E711,0x061EC501,0x116C7116,0x11C70166

	.word 0x66167166,0x16EC666C,0x6ECC16CC,0x6C011CCC,0x67716CCE,0x17776CE5,0x11C71101,0x111C1176
	.word 0x657C6011,0x66676771,0xCE1167C1,0xC5066C11,0x11161117,0x01171111,0x11171111,0x11117111
	.word 0x66167166,0x06EC666C,0x6ECC16CC,0x6C010CCC,0x67716CCE,0x17776CE6,0x11C71101,0x111C1176
	.word 0x11115CE6,0x761717C0,0xC67711C1,0x01711161,0x6115E711,0x061EC601,0x116C7116,0x11C70166
	.word 0x11115CE6,0x761717C0,0xC67711C1,0x11711161,0x6115E711,0x061EC601,0x116C7116,0x11C70166
	.word 0x11111CE6,0x761717C0,0xC67711C1,0x11711161,0x6116E711,0x061EC601,0x106C7116,0x11C70166
	.word 0x667C6011,0x66675771,0xCE1167C1,0xC5066C11,0x11161117,0x11171111,0x11171111,0x11117111
	.word 0x11116CE1,0x751717C1,0xC67711C1,0x11711161,0x6115E711,0x061EC601,0x116C7116,0x11C71166

	.word 0x11116CE6,0x761717C0,0xC67711C1,0x01711161,0x6115E711,0x061EC601,0x116C7116,0x11C70166
	.word 0x667C6011,0x66676771,0xCE1167C1,0xC6066C11,0x11161117,0x01171111,0x11171111,0x11117111
	.word 0x567C6110,0x66676771,0xCE1167C1,0xC6066C11,0x11161117,0x11171111,0x11171111,0x11117111
	.word 0x66167166,0x16EC666C,0x6ECC16CC,0x6C001CCC,0x67716CCE,0x17776CE1,0x11C71111,0x111C1176
	.word 0x11105CE6,0x761717C0,0xC67711C1,0x11711161,0x6106E711,0x061EC601,0x116C7116,0x11C71066
	.word 0x11116CE5,0x761717C0,0xC67711C1,0x11711161,0x5115E711,0x061EC611,0x116C7116,0x11C71066
	.word 0x11116CE6,0x761717C0,0xC67710C1,0x01711161,0x6106E711,0x061EC601,0x116C7116,0x11C71166
	.word 0x11115CE6,0x761717C0,0xC67710C1,0x11711161,0x6106E711,0x061EC601,0x116C7116,0x11C70166

	.word 0x11116CE1,0x761717C0,0xC67711C1,0x11711161,0x6106E711,0x061EC601,0x116C7116,0x11C70166
	.word 0x657C6011,0x66676771,0xCE1167C1,0xC6066C11,0x11161117,0x01171111,0x11171111,0x11117111
	.word 0x66167166,0x16EC666C,0x6ECC15CC,0x6C011CCC,0x67716CCE,0x17776CE5,0x11C71101,0x111C1176
	.word 0x11116CE1,0x761717C0,0xC67711C1,0x11711161,0x6116E711,0x061EC601,0x106C7116,0x11C70166
	.word 0x667C6110,0x66676771,0xCE1167C1,0xC5066C11,0x11161117,0x01171111,0x11171110,0x11117111
	.word 0x66157166,0x16EC666C,0x6ECC16CC,0x6C011CCC,0x67716CCE,0x17776CE5,0x11C71101,0x111C1176
	.word 0x667C6110,0x66676771,0xCE1167C1,0xC6066C11,0x11161117,0x01171111,0x11171111,0x11117111
	.word 0x66167166,0x16EC666C,0x1ECC16CC,0x6C101CCC,0x67716CCE,0x17776CE5,0x11C71101,0x111C1176

	.word 0x11111CE6,0x761717C1,0xC67711C1,0x01711161,0x6116E711,0x061EC601,0x116C7116,0x11C70166
	.word 0x756C6111,0x16CC116C,0x11C116CC,0x61C116EC,0xE11110EE,0xCE0161E0,0x10716171,0x71711171
	.word 0x11116CE1,0x761717C1,0xC67711C0,0x11711161,0x6106E711,0x061EC601,0x116C7116,0x11C70166
	.word 0x667C6010,0x66676771,0xCE1167C1,0xC5066C11,0x11161117,0x01171111,0x11171111,0x11117111
	.word 0x667C6111,0x66675771,0xCE1167C1,0xC5066C11,0x11161107,0x01171111,0x11171111,0x11117111
	.word 0x11116CE1,0x761717C0,0xC67711C1,0x11711161,0x5116E711,0x061EC501,0x116C7116,0x11C70166
	.word 0x11116CE1,0x761717C1,0xC67711C0,0x11711161,0x6116E711,0x061EC601,0x106C7116,0x11C70166
	.word 0x11116CE6,0x761717C0,0xC67711C1,0x11711161,0x6106E711,0x061EC601,0x116C7116,0x11C70166

	.word 0x11116CE6,0x761717C0,0xC67711C1,0x01711161,0x6116E711,0x061EC501,0x116C7116,0x11C70166
	.word 0x11115CE6,0x761717C0,0xC67711C1,0x01711161,0x6116E711,0x061EC501,0x116C7116,0x11C70166
	.word 0x667C6011,0x66676771,0xCE1167C1,0xC5066C11,0x11161117,0x11171111,0x11171111,0x11117111
	.word 0x66167166,0x06EC666C,0x6ECC16CC,0x6C011CCC,0x67716CCE,0x17776CE1,0x11C71011,0x111C1176
	.word 0x11116CE6,0x761717C0,0xC67711C1,0x11711161,0x6115E711,0x061EC601,0x106C7116,0x11C70166
	.word 0x667C6011,0x56676771,0xCE1167C1,0xC5066C11,0x11161117,0x01171111,0x11171111,0x11117111
	.word 0x66157166,0x16EC666C,0x6ECC16CC,0x6C011CCC,0x67715CCE,0x17776CE5,0x11C71101,0x111C1176
	.word 0x11116CE1,0x761717C0,0xC67711C1,0x01711161,0x6116E711,0x061EC511,0x116C7016,0x11C71166

	.word 0x657C6011,0x66676771,0xCE1167C1,0xC6066C11,0x11161107,0x01171111,0x11171111,0x11117111
	.word 0x66167166,0x16EC665C,0x1ECC16CC,0x6C101CCC,0x67716CCE,0x17776CE5,0x11C71101,0x111C1176
	.word 0x11116CE5,0x761717C0,0xC57711C1,0x11711161,0x6115E711,0x061EC601,0x116C7116,0x11C70166
	.word 0x11111CE6,0x761717C1,0xC67711C1,0x11711161,0x6116E711,0x061EC601,0x106C7116,0x11C70166
	.word 0x657C6110,0x66676771,0xCE1167C1,0xC5166C11,0x11161117,0x01171111,0x11171111,0x11117111
	.word 0x667C6110,0x66676771,0xCE1167C1,0xC5166C11,0x11161117,0x01171111,0x11171111,0x11117111
	.word 0x667C6100,0x66676771,0xCE1167C1,0xC6166C11,0x11161117,0x11171111,0x11171111,0x11117111
	.word 0x11611177,0x11666117,0x11777111,0x111C7717,0x711CCC17,0x77101C17,0x77711111,0x11111111

	.word 0x16611667,0x1666177C,0x176667CC,0x71771CC1,0x71771C11,0xC1111111,0x10111111,0x11111101
	.word 0x71111711,0x11111711,0x11117117,0xCCC71177,0x1011111C,0x16661611,0x76711661,0x77111111
	.word 0x17117117,0x77111C17,0x771160E1,0x7111661E,0x71117610,0x11111711,0x10111111,0x11111111
	.word 0x11611177,0x11666117,0x11777111,0x111C7717,0x711CCC17,0x77111C17,0x77711111,0x11111011
	.word 0x16611667,0x1666177C,0x176667CC,0x71771CC1,0x71771C11,0xC1111111,0x10111111,0x11111111
	.word 0x71111711,0x11111711,0x11117117,0xCCC71177,0x0101111C,0x16661611,0x76711661,0x77111111
	.word 0x17117117,0x77111C17,0x771160E1,0x7111661E,0x71117610,0x11111711,0x11111111,0x01111111
	.word 0x11611177,0x11666117,0x11777111,0x111C7717,0x711CCC17,0x77111C17,0x77711111,0x11111111

	.word 0x16611667,0x1666177C,0x176667CC,0x71771CC1,0x71771C11,0xC1111111,0x11111111,0x11101111
	.word 0x11611177,0x11666117,0x11777111,0x111C7717,0x701CCC17,0x77111C17,0x77711111,0x11111110
	.word 0x16611667,0x1666177C,0x176667CC,0x71771CC1,0x71771C11,0xC1111111,0x11101111,0x01111111
	.word 0x17117117,0x77111C07,0x771160E1,0x7111661E,0x71117610,0x11111711,0x10111111,0x11111111
	.word 0x16611667,0x1666177C,0x176667CC,0x71771CC1,0x71771C11,0xC1111111,0x11111111,0x10111111
	.word 0x17117117,0x77111C17,0x771160E1,0x7111661E,0x71117601,0x11111711,0x11111111,0x11111111
	.word 0x11611177,0x11666117,0x11777111,0x111C7717,0x711CCC17,0x77111C17,0x77711110,0x11101111
	.word 0x16611667,0x1666177C,0x176667CC,0x71771CC1,0x71771C11,0xC1111111,0x11111111,0x01111011

	.word 0x11611177,0x11666117,0x11777111,0x111C7717,0x711CCC17,0x77111C17,0x77711111,0x11110111
	.word 0x17117117,0x77111C17,0x771160E1,0x7111661E,0x71117610,0x11111711,0x11111111,0x11011111
	.word 0x16611667,0x1666177C,0x176667CC,0x71771CC1,0x71771C11,0xC1111111,0x11101111,0x11111111
	.word 0x71111711,0x01111711,0x11117117,0xCCC71177,0x0111111C,0x16661611,0x76711661,0x77111110
	.word 0x11611177,0x11666117,0x11777111,0x111C7717,0x711CCC17,0x77111C17,0x77701111,0x11111111
	.word 0x11611177,0x11666117,0x11777111,0x111C7717,0x711CCC17,0x77111C17,0x77711111,0x11101110
	.word 0x16611667,0x1666177C,0x176667CC,0x71771CC1,0x71771C11,0xC1111111,0x11011111,0x11111111
	.word 0x71111711,0x11111711,0x11117117,0xCCC71177,0x1011011C,0x16661611,0x76711661,0x77111111

	.word 0x17117117,0x77111C17,0x771160E1,0x7111661E,0x71117610,0x11111711,0x01111111,0x11111111
	.word 0x16611667,0x1666177C,0x176667CC,0x71771CC1,0x71771C11,0xC1111111,0x11111111,0x10111101
	.word 0x11611177,0x11666117,0x11777111,0x111C7717,0x711CCC17,0x77111C17,0x77711110,0x11111111
	.word 0x16611667,0x1666177C,0x176667CC,0x71771CC1,0x71771C11,0xC1111111,0x11111111,0x11111111
	.word 0x17117117,0x77111C17,0x771160E1,0x7111661E,0x71117610,0x11111711,0x11111111,0x11111111
	.word 0x71111711,0x11111711,0x11117117,0xCCC71177,0x0111111C,0x16661611,0x76711660,0x77111111
	.word 0x17117117,0x77111C17,0x771160E0,0x7111661E,0x71117611,0x11111711,0x11111111,0x10111111
	.word 0x11611177,0x11666117,0x11777111,0x111C7717,0x711CCC17,0x77111C17,0x77711111,0x11111110

	.word 0x16611667,0x1666177C,0x176667CC,0x71771CC1,0x71771C11,0xC1111111,0x11111111,0x11011111
	.word 0x17117117,0x77111C17,0x771160E1,0x7111661E,0x71117610,0x11111711,0x11111111,0x10111111
	.word 0x11611177,0x11666117,0x11777111,0x111C7717,0x711CCC17,0x77111C17,0x77710111,0x11111111
	.word 0x16611667,0x1666177C,0x176667CC,0x71771CC1,0x71771C11,0xC1111111,0x11110111,0x11111111
	.word 0x71111711,0x11111711,0x01117117,0xCCC71177,0x0111111C,0x16661611,0x76711660,0x77111111
	.word 0x11611177,0x11666117,0x11777111,0x111C7717,0x711CCC17,0x77111C17,0x77711111,0x11111101
	.word 0x16611667,0x1666177C,0x176667CC,0x71771CC1,0x71771C11,0xC1111111,0x11111111,0x11110111
	.word 0x71111711,0x11111711,0x11117117,0xCCC71177,0x1011111C,0x16661611,0x76711660,0x77111111

	.word 0x11611177,0x11666117,0x11777111,0x111C7717,0x711CCC17,0x77111C17,0x77711111,0x01111011
	.word 0x16611667,0x1666177C,0x176667CC,0x71771CC1,0x71771C11,0xC1111110,0x11101111,0x11111111
	.word 0x17117117,0x77111C17,0x771160E1,0x7111661E,0x71117601,0x11111711,0x11111111,0x10111111
	.word 0x71111711,0x11111711,0x01117117,0xCCC71177,0x0111111C,0x16661611,0x76711661,0x77111111
	.word 0x17117117,0x77111C17,0x771160E1,0x7111661E,0x71117601,0x11111711,0x01111111,0x11111111
	.word 0x71111711,0x11111711,0x11117117,0xCCC71177,0x0111111C,0x16661601,0x76711661,0x77111111
	.word 0x17117117,0x77111C17,0x771160E0,0x7111661E,0x71117611,0x11111711,0x11101111,0x11111111
	.word 0x17117117,0x77111C17,0x771160E1,0x7111661E,0x71117610,0x11111711,0x11111111,0x11101111

	.word 0x16611667,0x1666177C,0x176667CC,0x71771CC1,0x71771C11,0xC1111111,0x11111101,0x01111111
	.word 0x11611177,0x11666117,0x11777111,0x111C7717,0x711CCC17,0x77111C17,0x77711110,0x11110111
	.word 0x16611667,0x1666177C,0x176667CC,0x71771CC1,0x71771C11,0xC1111111,0x11111111,0x01111111
	.word 0x17117117,0x77111C17,0x771160E1,0x7111661E,0x71117601,0x11111711,0x10111111,0x11111111
	.word 0x11611177,0x11666117,0x11777111,0x111C7717,0x711CCC17,0x77111C17,0x77711111,0x01110111
	.word 0x71111711,0x11111711,0x11117117,0xCCC71177,0x0110111C,0x16661611,0x76711661,0x77111111
	.word 0x16611667,0x1666177C,0x176667CC,0x71771CC1,0x71771C11,0xC1111111,0x11011111,0x01111111
	.word 0x71111711,0x11111711,0x11117117,0xCCC71177,0x1010111C,0x16661611,0x76711661,0x77111111

	.word 0x16611667,0x1666177C,0x176667CC,0x71771CC1,0x71771C11,0xC1111111,0x10111111,0x11111110
	.word 0x16611667,0x1666177C,0x176667CC,0x71771CC1,0x71771C11,0xC1111111,0x11111111,0x11111101
	.word 0x71111711,0x11111711,0x01117117,0xCCC71177,0x0111111C,0x16661610,0x76711661,0x77111111
	.word 0x16611667,0x1666177C,0x176667CC,0x71771CC1,0x71771C11,0xC1111111,0x11111111,0x11011110
	.word 0x71111711,0x11111711,0x01117117,0xCCC71177,0x0111111C,0x16661611,0x76711661,0x77111110
	.word 0x11611177,0x11666117,0x11777111,0x111C7717,0x711CCC17,0x77111C17,0x77711111,0x11101111
	.word 0x16611667,0x1666177C,0x176667CC,0x71771CC1,0x71771C11,0xC1111111,0x11011101,0x11111111
	.word 0x17117117,0x77111C17,0x771160E1,0x7111661E,0x71117610,0x11111711,0x11011111,0x11111111

	.word 0x11611177,0x11666117,0x11777111,0x111C7717,0x711CCC17,0x77111C17,0x77711011,0x11111111
	.word 0x16611667,0x1666177C,0x176667CC,0x71771CC1,0x71771C11,0xC1111111,0x11111111,0x01110111
	.word 0x11611177,0x11666117,0x11777111,0x111C7717,0x711CCC17,0x77110C17,0x77711111,0x11111111
	.word 0x11611177,0x11666117,0x11777111,0x111C7717,0x701CCC17,0x77111C17,0x77711110,0x11111111
	.word 0x16611667,0x1666177C,0x176667CC,0x71771CC1,0x71771C11,0xC1111111,0x11111111,0x10111011

	.section .rodata
	.align	2
	.global country_bn_gfxMap		@ 14336 unsigned chars
	.hidden country_bn_gfxMap
country_bn_gfxMap:
	.hword 0x0000,0x0000,0x0000,0x0000,0x0000,0x0000,0x0000,0x0000
	.hword 0x0000,0x0000,0x0000,0x0000,0x0000,0x0000,0x0000,0x0000
	.hword 0x0000,0x0000,0x0000,0x0000,0x0000,0x0000,0x0000,0x0000
	.hword 0x0000,0x0000,0x0000,0x0000,0x0000,0x0000,0x0000,0x0000
	.hword 0x0000,0x0000,0x0000,0x0000,0x0000,0x0000,0x0000,0x0000
	.hword 0x0000,0x0000,0x0000,0x0000,0x0000,0x0000,0x0000,0x0000
	.hword 0x0000,0x0000,0x0000,0x0000,0x0000,0x0000,0x0000,0x0000
	.hword 0x0000,0x0000,0x0000,0x0000,0x0000,0x0000,0x0000,0x0000

	.hword 0x0000,0x0000,0x0000,0x0000,0x0000,0x0000,0x0000,0x0000
	.hword 0x0000,0x0000,0x0000,0x0000,0x0000,0x0000,0x0000,0x0000
	.hword 0x0000,0x0000,0x0000,0x0000,0x0000,0x0000,0x0000,0x0000
	.hword 0x0000,0x0000,0x0000,0x0000,0x0000,0x0000,0x0000,0x0000
	.hword 0x0000,0x0000,0x0000,0x0000,0x0000,0x0000,0x0000,0x0000
	.hword 0x0000,0x0000,0x0000,0x0000,0x0000,0x0000,0x0000,0x0000
	.hword 0x0000,0x0000,0x0000,0x0000,0x0000,0x0000,0x0000,0x0000
	.hword 0x0000,0x0000,0x0000,0x0000,0x0000,0x0000,0x0000,0x0000

	.hword 0x0000,0x0000,0x0000,0x0000,0x0000,0x0000,0x0000,0x0000
	.hword 0x0000,0x0000,0x0000,0x0000,0x0000,0x0000,0x0000,0x0000
	.hword 0x0000,0x0000,0x0000,0x0000,0x0000,0x0000,0x0000,0x0000
	.hword 0x0000,0x0000,0x0000,0x0000,0x0000,0x0000,0x0000,0x0000
	.hword 0x0000,0x0000,0x0000,0x0000,0x0000,0x0000,0x0000,0x0000
	.hword 0x0000,0x0000,0x0000,0x0000,0x0000,0x0000,0x0000,0x0000
	.hword 0x0000,0x0000,0x0000,0x0000,0x0000,0x0000,0x0000,0x0000
	.hword 0x0000,0x0000,0x0000,0x0000,0x0000,0x0000,0x0000,0x0000

	.hword 0x0000,0x0000,0x0000,0x0000,0x0000,0x0000,0x0000,0x0000
	.hword 0x0000,0x0000,0x0000,0x0000,0x0000,0x0000,0x0000,0x0000
	.hword 0x0000,0x0000,0x0000,0x0000,0x0000,0x0000,0x0000,0x0000
	.hword 0x0000,0x0000,0x0000,0x0000,0x0000,0x0000,0x0000,0x0000
	.hword 0x0000,0x0000,0x0000,0x0000,0x0000,0x0000,0x0000,0x0000
	.hword 0x0000,0x0000,0x0000,0x0000,0x0000,0x0000,0x0000,0x0000
	.hword 0x0000,0x0000,0x0000,0x0000,0x0000,0x0000,0x0000,0x0000
	.hword 0x0000,0x0000,0x0000,0x0000,0x0000,0x0000,0x0000,0x0000

	.hword 0x0000,0x0000,0x0000,0x0000,0x0000,0x0000,0x0000,0x0000
	.hword 0x0000,0x0000,0x0000,0x0000,0x0000,0x0000,0x0000,0x0000
	.hword 0x0000,0x0000,0x0000,0x0000,0x0000,0x0000,0x0000,0x0000
	.hword 0x0000,0x0000,0x0000,0x0000,0x0000,0x0000,0x0000,0x0000
	.hword 0x0000,0x0000,0x0000,0x0000,0x0000,0x0000,0x0000,0x0000
	.hword 0x0000,0x0000,0x0000,0x0000,0x0000,0x0000,0x0000,0x0000
	.hword 0x0000,0x0000,0x0000,0x0000,0x0000,0x0000,0x0000,0x0000
	.hword 0x0000,0x0000,0x0000,0x0000,0x0000,0x0000,0x0000,0x0000

	.hword 0x0000,0x0000,0x0000,0x0000,0x0000,0x0000,0x0000,0x0000
	.hword 0x0000,0x0000,0x0000,0x0000,0x0000,0x0000,0x0000,0x0000
	.hword 0x0000,0x0000,0x0000,0x0000,0x0000,0x0000,0x0000,0x0000
	.hword 0x0000,0x0000,0x0000,0x0000,0x0000,0x0000,0x0000,0x0000
	.hword 0x0000,0x0000,0x0000,0x0000,0x0000,0x0000,0x0000,0x0000
	.hword 0x0000,0x0000,0x0000,0x0000,0x0000,0x0000,0x0000,0x0000
	.hword 0x0000,0x0000,0x0000,0x0000,0x0000,0x0000,0x0000,0x0000
	.hword 0x0000,0x0000,0x0000,0x0000,0x0000,0x0000,0x0000,0x0000

	.hword 0x0000,0x0000,0x0000,0x0000,0x0000,0x0000,0x0000,0x0000
	.hword 0x0000,0x0000,0x0000,0x0000,0x0000,0x0000,0x0000,0x0000
	.hword 0x0000,0x0000,0x0000,0x0000,0x0000,0x0000,0x0000,0x0000
	.hword 0x0000,0x0000,0x0000,0x0000,0x0000,0x0000,0x0000,0x0000
	.hword 0x0000,0x0000,0x0000,0x0000,0x0000,0x0000,0x0000,0x0000
	.hword 0x0000,0x0000,0x0000,0x0000,0x0000,0x0000,0x0000,0x0000
	.hword 0x0000,0x0000,0x0000,0x0000,0x0000,0x0000,0x0000,0x0000
	.hword 0x0000,0x0000,0x0000,0x0000,0x0000,0x0000,0x0000,0x0000

	.hword 0x0000,0x0000,0x0000,0x0000,0x0000,0x0000,0x0000,0x0000
	.hword 0x0000,0x0000,0x0000,0x0000,0x0000,0x0000,0x0000,0x0000
	.hword 0x0000,0x0000,0x0000,0x0000,0x0000,0x0000,0x0000,0x0000
	.hword 0x0000,0x0000,0x0000,0x0000,0x0000,0x0000,0x0000,0x0000
	.hword 0x0000,0x0000,0x0000,0x0000,0x0000,0x0000,0x0000,0x0000
	.hword 0x0000,0x0000,0x0000,0x0000,0x0000,0x0000,0x0000,0x0000
	.hword 0x0000,0x0000,0x0000,0x0000,0x0000,0x0000,0x0000,0x0000
	.hword 0x0000,0x0000,0x0000,0x0000,0x0000,0x0000,0x0000,0x0000

	.hword 0x0000,0x0000,0x0000,0x0000,0x0000,0x0000,0x0000,0x0000
	.hword 0x0000,0x0000,0x0000,0x0000,0x0000,0x0000,0x0000,0x0000
	.hword 0x0000,0x0000,0x0000,0x0000,0x0000,0x0000,0x0000,0x0000
	.hword 0x0000,0x0000,0x0000,0x0000,0x0000,0x0000,0x0000,0x0000
	.hword 0x0000,0x0000,0x0000,0x0000,0x0000,0x0000,0x0000,0x0000
	.hword 0x0000,0x0000,0x0000,0x0000,0x0000,0x0000,0x0000,0x0000
	.hword 0x0000,0x0000,0x0000,0x0000,0x0000,0x0000,0x0000,0x0000
	.hword 0x0000,0x0000,0x0000,0x0000,0x0000,0x0000,0x0000,0x0000

	.hword 0x0000,0x0000,0x0000,0x0000,0x0000,0x0000,0x0000,0x0000
	.hword 0x0000,0x0000,0x0000,0x0000,0x0000,0x0000,0x0000,0x0000
	.hword 0x0000,0x0000,0x0000,0x0000,0x0000,0x0000,0x0000,0x0000
	.hword 0x0000,0x0000,0x0000,0x0000,0x0000,0x0000,0x0000,0x0000
	.hword 0x0000,0x0000,0x0000,0x0000,0x0000,0x0000,0x0000,0x0000
	.hword 0x0000,0x0000,0x0000,0x0000,0x0000,0x0000,0x0000,0x0000
	.hword 0x0000,0x0000,0x0000,0x0000,0x0000,0x0000,0x0000,0x0000
	.hword 0x0000,0x0000,0x0000,0x0000,0x0000,0x0000,0x0000,0x0000

	.hword 0x0000,0x0000,0x0000,0x0000,0x0000,0x0000,0x0000,0x0000
	.hword 0x0000,0x0000,0x0000,0x0000,0x0000,0x0000,0x0000,0x0000
	.hword 0x0000,0x0000,0x0000,0x0000,0x0000,0x0000,0x0000,0x0000
	.hword 0x0000,0x0000,0x0000,0x0000,0x0000,0x0000,0x0000,0x0000
	.hword 0x0000,0x0000,0x0000,0x0000,0x0000,0x0000,0x0000,0x0000
	.hword 0x0000,0x0000,0x0000,0x0000,0x0000,0x0000,0x0000,0x0000
	.hword 0x0000,0x0000,0x0000,0x0000,0x0000,0x0000,0x0000,0x0000
	.hword 0x0000,0x0000,0x0000,0x0000,0x0000,0x0000,0x0000,0x0000

	.hword 0x0000,0x0000,0x0000,0x0000,0x0000,0x0000,0x0000,0x0000
	.hword 0x0000,0x0000,0x0000,0x0000,0x0000,0x0000,0x0000,0x0000
	.hword 0x0000,0x0000,0x0000,0x0000,0x0000,0x0000,0x0000,0x0000
	.hword 0x0000,0x0000,0x0000,0x0000,0x0000,0x0000,0x0000,0x0000
	.hword 0x0000,0x0000,0x0000,0x0000,0x0000,0x0000,0x0000,0x0000
	.hword 0x0000,0x0000,0x0000,0x0000,0x0000,0x0000,0x0000,0x0000
	.hword 0x0000,0x0000,0x0000,0x0000,0x0000,0x0000,0x0000,0x0000
	.hword 0x0000,0x0000,0x0000,0x0000,0x0000,0x0000,0x0000,0x0000

	.hword 0x0000,0x0000,0x0000,0x0000,0x0000,0x0000,0x0000,0x0000
	.hword 0x0000,0x0000,0x0000,0x0000,0x0000,0x0000,0x0000,0x0000
	.hword 0x0000,0x0000,0x0000,0x0000,0x0000,0x0000,0x0000,0x0000
	.hword 0x0000,0x0000,0x0000,0x0000,0x0000,0x0000,0x0000,0x0000
	.hword 0x0000,0x0000,0x0000,0x0000,0x0000,0x0000,0x0000,0x0000
	.hword 0x0000,0x0000,0x0000,0x0000,0x0000,0x0000,0x0000,0x0000
	.hword 0x0000,0x0000,0x0000,0x0000,0x0000,0x0000,0x0000,0x0000
	.hword 0x0000,0x0000,0x0000,0x0000,0x0000,0x0000,0x0000,0x0000

	.hword 0x0000,0x0000,0x0000,0x0000,0x0000,0x0000,0x0000,0x0000
	.hword 0x0000,0x0000,0x0000,0x0000,0x0000,0x0000,0x0000,0x0000
	.hword 0x0000,0x0000,0x0000,0x0000,0x0000,0x0000,0x0000,0x0000
	.hword 0x0000,0x0000,0x0000,0x0000,0x0000,0x0000,0x0000,0x0000
	.hword 0x0000,0x0000,0x0000,0x0000,0x0000,0x0000,0x0000,0x0000
	.hword 0x0000,0x0000,0x0000,0x0000,0x0000,0x0000,0x0000,0x0000
	.hword 0x0000,0x0000,0x0000,0x0000,0x0000,0x0000,0x0000,0x0000
	.hword 0x0000,0x0000,0x0000,0x0000,0x0000,0x0000,0x0000,0x0000

	.hword 0x0000,0x0000,0x0000,0x0000,0x0000,0x0000,0x0000,0x0000
	.hword 0x0000,0x0000,0x0000,0x0000,0x0000,0x0000,0x0000,0x0000
	.hword 0x0000,0x0000,0x0000,0x0000,0x0000,0x0000,0x0000,0x0000
	.hword 0x0000,0x0000,0x0000,0x0000,0x0000,0x0000,0x0000,0x0000
	.hword 0x0000,0x0000,0x0000,0x0000,0x0000,0x0000,0x0000,0x0000
	.hword 0x0000,0x0000,0x0000,0x0000,0x0000,0x0000,0x0000,0x0000
	.hword 0x0000,0x0000,0x0000,0x0000,0x0000,0x0000,0x0000,0x0000
	.hword 0x0000,0x0000,0x0000,0x0000,0x0000,0x0000,0x0000,0x0000

	.hword 0x0000,0x0000,0x0000,0x0000,0x0000,0x0000,0x0000,0x0000
	.hword 0x0000,0x0000,0x0000,0x0000,0x0000,0x0000,0x0000,0x0000
	.hword 0x0000,0x0000,0x0000,0x0000,0x0000,0x0000,0x0000,0x0000
	.hword 0x0000,0x0000,0x0000,0x0000,0x0000,0x0000,0x0000,0x0000
	.hword 0x0000,0x0000,0x0000,0x0000,0x0000,0x0000,0x0000,0x0000
	.hword 0x0000,0x0000,0x0000,0x0000,0x0000,0x0000,0x0000,0x0000
	.hword 0x0000,0x0000,0x0000,0x0000,0x0000,0x0000,0x0000,0x0000
	.hword 0x0000,0x0000,0x0000,0x0000,0x0000,0x0000,0x0000,0x0000

	.hword 0x0000,0x0000,0x0000,0x0000,0x0000,0x0000,0x0000,0x0000
	.hword 0x0000,0x0000,0x0000,0x0000,0x0000,0x0000,0x0000,0x0000
	.hword 0x0000,0x0000,0x0000,0x0000,0x0000,0x0000,0x0000,0x0000
	.hword 0x0000,0x0000,0x0000,0x0000,0x0000,0x0000,0x0000,0x0000
	.hword 0x0000,0x0000,0x0000,0x0000,0x0000,0x0000,0x0000,0x0000
	.hword 0x0000,0x0000,0x0000,0x0000,0x0000,0x0000,0x0000,0x0000
	.hword 0x0000,0x0000,0x0000,0x0000,0x0000,0x0000,0x0000,0x0000
	.hword 0x0000,0x0000,0x0000,0x0000,0x0000,0x0000,0x0000,0x0000

	.hword 0x0000,0x0000,0x0000,0x0000,0x0000,0x0000,0x0000,0x0000
	.hword 0x0000,0x0000,0x0000,0x0000,0x0000,0x0000,0x0000,0x0000
	.hword 0x0000,0x0000,0x0000,0x0000,0x0000,0x0000,0x0000,0x0000
	.hword 0x0000,0x0000,0x0000,0x0000,0x0000,0x0000,0x0000,0x0000
	.hword 0x0000,0x0000,0x0000,0x0000,0x0000,0x0000,0x0000,0x0000
	.hword 0x0000,0x0000,0x0000,0x0000,0x0000,0x0000,0x0000,0x0000
	.hword 0x0000,0x0000,0x0000,0x0000,0x0000,0x0000,0x0000,0x0000
	.hword 0x0000,0x0000,0x0000,0x0000,0x0000,0x0000,0x0000,0x0000

	.hword 0x0000,0x0000,0x0000,0x0000,0x0000,0x0000,0x0000,0x0000
	.hword 0x0000,0x0000,0x0000,0x0000,0x0000,0x0000,0x0000,0x0000
	.hword 0x0000,0x0000,0x0000,0x0000,0x0000,0x0000,0x0000,0x0000
	.hword 0x0000,0x0000,0x0000,0x0000,0x0000,0x0000,0x0000,0x0000
	.hword 0x0000,0x0000,0x0000,0x0000,0x0000,0x0000,0x0000,0x0000
	.hword 0x0000,0x0000,0x0000,0x0000,0x0000,0x0000,0x0000,0x0000
	.hword 0x0000,0x0000,0x0000,0x0000,0x0000,0x0000,0x0000,0x0000
	.hword 0x0000,0x0000,0x0000,0x0000,0x0000,0x0000,0x0000,0x0000

	.hword 0x0000,0x0000,0x0000,0x0000,0x0000,0x0000,0x0000,0x0000
	.hword 0x0000,0x0000,0x0000,0x0000,0x0000,0x0000,0x0000,0x0000
	.hword 0x0000,0x0000,0x0000,0x0000,0x0000,0x0000,0x0000,0x0000
	.hword 0x0000,0x0000,0x0000,0x0000,0x0000,0x0000,0x0000,0x0000
	.hword 0x0000,0x0000,0x0000,0x0000,0x0000,0x0000,0x0000,0x0000
	.hword 0x0000,0x0000,0x0000,0x0000,0x0000,0x0000,0x0000,0x0000
	.hword 0x0000,0x0000,0x0000,0x0000,0x0000,0x0000,0x0000,0x0000
	.hword 0x0000,0x0000,0x0000,0x0000,0x0000,0x0000,0x0000,0x0000

	.hword 0x0000,0x0000,0x0000,0x0000,0x0000,0x0000,0x0000,0x0000
	.hword 0x0000,0x0000,0x0000,0x0000,0x0000,0x0000,0x0000,0x0000
	.hword 0x0000,0x0000,0x0000,0x0000,0x0000,0x0000,0x0000,0x0000
	.hword 0x0000,0x0000,0x0000,0x0000,0x0000,0x0000,0x0000,0x0000
	.hword 0x0000,0x0000,0x0000,0x0000,0x0000,0x0000,0x0000,0x0000
	.hword 0x0000,0x0000,0x0000,0x0000,0x0000,0x0000,0x0000,0x0000
	.hword 0x0000,0x0000,0x0000,0x0000,0x0000,0x0000,0x0000,0x0000
	.hword 0x0000,0x0000,0x0000,0x0000,0x0000,0x0000,0x0000,0x0000

	.hword 0x0000,0x0000,0x0000,0x0000,0x0000,0x0000,0x0000,0x0000
	.hword 0x0000,0x0000,0x0000,0x0000,0x0000,0x0000,0x0000,0x0000
	.hword 0x0000,0x0000,0x0000,0x0000,0x0000,0x0000,0x0000,0x0000
	.hword 0x0000,0x0000,0x0000,0x0000,0x0000,0x0000,0x0000,0x0000
	.hword 0x0000,0x0000,0x0000,0x0000,0x0000,0x0000,0x0000,0x0000
	.hword 0x0000,0x0000,0x0000,0x0000,0x0000,0x0000,0x0000,0x0000
	.hword 0x0000,0x0000,0x0000,0x0000,0x0000,0x0000,0x0000,0x0000
	.hword 0x0000,0x0000,0x0000,0x0000,0x0000,0x0000,0x0000,0x0000

	.hword 0x0000,0x0000,0x0000,0x0000,0x0000,0x0000,0x0000,0x0000
	.hword 0x0000,0x0000,0x0000,0x0000,0x0000,0x0000,0x0000,0x0000
	.hword 0x0000,0x0000,0x0000,0x0000,0x0000,0x0000,0x0000,0x0000
	.hword 0x0000,0x0000,0x0000,0x0000,0x0000,0x0000,0x0000,0x0000
	.hword 0x0000,0x0000,0x0000,0x0000,0x0000,0x0000,0x0000,0x0000
	.hword 0x0000,0x0000,0x0000,0x0000,0x0000,0x0000,0x0000,0x0000
	.hword 0x0000,0x0000,0x0000,0x0000,0x0000,0x0000,0x0000,0x0000
	.hword 0x0000,0x0000,0x0000,0x0000,0x0000,0x0000,0x0000,0x0000

	.hword 0x0000,0x0000,0x0000,0x0000,0x0000,0x0000,0x0000,0x0000
	.hword 0x0000,0x0000,0x0000,0x0000,0x0000,0x0000,0x0000,0x0000
	.hword 0x0000,0x0000,0x0000,0x0000,0x0000,0x0000,0x0000,0x0000
	.hword 0x0000,0x0000,0x0000,0x0000,0x0000,0x0000,0x0000,0x0000
	.hword 0x0000,0x0000,0x0000,0x0000,0x0000,0x0000,0x0000,0x0000
	.hword 0x0000,0x0000,0x0000,0x0000,0x0000,0x0000,0x0000,0x0000
	.hword 0x0000,0x0000,0x0000,0x0000,0x0000,0x0000,0x0000,0x0000
	.hword 0x0000,0x0000,0x0000,0x0000,0x0000,0x0000,0x0000,0x0000

	.hword 0x0000,0x0000,0x0000,0x0000,0x0000,0x0000,0x0000,0x0000
	.hword 0x0000,0x0000,0x0000,0x0000,0x0000,0x0000,0x0000,0x0000
	.hword 0x0000,0x0000,0x0000,0x0000,0x0000,0x0000,0x0000,0x0000
	.hword 0x0000,0x0000,0x0000,0x0000,0x0000,0x0000,0x0000,0x0000
	.hword 0x0000,0x0000,0x0000,0x0000,0x0000,0x0000,0x0000,0x0000
	.hword 0x0000,0x0000,0x0000,0x0000,0x0000,0x0000,0x0000,0x0000
	.hword 0x0000,0x0000,0x0000,0x0000,0x0000,0x0000,0x0000,0x0000
	.hword 0x0000,0x0000,0x0000,0x0000,0x0000,0x0000,0x0000,0x0000

	.hword 0x0000,0x0000,0x0000,0x0000,0x0000,0x0000,0x0000,0x0000
	.hword 0x0000,0x0000,0x0000,0x0000,0x0000,0x0000,0x0000,0x0000
	.hword 0x0000,0x0000,0x0000,0x0000,0x0000,0x0000,0x0000,0x0000
	.hword 0x0000,0x0000,0x0000,0x0000,0x0000,0x0000,0x0000,0x0000
	.hword 0x0000,0x0000,0x0000,0x0000,0x0000,0x0000,0x0000,0x0000
	.hword 0x0000,0x0000,0x0000,0x0000,0x0000,0x0000,0x0000,0x0000
	.hword 0x0000,0x0000,0x0000,0x0000,0x0000,0x0000,0x0000,0x0000
	.hword 0x0000,0x0000,0x0000,0x0000,0x0000,0x0000,0x0000,0x0000

	.hword 0x0000,0x0000,0x0000,0x0000,0x0000,0x0000,0x0000,0x0000
	.hword 0x0000,0x0000,0x0000,0x0000,0x0000,0x0000,0x0000,0x0000
	.hword 0x0000,0x0000,0x0000,0x0000,0x0000,0x0000,0x0000,0x0000
	.hword 0x0000,0x0000,0x0000,0x0000,0x0000,0x0000,0x0000,0x0000
	.hword 0x0000,0x0000,0x0000,0x0000,0x0000,0x0000,0x0000,0x0000
	.hword 0x0000,0x0000,0x0000,0x0000,0x0000,0x0000,0x0000,0x0000
	.hword 0x0000,0x0000,0x0000,0x0000,0x0000,0x0000,0x0000,0x0000
	.hword 0x0000,0x0000,0x0000,0x0000,0x0000,0x0000,0x0000,0x0000

	.hword 0x0000,0x0000,0x0000,0x0000,0x0000,0x0000,0x0000,0x0000
	.hword 0x0000,0x0000,0x0000,0x0000,0x0000,0x0000,0x0000,0x0000
	.hword 0x0000,0x0000,0x0000,0x0000,0x0000,0x0000,0x0000,0x0000
	.hword 0x0000,0x0000,0x0000,0x0000,0x0000,0x0000,0x0000,0x0000
	.hword 0x0000,0x0000,0x0000,0x0000,0x0000,0x0000,0x0000,0x0000
	.hword 0x0000,0x0000,0x0000,0x0000,0x0000,0x0000,0x0000,0x0000
	.hword 0x0000,0x0000,0x0000,0x0000,0x0000,0x0000,0x0000,0x0000
	.hword 0x0000,0x0000,0x0000,0x0000,0x0000,0x0000,0x0000,0x0000

	.hword 0x0000,0x0000,0x0000,0x0000,0x0000,0x0000,0x0000,0x0000
	.hword 0x0000,0x0000,0x0000,0x0000,0x0000,0x0000,0x0000,0x0000
	.hword 0x0000,0x0000,0x0000,0x0000,0x0000,0x0000,0x0000,0x0000
	.hword 0x0000,0x0000,0x0000,0x0000,0x0000,0x0000,0x0000,0x0000
	.hword 0x0000,0x0000,0x0000,0x0000,0x0000,0x0000,0x0000,0x0000
	.hword 0x0000,0x0000,0x0000,0x0000,0x0000,0x0000,0x0000,0x0000
	.hword 0x0000,0x0000,0x0000,0x0000,0x0000,0x0000,0x0000,0x0000
	.hword 0x0000,0x0000,0x0000,0x0000,0x0000,0x0000,0x0000,0x0000

	.hword 0x0000,0x0000,0x0000,0x0000,0x0000,0x0000,0x0000,0x0000
	.hword 0x0000,0x0000,0x0000,0x0000,0x0000,0x0000,0x0000,0x0000
	.hword 0x0000,0x0000,0x0000,0x0000,0x0000,0x0000,0x0000,0x0000
	.hword 0x0000,0x0000,0x0000,0x0000,0x0000,0x0000,0x0000,0x0000
	.hword 0x0000,0x0000,0x0000,0x0000,0x0000,0x0000,0x0000,0x0000
	.hword 0x0000,0x0000,0x0000,0x0000,0x0000,0x0000,0x0000,0x0000
	.hword 0x0000,0x0000,0x0000,0x0000,0x0000,0x0000,0x0000,0x0000
	.hword 0x0000,0x0000,0x0000,0x0000,0x0000,0x0000,0x0000,0x0000

	.hword 0x0000,0x0000,0x0000,0x0000,0x0000,0x0000,0x0000,0x0000
	.hword 0x0000,0x0000,0x0000,0x0000,0x0000,0x0000,0x0000,0x0000
	.hword 0x0000,0x0000,0x0000,0x0000,0x0000,0x0000,0x0000,0x0000
	.hword 0x0000,0x0000,0x0000,0x0000,0x0000,0x0000,0x0000,0x0000
	.hword 0x0000,0x0000,0x0000,0x0000,0x0000,0x0000,0x0000,0x0000
	.hword 0x0000,0x0000,0x0000,0x0000,0x0000,0x0000,0x0000,0x0000
	.hword 0x0000,0x0000,0x0000,0x0000,0x0000,0x0000,0x0000,0x0000
	.hword 0x0000,0x0000,0x0000,0x0000,0x0000,0x0000,0x0000,0x0000

	.hword 0x0000,0x0000,0x0000,0x0000,0x0000,0x0000,0x0000,0x0000
	.hword 0x0000,0x0000,0x0000,0x0000,0x0000,0x0000,0x0000,0x0000
	.hword 0x0000,0x0000,0x0000,0x0000,0x0000,0x0000,0x0000,0x0000
	.hword 0x0000,0x0000,0x0000,0x0000,0x0000,0x0000,0x0000,0x0000
	.hword 0x0000,0x0000,0x0000,0x0000,0x0000,0x0000,0x0000,0x0000
	.hword 0x0000,0x0000,0x0000,0x0000,0x0000,0x0000,0x0000,0x0000
	.hword 0x0000,0x0000,0x0000,0x0000,0x0000,0x0000,0x0000,0x0000
	.hword 0x0000,0x0000,0x0000,0x0000,0x0000,0x0000,0x0000,0x0000

	.hword 0x0000,0x0000,0x0000,0x0000,0x0000,0x0000,0x0000,0x0000
	.hword 0x0000,0x0000,0x0000,0x0000,0x0000,0x0000,0x0000,0x0000
	.hword 0x0000,0x0000,0x0000,0x0000,0x0000,0x0000,0x0000,0x0000
	.hword 0x0000,0x0000,0x0000,0x0000,0x0000,0x0000,0x0000,0x0000
	.hword 0x0000,0x0000,0x0000,0x0000,0x0000,0x0000,0x0000,0x0000
	.hword 0x0000,0x0000,0x0000,0x0000,0x0000,0x0000,0x0000,0x0000
	.hword 0x0000,0x0000,0x0000,0x0000,0x0000,0x0000,0x0000,0x0000
	.hword 0x0000,0x0000,0x0000,0x0000,0x0000,0x0000,0x0000,0x0000

	.hword 0x0000,0x0000,0x0000,0x0000,0x0000,0x0000,0x0000,0x0000
	.hword 0x0000,0x0000,0x0000,0x0000,0x0000,0x0000,0x0000,0x0000
	.hword 0x0000,0x0000,0x0000,0x0000,0x0000,0x0000,0x0000,0x0000
	.hword 0x0000,0x0000,0x0000,0x0000,0x0000,0x0000,0x0000,0x0000
	.hword 0x0000,0x0000,0x0000,0x0000,0x0000,0x0000,0x0000,0x0000
	.hword 0x0000,0x0000,0x0000,0x0000,0x0000,0x0000,0x0000,0x0000
	.hword 0x0000,0x0000,0x0000,0x0000,0x0000,0x0000,0x0000,0x0000
	.hword 0x0000,0x0000,0x0000,0x0000,0x0000,0x0000,0x0000,0x0000

	.hword 0x0000,0x0000,0x0000,0x0000,0x0000,0x0000,0x0000,0x0000
	.hword 0x0000,0x0000,0x0000,0x0000,0x0000,0x0000,0x0000,0x0000
	.hword 0x0000,0x0000,0x0000,0x0000,0x0000,0x0000,0x0000,0x0000
	.hword 0x0000,0x0000,0x0000,0x0000,0x0000,0x0000,0x0000,0x0000
	.hword 0x0000,0x0000,0x0000,0x0000,0x0000,0x0000,0x0000,0x0000
	.hword 0x0000,0x0000,0x0000,0x0000,0x0000,0x0000,0x0000,0x0000
	.hword 0x0000,0x0000,0x0000,0x0000,0x0000,0x0000,0x0000,0x0000
	.hword 0x0000,0x0000,0x0000,0x0000,0x0000,0x0000,0x0000,0x0000

	.hword 0x0000,0x0000,0x0000,0x0000,0x0000,0x0000,0x0000,0x0000
	.hword 0x0000,0x0000,0x0000,0x0000,0x0000,0x0000,0x0000,0x0000
	.hword 0x0000,0x0000,0x0000,0x0000,0x0000,0x0000,0x0000,0x0000
	.hword 0x0000,0x0000,0x0000,0x0000,0x0000,0x0000,0x0000,0x0000
	.hword 0x0000,0x0000,0x0000,0x0000,0x0000,0x0000,0x0000,0x0000
	.hword 0x0000,0x0000,0x0000,0x0000,0x0000,0x0000,0x0000,0x0000
	.hword 0x0000,0x0000,0x0000,0x0000,0x0000,0x0000,0x0000,0x0000
	.hword 0x0000,0x0000,0x0000,0x0000,0x0000,0x0000,0x0000,0x0000

	.hword 0x0000,0x0000,0x0000,0x0000,0x0000,0x0000,0x0000,0x0000
	.hword 0x0000,0x0000,0x0000,0x0000,0x0000,0x0000,0x0000,0x0000
	.hword 0x0000,0x0000,0x0000,0x0000,0x0000,0x0000,0x0000,0x0000
	.hword 0x0000,0x0000,0x0000,0x0000,0x0000,0x0000,0x0000,0x0000
	.hword 0x0000,0x0000,0x0000,0x0000,0x0000,0x0000,0x0000,0x0000
	.hword 0x0000,0x0000,0x0000,0x0000,0x0000,0x0000,0x0000,0x0000
	.hword 0x0000,0x0000,0x0000,0x0000,0x0000,0x0000,0x0000,0x0000
	.hword 0x0000,0x0000,0x0000,0x0000,0x0000,0x0000,0x0000,0x0000

	.hword 0x0000,0x0000,0x0000,0x0000,0x0000,0x0000,0x0000,0x0000
	.hword 0x0000,0x0000,0x0000,0x0000,0x0000,0x0000,0x0000,0x0000
	.hword 0x0000,0x0000,0x0000,0x0000,0x0000,0x0000,0x0000,0x0000
	.hword 0x0000,0x0000,0x0000,0x0000,0x0000,0x0000,0x0000,0x0000
	.hword 0x0000,0x0000,0x0000,0x0000,0x0000,0x0000,0x0000,0x0000
	.hword 0x0000,0x0000,0x0000,0x0000,0x0000,0x0000,0x0000,0x0000
	.hword 0x0000,0x0000,0x0000,0x0000,0x0000,0x0000,0x0000,0x0000
	.hword 0x0000,0x0000,0x0000,0x0000,0x0000,0x0000,0x0000,0x0000

	.hword 0x0000,0x0000,0x0000,0x0000,0x0000,0x0000,0x0000,0x0000
	.hword 0x0000,0x0000,0x0000,0x0000,0x0000,0x0000,0x0000,0x0000
	.hword 0x0000,0x0000,0x0000,0x0000,0x0000,0x0000,0x0000,0x0000
	.hword 0x0000,0x0000,0x0000,0x0000,0x0000,0x0000,0x0000,0x0000
	.hword 0x0000,0x0000,0x0000,0x0000,0x0000,0x0000,0x0000,0x0000
	.hword 0x0000,0x0000,0x0000,0x0000,0x0000,0x0000,0x0000,0x0000
	.hword 0x0000,0x0000,0x0000,0x0000,0x0000,0x0000,0x0000,0x0000
	.hword 0x0000,0x0000,0x0000,0x0000,0x0000,0x0000,0x0000,0x0000

	.hword 0x0000,0x0000,0x0000,0x0000,0x0000,0x0000,0x0000,0x0000
	.hword 0x0000,0x0000,0x0000,0x0000,0x0000,0x0000,0x0000,0x0000
	.hword 0x0000,0x0000,0x0000,0x0000,0x0000,0x0000,0x0000,0x0000
	.hword 0x0000,0x0000,0x0000,0x0000,0x0000,0x0000,0x0000,0x0000
	.hword 0x0000,0x0000,0x0000,0x0000,0x0000,0x0000,0x0000,0x0000
	.hword 0x0000,0x0000,0x0000,0x0000,0x0000,0x0000,0x0000,0x0000
	.hword 0x0000,0x0000,0x0000,0x0000,0x0000,0x0000,0x0000,0x0000
	.hword 0x0000,0x0000,0x0000,0x0000,0x0000,0x0000,0x0000,0x0000

	.hword 0x0000,0x0000,0x0000,0x0000,0x0000,0x0000,0x0000,0x0000
	.hword 0x0000,0x0000,0x0000,0x0000,0x0000,0x0000,0x0000,0x0000
	.hword 0x0000,0x0000,0x0000,0x0000,0x0000,0x0000,0x0000,0x0000
	.hword 0x0000,0x0000,0x0000,0x0000,0x0000,0x0000,0x0000,0x0000
	.hword 0x0000,0x0000,0x0000,0x0000,0x0000,0x0000,0x0000,0x0000
	.hword 0x0000,0x0000,0x0000,0x0000,0x0000,0x0000,0x0000,0x0000
	.hword 0x0000,0x0000,0x0000,0x0000,0x0000,0x0000,0x0000,0x0000
	.hword 0x0000,0x0000,0x0000,0x0000,0x0000,0x0000,0x0000,0x0000

	.hword 0x0000,0x0000,0x0000,0x0000,0x0000,0x0000,0x0000,0x0000
	.hword 0x0000,0x0000,0x0000,0x0000,0x0000,0x0000,0x0000,0x0000
	.hword 0x0000,0x0000,0x0000,0x0000,0x0000,0x0000,0x0000,0x0000
	.hword 0x0000,0x0000,0x0000,0x0000,0x0000,0x0000,0x0000,0x0000
	.hword 0x0000,0x0000,0x0000,0x0000,0x0000,0x0000,0x0000,0x0000
	.hword 0x0000,0x0000,0x0000,0x0000,0x0000,0x0000,0x0000,0x0000
	.hword 0x0000,0x0000,0x0000,0x0000,0x0000,0x0000,0x0000,0x0000
	.hword 0x0000,0x0000,0x0000,0x0000,0x0000,0x0000,0x0000,0x0000

	.hword 0x0000,0x0000,0x0000,0x0000,0x0000,0x0000,0x0000,0x0000
	.hword 0x0000,0x0000,0x0000,0x0000,0x0000,0x0000,0x0000,0x0000
	.hword 0x0000,0x0000,0x0000,0x0000,0x0000,0x0000,0x0000,0x0000
	.hword 0x0000,0x0000,0x0000,0x0000,0x0000,0x0000,0x0000,0x0000
	.hword 0x0000,0x0000,0x0000,0x0000,0x0000,0x0000,0x0000,0x0000
	.hword 0x0000,0x0000,0x0000,0x0000,0x0000,0x0000,0x0000,0x0000
	.hword 0x0000,0x0000,0x0000,0x0000,0x0000,0x0000,0x0000,0x0000
	.hword 0x0000,0x0000,0x0000,0x0000,0x0000,0x0000,0x0000,0x0000

	.hword 0x0000,0x0000,0x0000,0x0000,0x0000,0x0000,0x0000,0x0000
	.hword 0x0000,0x0000,0x0000,0x0000,0x0000,0x0000,0x0000,0x0000
	.hword 0x0000,0x0000,0x0000,0x0000,0x0000,0x0000,0x0000,0x0000
	.hword 0x0000,0x0000,0x0000,0x0000,0x0000,0x0000,0x0000,0x0000
	.hword 0x0000,0x0000,0x0000,0x0000,0x0000,0x0000,0x0000,0x0000
	.hword 0x0000,0x0000,0x0000,0x0000,0x0000,0x0000,0x0000,0x0000
	.hword 0x0000,0x0000,0x0000,0x0000,0x0000,0x0000,0x0000,0x0000
	.hword 0x0000,0x0000,0x0000,0x0000,0x0000,0x0000,0x0000,0x0000

	.hword 0x0000,0x0000,0x0000,0x0000,0x0000,0x0000,0x0000,0x0000
	.hword 0x0000,0x0000,0x0000,0x0000,0x0000,0x0000,0x0000,0x0000
	.hword 0x0000,0x0000,0x0000,0x0000,0x0000,0x0000,0x0000,0x0000
	.hword 0x0000,0x0000,0x0000,0x0000,0x0000,0x0000,0x0000,0x0000
	.hword 0x0000,0x0000,0x0000,0x0000,0x0000,0x0000,0x0000,0x0000
	.hword 0x0000,0x0000,0x0000,0x0000,0x0000,0x0000,0x0000,0x0000
	.hword 0x0000,0x0000,0x0000,0x0000,0x0000,0x0000,0x0000,0x0000
	.hword 0x0000,0x0000,0x0000,0x0000,0x0000,0x0000,0x0000,0x0000

	.hword 0x0000,0x0000,0x0000,0x0000,0x0000,0x0000,0x0000,0x0000
	.hword 0x0000,0x0000,0x0000,0x0000,0x0000,0x0000,0x0000,0x0000
	.hword 0x0000,0x0000,0x0000,0x0000,0x0000,0x0000,0x0000,0x0000
	.hword 0x0000,0x0000,0x0000,0x0000,0x0000,0x0000,0x0000,0x0000
	.hword 0x0000,0x0000,0x0000,0x0000,0x0000,0x0000,0x0000,0x0000
	.hword 0x0000,0x0000,0x0000,0x0000,0x0000,0x0000,0x0000,0x0000
	.hword 0x0000,0x0000,0x0000,0x0000,0x0000,0x0000,0x0000,0x0000
	.hword 0x0000,0x0000,0x0000,0x0000,0x0000,0x0000,0x0000,0x0000

	.hword 0x0000,0x0000,0x0000,0x0000,0x0000,0x0000,0x0000,0x0000
	.hword 0x0000,0x0000,0x0000,0x0000,0x0000,0x0000,0x0000,0x0000
	.hword 0x0000,0x0000,0x0000,0x0000,0x0000,0x0000,0x0000,0x0000
	.hword 0x0000,0x0000,0x0000,0x0000,0x0000,0x0000,0x0000,0x0000
	.hword 0x0000,0x0000,0x0000,0x0000,0x0000,0x0000,0x0000,0x0000
	.hword 0x0000,0x0000,0x0000,0x0000,0x0000,0x0000,0x0000,0x0000
	.hword 0x0000,0x0000,0x0000,0x0000,0x0000,0x0000,0x0000,0x0000
	.hword 0x0000,0x0000,0x0000,0x0000,0x0000,0x0000,0x0000,0x0000

	.hword 0x0000,0x0000,0x0000,0x0000,0x0000,0x0000,0x0000,0x0000
	.hword 0x0000,0x0000,0x0000,0x0000,0x0000,0x0000,0x0000,0x0000
	.hword 0x0000,0x0000,0x0000,0x0000,0x0000,0x0000,0x0000,0x0000
	.hword 0x0000,0x0000,0x0000,0x0000,0x0000,0x0000,0x0000,0x0000
	.hword 0x0000,0x0000,0x0000,0x0000,0x0000,0x0000,0x0000,0x0000
	.hword 0x0000,0x0000,0x0000,0x0000,0x0000,0x0000,0x0000,0x0000
	.hword 0x0000,0x0000,0x0000,0x0000,0x0000,0x0000,0x0000,0x0000
	.hword 0x0000,0x0000,0x0000,0x0000,0x0000,0x0000,0x0000,0x0000

	.hword 0x0000,0x0000,0x0000,0x0000,0x0000,0x0000,0x0000,0x0000
	.hword 0x0000,0x0000,0x0000,0x0000,0x0000,0x0000,0x0000,0x0000
	.hword 0x0000,0x0000,0x0000,0x0000,0x0000,0x0000,0x0000,0x0000
	.hword 0x0000,0x0000,0x0000,0x0000,0x0000,0x0000,0x0000,0x0000
	.hword 0x0000,0x0000,0x0000,0x0000,0x0000,0x0000,0x0000,0x0000
	.hword 0x0000,0x0000,0x0000,0x0000,0x0000,0x0000,0x0000,0x0000
	.hword 0x0000,0x0000,0x0000,0x0000,0x0000,0x0000,0x0000,0x0000
	.hword 0x0000,0x0000,0x0000,0x0000,0x0000,0x0000,0x0000,0x0000

	.hword 0x0000,0x0000,0x0000,0x0000,0x0000,0x0000,0x0000,0x0000
	.hword 0x0001,0x0002,0x0003,0x0004,0x0000,0x0000,0x0000,0x0000
	.hword 0x0000,0x0000,0x0000,0x0000,0x0000,0x0000,0x0000,0x0000
	.hword 0x0000,0x0000,0x0000,0x0000,0x0000,0x0000,0x0000,0x0000
	.hword 0x0000,0x0000,0x0000,0x0000,0x0001,0x0002,0x0003,0x0004
	.hword 0x0000,0x0000,0x0000,0x0000,0x0000,0x0000,0x0000,0x0000
	.hword 0x0000,0x0000,0x0000,0x0000,0x0000,0x0000,0x0000,0x0000
	.hword 0x0000,0x0000,0x0001,0x0002,0x0003,0x0004,0x0000,0x0000

	.hword 0x0000,0x0000,0x0000,0x0000,0x0000,0x0000,0x0000,0x0000
	.hword 0x0000,0x0000,0x0000,0x0000,0x0000,0x0000,0x0000,0x0000
	.hword 0x0000,0x0000,0x0001,0x0002,0x0003,0x0004,0x0000,0x0000
	.hword 0x0000,0x0000,0x0000,0x0000,0x0000,0x0000,0x0000,0x0000
	.hword 0x0000,0x0000,0x0000,0x0000,0x0000,0x0000,0x0000,0x0000
	.hword 0x0000,0x0000,0x0000,0x0000,0x0000,0x0000,0x0000,0x0000
	.hword 0x0000,0x0000,0x0000,0x0000,0x0000,0x0000,0x0000,0x0000
	.hword 0x0001,0x0002,0x0003,0x0004,0x0000,0x0000,0x0000,0x0000

	.hword 0x0000,0x0000,0x0000,0x0000,0x0000,0x0000,0x0000,0x0000
	.hword 0x0001,0x0002,0x0003,0x0004,0x0000,0x0000,0x0000,0x0000
	.hword 0x0000,0x0000,0x0000,0x0000,0x0000,0x0000,0x0000,0x0000
	.hword 0x0000,0x0000,0x0000,0x0000,0x0000,0x0000,0x0000,0x0000
	.hword 0x0000,0x0000,0x0000,0x0000,0x0000,0x0000,0x0000,0x0000
	.hword 0x0000,0x0000,0x0000,0x0000,0x0000,0x0000,0x0000,0x0000
	.hword 0x0000,0x0000,0x0000,0x0000,0x0000,0x0000,0x0000,0x0000
	.hword 0x0001,0x0002,0x0003,0x0004,0x0000,0x0000,0x0000,0x0000

	.hword 0x0000,0x0000,0x0000,0x0000,0x0000,0x0000,0x0000,0x0000
	.hword 0x0001,0x0002,0x0003,0x0004,0x0000,0x0000,0x0000,0x0000
	.hword 0x0000,0x0000,0x0000,0x0000,0x0000,0x0000,0x0001,0x0002
	.hword 0x0003,0x0004,0x0000,0x0000,0x0000,0x0000,0x0000,0x0000
	.hword 0x0000,0x0000,0x0000,0x0000,0x0000,0x0000,0x0005,0x0006
	.hword 0x0007,0x0008,0x0009,0x000A,0x000B,0x0000,0x0000,0x0000
	.hword 0x0000,0x0000,0x0000,0x0000,0x0000,0x0000,0x0000,0x0000
	.hword 0x0000,0x0000,0x0000,0x0000,0x0000,0x0000,0x0000,0x0000

	.hword 0x0000,0x0000,0x0005,0x0006,0x0007,0x0008,0x0009,0x000A
	.hword 0x000B,0x0000,0x0000,0x0000,0x0000,0x0000,0x0000,0x0000
	.hword 0x0000,0x0000,0x0000,0x0000,0x0000,0x0000,0x0000,0x0000
	.hword 0x0005,0x0006,0x0007,0x0008,0x0009,0x000A,0x000B,0x0000
	.hword 0x0000,0x0000,0x0000,0x0000,0x0000,0x0000,0x0000,0x0000
	.hword 0x0000,0x0000,0x0000,0x0000,0x0000,0x0000,0x0000,0x0000
	.hword 0x0005,0x0006,0x0007,0x0008,0x0009,0x000A,0x000B,0x0000
	.hword 0x0000,0x0000,0x0000,0x0000,0x0000,0x0000,0x0000,0x0000

	.hword 0x0000,0x0000,0x0000,0x0000,0x0000,0x0000,0x0000,0x0000
	.hword 0x0000,0x0000,0x0000,0x0000,0x0000,0x0000,0x0000,0x0000
	.hword 0x0000,0x0000,0x0000,0x0000,0x0000,0x0000,0x0005,0x0006
	.hword 0x0007,0x0008,0x0009,0x000A,0x000B,0x0000,0x0000,0x0000
	.hword 0x0000,0x0000,0x0000,0x0000,0x0000,0x0000,0x0005,0x0006
	.hword 0x0007,0x0008,0x0009,0x000A,0x000B,0x0000,0x0000,0x0000
	.hword 0x0000,0x0000,0x0000,0x0000,0x0000,0x0000,0x0000,0x0000
	.hword 0x0000,0x0000,0x0000,0x0000,0x0000,0x0000,0x0000,0x0000

	.hword 0x0000,0x0000,0x0000,0x0000,0x000C,0x000D,0x000E,0x000F
	.hword 0x0000,0x0000,0x0000,0x0000,0x0000,0x0000,0x0000,0x0000
	.hword 0x0000,0x0000,0x0000,0x0000,0x0000,0x0000,0x0005,0x0006
	.hword 0x0007,0x0008,0x0009,0x000A,0x000B,0x0000,0x0000,0x0000
	.hword 0x0000,0x0000,0x0000,0x0000,0x0000,0x0000,0x0005,0x0006
	.hword 0x0007,0x0008,0x0009,0x000A,0x000B,0x0000,0x0000,0x0000
	.hword 0x0000,0x0000,0x0000,0x0000,0x0005,0x0006,0x0007,0x0008
	.hword 0x0009,0x000A,0x000B,0x0000,0x0000,0x0000,0x0000,0x0000

	.hword 0x0000,0x0000,0x0000,0x0000,0x0000,0x0010,0x0011,0x0012
	.hword 0x0013,0x0014,0x0015,0x0016,0x0017,0x0018,0x0000,0x0000
	.hword 0x0000,0x0000,0x0000,0x0000,0x0000,0x0000,0x0000,0x0000
	.hword 0x0000,0x0000,0x0000,0x0000,0x0000,0x0000,0x0000,0x0000
	.hword 0x0000,0x0010,0x0011,0x0012,0x0013,0x0014,0x0015,0x0016
	.hword 0x0017,0x0018,0x0000,0x0000,0x0000,0x0000,0x0000,0x0000
	.hword 0x0000,0x0000,0x0000,0x0000,0x0000,0x0000,0x0000,0x0010
	.hword 0x0011,0x0012,0x0013,0x0014,0x0015,0x0016,0x0017,0x0018

	.hword 0x0000,0x0000,0x0000,0x0000,0x0000,0x0000,0x0000,0x0000
	.hword 0x0000,0x0000,0x0000,0x0000,0x0000,0x0000,0x0000,0x0010
	.hword 0x0011,0x0012,0x0013,0x0014,0x0015,0x0016,0x0017,0x0018
	.hword 0x0000,0x0000,0x0000,0x0000,0x0000,0x0000,0x0000,0x0000
	.hword 0x0000,0x0000,0x0000,0x0000,0x0000,0x0000,0x0000,0x0000
	.hword 0x0000,0x0000,0x0000,0x0000,0x0000,0x0000,0x0000,0x0000
	.hword 0x0000,0x0000,0x0000,0x0000,0x0000,0x0010,0x0011,0x0012
	.hword 0x0013,0x0014,0x0015,0x0016,0x0017,0x0018,0x0000,0x0000

	.hword 0x0000,0x0000,0x0000,0x0000,0x0000,0x0010,0x0011,0x0012
	.hword 0x0013,0x0014,0x0015,0x0016,0x0017,0x0018,0x0000,0x0000
	.hword 0x0000,0x0000,0x0000,0x0000,0x0000,0x0000,0x0000,0x0000
	.hword 0x0000,0x0000,0x0000,0x0000,0x0000,0x0000,0x0000,0x0000
	.hword 0x0000,0x0000,0x0000,0x0000,0x0019,0x001A,0x001B,0x001C
	.hword 0x0000,0x0000,0x0000,0x0000,0x0000,0x0000,0x0000,0x0000
	.hword 0x0000,0x0000,0x0000,0x0000,0x0000,0x0010,0x0011,0x0012
	.hword 0x0013,0x0014,0x0015,0x0016,0x0017,0x0018,0x0000,0x0000

	.hword 0x0000,0x0000,0x0000,0x0000,0x0000,0x0010,0x0011,0x0012
	.hword 0x0013,0x0014,0x0015,0x0016,0x0017,0x0018,0x0000,0x0000
	.hword 0x0000,0x0000,0x0000,0x0010,0x0011,0x0012,0x0013,0x0014
	.hword 0x0015,0x0016,0x0017,0x0018,0x0000,0x0000,0x0000,0x0000
	.hword 0x0000,0x0000,0x0000,0x0000,0x001D,0x001E,0x001F,0x0020
	.hword 0x0021,0x0022,0x0023,0x0024,0x0025,0x0026,0x0027,0x0000
	.hword 0x0000,0x0000,0x0000,0x0000,0x0000,0x0000,0x0000,0x0000
	.hword 0x0000,0x0000,0x0000,0x0000,0x0000,0x0000,0x0000,0x0000

	.hword 0x001D,0x001E,0x001F,0x0020,0x0021,0x0022,0x0023,0x0024
	.hword 0x0025,0x0026,0x0027,0x0000,0x0000,0x0000,0x0000,0x0000
	.hword 0x0000,0x0000,0x0000,0x0000,0x0000,0x0000,0x001D,0x001E
	.hword 0x001F,0x0020,0x0021,0x0022,0x0023,0x0024,0x0025,0x0026
	.hword 0x0027,0x0000,0x0000,0x0000,0x0000,0x0000,0x0000,0x0000
	.hword 0x0000,0x0000,0x0000,0x0000,0x0000,0x0000,0x001D,0x001E
	.hword 0x001F,0x0020,0x0021,0x0022,0x0023,0x0024,0x0025,0x0026
	.hword 0x0027,0x0000,0x0000,0x0000,0x0000,0x0000,0x0000,0x0000

	.hword 0x0000,0x0000,0x0000,0x0000,0x0000,0x0000,0x0000,0x0000
	.hword 0x0000,0x0000,0x0000,0x0000,0x0000,0x0000,0x0000,0x0000
	.hword 0x0000,0x0000,0x0000,0x0000,0x001D,0x001E,0x001F,0x0020
	.hword 0x0021,0x0022,0x0023,0x0024,0x0025,0x0026,0x0027,0x0000
	.hword 0x0000,0x0000,0x0000,0x0000,0x001D,0x001E,0x001F,0x0020
	.hword 0x0021,0x0022,0x0023,0x0024,0x0025,0x0026,0x0027,0x0000
	.hword 0x0000,0x0000,0x0000,0x0000,0x0000,0x0000,0x0000,0x0000
	.hword 0x0000,0x0000,0x0000,0x0000,0x0000,0x0000,0x0000,0x0000

	.hword 0x0000,0x0000,0x0000,0x0028,0x0029,0x002A,0x002B,0x002C
	.hword 0x0000,0x0000,0x0000,0x0000,0x0000,0x0000,0x0000,0x0000
	.hword 0x0000,0x0000,0x0000,0x0000,0x001D,0x001E,0x001F,0x0020
	.hword 0x0021,0x0022,0x0023,0x0024,0x0025,0x0026,0x0027,0x0000
	.hword 0x0000,0x0000,0x0000,0x0000,0x001D,0x001E,0x001F,0x0020
	.hword 0x0021,0x0022,0x0023,0x0024,0x0025,0x0026,0x0027,0x0000
	.hword 0x0000,0x0000,0x001D,0x001E,0x001F,0x0020,0x0021,0x0022
	.hword 0x0023,0x0024,0x0025,0x0026,0x0027,0x0000,0x0000,0x0000

	.hword 0x0000,0x0000,0x0000,0x002D,0x002E,0x002F,0x0030,0x0031
	.hword 0x0032,0x0033,0x0034,0x0035,0x0036,0x0037,0x0038,0x0000
	.hword 0x0000,0x0000,0x0000,0x0000,0x0000,0x0000,0x0000,0x0000
	.hword 0x0000,0x0000,0x0000,0x0000,0x0000,0x0000,0x0000,0x002D
	.hword 0x002E,0x002F,0x0030,0x0031,0x0032,0x0033,0x0034,0x0035
	.hword 0x0036,0x0037,0x0038,0x0000,0x0000,0x0000,0x0000,0x0000
	.hword 0x0000,0x0000,0x0000,0x0000,0x0000,0x002D,0x002E,0x002F
	.hword 0x0030,0x0031,0x0032,0x0033,0x0034,0x0035,0x0036,0x0037

	.hword 0x0038,0x0000,0x0000,0x0000,0x0000,0x0000,0x0000,0x0000
	.hword 0x0000,0x0000,0x0000,0x0000,0x0000,0x002D,0x002E,0x002F
	.hword 0x0030,0x0031,0x0032,0x0033,0x0034,0x0035,0x0036,0x0037
	.hword 0x0038,0x0000,0x0000,0x0000,0x0000,0x0000,0x0000,0x0000
	.hword 0x0000,0x0000,0x0000,0x0000,0x0000,0x0000,0x0000,0x0000
	.hword 0x0000,0x0000,0x0000,0x0000,0x0000,0x0000,0x0000,0x0000
	.hword 0x0000,0x0000,0x0000,0x002D,0x002E,0x002F,0x0030,0x0031
	.hword 0x0032,0x0033,0x0034,0x0035,0x0036,0x0037,0x0038,0x0000

	.hword 0x0000,0x0000,0x0000,0x002D,0x002E,0x002F,0x0030,0x0031
	.hword 0x0032,0x0033,0x0034,0x0035,0x0036,0x0037,0x0038,0x0000
	.hword 0x0000,0x0000,0x0000,0x0000,0x0000,0x0000,0x0000,0x0000
	.hword 0x0000,0x0000,0x0000,0x0000,0x0000,0x0000,0x0000,0x0000
	.hword 0x0000,0x0000,0x0000,0x0000,0x0039,0x003A,0x003B,0x003C
	.hword 0x0000,0x0000,0x0000,0x0000,0x0000,0x0000,0x0000,0x0000
	.hword 0x0000,0x0000,0x0000,0x002D,0x002E,0x002F,0x0030,0x0031
	.hword 0x0032,0x0033,0x0034,0x0035,0x0036,0x0037,0x0038,0x0000

	.hword 0x0000,0x0000,0x0000,0x002D,0x002E,0x002F,0x0030,0x0031
	.hword 0x0032,0x0033,0x0034,0x0035,0x0036,0x0037,0x0038,0x0000
	.hword 0x0000,0x002D,0x002E,0x002F,0x0030,0x0031,0x0032,0x0033
	.hword 0x0034,0x0035,0x0036,0x0037,0x0038,0x0000,0x0000,0x0000
	.hword 0x0000,0x0000,0x0000,0x003D,0x003E,0x003F,0x0040,0x0041
	.hword 0x0042,0x0043,0x0044,0x0045,0x0046,0x0047,0x0048,0x0049
	.hword 0x0000,0x0000,0x0000,0x0000,0x0000,0x0000,0x0000,0x0000
	.hword 0x0000,0x0000,0x0000,0x0000,0x0000,0x0000,0x0000,0x003D

	.hword 0x003E,0x003F,0x0040,0x0041,0x0042,0x0043,0x0044,0x0045
	.hword 0x0046,0x0047,0x0048,0x0049,0x0000,0x0000,0x0000,0x0000
	.hword 0x0000,0x0000,0x0000,0x0000,0x0000,0x003D,0x003E,0x003F
	.hword 0x0040,0x0041,0x0042,0x0043,0x0044,0x0045,0x0046,0x0047
	.hword 0x0048,0x0049,0x0000,0x0000,0x0000,0x0000,0x0000,0x0000
	.hword 0x0000,0x0000,0x0000,0x0000,0x0000,0x003D,0x003E,0x003F
	.hword 0x0040,0x0041,0x0042,0x0043,0x0044,0x0045,0x0046,0x0047
	.hword 0x0048,0x0049,0x0000,0x0000,0x0000,0x0000,0x0000,0x0000

	.hword 0x0000,0x0000,0x0000,0x0000,0x0000,0x0000,0x0000,0x0000
	.hword 0x0000,0x0000,0x0000,0x0000,0x0000,0x0000,0x0000,0x0000
	.hword 0x0000,0x0000,0x0000,0x003D,0x003E,0x003F,0x0040,0x0041
	.hword 0x0042,0x0043,0x0044,0x0045,0x0046,0x0047,0x0048,0x0049
	.hword 0x0000,0x0000,0x0000,0x003D,0x003E,0x003F,0x0040,0x0041
	.hword 0x0042,0x0043,0x0044,0x0045,0x0046,0x0047,0x0048,0x0049
	.hword 0x0000,0x0000,0x0000,0x0000,0x0000,0x0000,0x0000,0x0000
	.hword 0x0000,0x0000,0x0000,0x0000,0x0000,0x0000,0x0000,0x0000

	.hword 0x0000,0x0000,0x0000,0x0000,0x004A,0x004B,0x004C,0x004D
	.hword 0x0000,0x0000,0x0000,0x0000,0x0000,0x0000,0x0000,0x0000
	.hword 0x0000,0x0000,0x0000,0x003D,0x003E,0x003F,0x0040,0x0041
	.hword 0x0042,0x0043,0x0044,0x0045,0x0046,0x0047,0x0048,0x0049
	.hword 0x0000,0x0000,0x0000,0x003D,0x003E,0x003F,0x0040,0x0041
	.hword 0x0042,0x0043,0x0044,0x0045,0x0046,0x0047,0x0048,0x0049
	.hword 0x0000,0x003D,0x003E,0x003F,0x0040,0x0041,0x0042,0x0043
	.hword 0x0044,0x0045,0x0046,0x0047,0x0048,0x0049,0x0000,0x0000

	.hword 0x0000,0x0000,0x004E,0x004F,0x0050,0x0051,0x0052,0x0053
	.hword 0x0054,0x0055,0x0056,0x0057,0x0058,0x0059,0x005A,0x005B
	.hword 0x0000,0x0000,0x0000,0x0000,0x0000,0x0000,0x0000,0x0000
	.hword 0x0000,0x0000,0x0000,0x0000,0x0000,0x0000,0x004E,0x004F
	.hword 0x0050,0x0051,0x0052,0x0053,0x0054,0x0055,0x0056,0x0057
	.hword 0x0058,0x0059,0x005A,0x005B,0x0000,0x0000,0x0000,0x0000
	.hword 0x0000,0x0000,0x0000,0x0000,0x004E,0x004F,0x0050,0x0051
	.hword 0x0052,0x0053,0x0054,0x0055,0x0056,0x0057,0x0058,0x0059

	.hword 0x005A,0x005B,0x0000,0x0000,0x0000,0x0000,0x0000,0x0000
	.hword 0x0000,0x0000,0x0000,0x0000,0x004E,0x004F,0x0050,0x0051
	.hword 0x0052,0x0053,0x0054,0x0055,0x0056,0x0057,0x0058,0x0059
	.hword 0x005A,0x005B,0x0000,0x0000,0x0000,0x0000,0x0000,0x0000
	.hword 0x0000,0x0000,0x0000,0x0000,0x0000,0x0000,0x0000,0x0000
	.hword 0x0000,0x0000,0x0000,0x0000,0x0000,0x0000,0x0000,0x0000
	.hword 0x0000,0x0000,0x004E,0x004F,0x0050,0x0051,0x0052,0x0053
	.hword 0x0054,0x0055,0x0056,0x0057,0x0058,0x0059,0x005A,0x005B

	.hword 0x0000,0x0000,0x004E,0x004F,0x0050,0x0051,0x0052,0x0053
	.hword 0x0054,0x0055,0x0056,0x0057,0x0058,0x0059,0x005A,0x005B
	.hword 0x0000,0x0000,0x0000,0x0000,0x0000,0x0000,0x0000,0x0000
	.hword 0x0000,0x0000,0x0000,0x0000,0x0000,0x0000,0x0000,0x0000
	.hword 0x0000,0x0000,0x0000,0x0000,0x0000,0x0000,0x0000,0x0000
	.hword 0x0000,0x0000,0x0000,0x0000,0x0000,0x0000,0x0000,0x0000
	.hword 0x0000,0x0000,0x004E,0x004F,0x0050,0x0051,0x0052,0x0053
	.hword 0x0054,0x0055,0x0056,0x0057,0x0058,0x0059,0x005A,0x005B

	.hword 0x0000,0x0000,0x004E,0x004F,0x0050,0x0051,0x0052,0x0053
	.hword 0x0054,0x0055,0x0056,0x0057,0x0058,0x0059,0x005A,0x005B
	.hword 0x004E,0x004F,0x0050,0x0051,0x0052,0x0053,0x0054,0x0055
	.hword 0x0056,0x0057,0x0058,0x0059,0x005A,0x005B,0x0000,0x0000
	.hword 0x0000,0x0000,0x005C,0x005D,0x005E,0x005F,0x0060,0x0061
	.hword 0x0062,0x0063,0x0064,0x0065,0x0066,0x0067,0x0068,0x0069
	.hword 0x0000,0x0000,0x0000,0x0000,0x0000,0x0000,0x0000,0x0000
	.hword 0x0000,0x0000,0x0000,0x0000,0x0000,0x0000,0x005C,0x005D

	.hword 0x005E,0x005F,0x0060,0x0061,0x0062,0x0063,0x0064,0x0065
	.hword 0x0066,0x0067,0x0068,0x0069,0x0000,0x0000,0x0000,0x0000
	.hword 0x0000,0x0000,0x0000,0x0000,0x005C,0x005D,0x005E,0x005F
	.hword 0x0060,0x0061,0x0062,0x0063,0x0064,0x0065,0x0066,0x0067
	.hword 0x0068,0x0069,0x0000,0x0000,0x0000,0x0000,0x0000,0x0000
	.hword 0x0000,0x0000,0x0000,0x0000,0x005C,0x005D,0x005E,0x005F
	.hword 0x0060,0x0061,0x0062,0x0063,0x0064,0x0065,0x0066,0x0067
	.hword 0x0068,0x0069,0x0000,0x0000,0x0000,0x0000,0x0000,0x0000

	.hword 0x0000,0x0000,0x0000,0x0000,0x0000,0x0000,0x0000,0x0000
	.hword 0x000C,0x000D,0x000E,0x000F,0x0000,0x0000,0x0000,0x0000
	.hword 0x0000,0x0000,0x005C,0x005D,0x005E,0x005F,0x0060,0x0061
	.hword 0x0062,0x0063,0x0064,0x0065,0x0066,0x0067,0x0068,0x0069
	.hword 0x0000,0x0000,0x005C,0x005D,0x005E,0x005F,0x0060,0x0061
	.hword 0x0062,0x0063,0x0064,0x0065,0x0066,0x0067,0x0068,0x0069
	.hword 0x0000,0x0000,0x0000,0x0000,0x0000,0x0000,0x0000,0x0000
	.hword 0x0000,0x0000,0x0000,0x0000,0x0000,0x0000,0x0000,0x0000

	.hword 0x0000,0x0000,0x0000,0x0000,0x0000,0x0000,0x0000,0x0000
	.hword 0x0000,0x0000,0x0000,0x0000,0x0000,0x0000,0x0000,0x0000
	.hword 0x0000,0x0000,0x005C,0x005D,0x005E,0x005F,0x0060,0x0061
	.hword 0x0062,0x0063,0x0064,0x0065,0x0066,0x0067,0x0068,0x0069
	.hword 0x0000,0x0000,0x005C,0x005D,0x005E,0x005F,0x0060,0x0061
	.hword 0x0062,0x0063,0x0064,0x0065,0x0066,0x0067,0x0068,0x0069
	.hword 0x005C,0x005D,0x005E,0x005F,0x0060,0x0061,0x0062,0x0063
	.hword 0x0064,0x0065,0x0066,0x0067,0x0068,0x0069,0x0000,0x0000

	.hword 0x0000,0x006A,0x006B,0x006C,0x006D,0x006E,0x006F,0x0070
	.hword 0x0071,0x0072,0x0073,0x0074,0x0075,0x0076,0x0077,0x0078
	.hword 0x0000,0x0000,0x0000,0x0000,0x0000,0x0000,0x0000,0x0000
	.hword 0x0000,0x0000,0x0000,0x0000,0x0000,0x006A,0x006B,0x006C
	.hword 0x006D,0x006E,0x006F,0x0070,0x0071,0x0072,0x0073,0x0074
	.hword 0x0075,0x0076,0x0077,0x0078,0x0000,0x0000,0x0000,0x0000
	.hword 0x0000,0x0000,0x0000,0x006A,0x006B,0x006C,0x006D,0x006E
	.hword 0x006F,0x0070,0x0071,0x0072,0x0073,0x0074,0x0075,0x0076

	.hword 0x0077,0x0078,0x0000,0x0000,0x0000,0x0000,0x0000,0x0000
	.hword 0x0000,0x0000,0x0000,0x006A,0x006B,0x006C,0x006D,0x006E
	.hword 0x006F,0x0070,0x0071,0x0072,0x0073,0x0074,0x0075,0x0076
	.hword 0x0077,0x0078,0x0000,0x0000,0x0000,0x0000,0x0000,0x0000
	.hword 0x0000,0x0000,0x0000,0x0000,0x0000,0x0000,0x0000,0x0000
	.hword 0x0019,0x001A,0x001B,0x001C,0x0000,0x0000,0x0000,0x0000
	.hword 0x0000,0x006A,0x006B,0x006C,0x006D,0x006E,0x006F,0x0070
	.hword 0x0071,0x0072,0x0073,0x0074,0x0075,0x0076,0x0077,0x0078

	.hword 0x0000,0x006A,0x006B,0x006C,0x006D,0x006E,0x006F,0x0070
	.hword 0x0071,0x0072,0x0073,0x0074,0x0075,0x0076,0x0077,0x0078
	.hword 0x0000,0x0000,0x0000,0x0000,0x0000,0x0000,0x0000,0x0000
	.hword 0x0000,0x0000,0x0000,0x0000,0x0000,0x0000,0x0000,0x0000
	.hword 0x0000,0x0000,0x0000,0x0000,0x0000,0x0000,0x0000,0x0000
	.hword 0x0000,0x0000,0x0000,0x0000,0x0000,0x0000,0x0000,0x0000
	.hword 0x0000,0x006A,0x006B,0x006C,0x006D,0x006E,0x006F,0x0070
	.hword 0x0071,0x0072,0x0073,0x0074,0x0075,0x0076,0x0077,0x0078

	.hword 0x0000,0x006A,0x006B,0x006C,0x006D,0x006E,0x006F,0x0070
	.hword 0x0071,0x0072,0x0073,0x0074,0x0075,0x0076,0x0077,0x0078
	.hword 0x006B,0x006C,0x006D,0x006E,0x006F,0x0070,0x0071,0x0072
	.hword 0x0073,0x0074,0x0075,0x0076,0x0077,0x0078,0x0000,0x0000
	.hword 0x0000,0x0000,0x0079,0x007A,0x007B,0x007C,0x007D,0x007E
	.hword 0x007F,0x0080,0x0081,0x0082,0x0083,0x0084,0x0085,0x0086
	.hword 0x0000,0x0000,0x0000,0x0000,0x0000,0x0000,0x0000,0x0000
	.hword 0x0000,0x0000,0x0000,0x0000,0x0000,0x0000,0x0079,0x007A

	.hword 0x007B,0x007C,0x007D,0x007E,0x007F,0x0080,0x0081,0x0082
	.hword 0x0083,0x0084,0x0085,0x0086,0x0000,0x0000,0x0000,0x0000
	.hword 0x0000,0x0000,0x0000,0x0000,0x0079,0x007A,0x007B,0x007C
	.hword 0x007D,0x007E,0x007F,0x0080,0x0081,0x0082,0x0083,0x0084
	.hword 0x0085,0x0086,0x0000,0x0000,0x0000,0x0000,0x0000,0x0000
	.hword 0x0000,0x0000,0x0000,0x0000,0x0079,0x007A,0x007B,0x007C
	.hword 0x007D,0x007E,0x007F,0x0080,0x0081,0x0082,0x0083,0x0084
	.hword 0x0085,0x0086,0x0000,0x0000,0x0000,0x0000,0x0000,0x0000

	.hword 0x0000,0x0000,0x0000,0x0000,0x0000,0x0000,0x0000,0x0028
	.hword 0x0029,0x002A,0x002B,0x002C,0x0000,0x0000,0x0000,0x0000
	.hword 0x0000,0x0000,0x0079,0x007A,0x007B,0x007C,0x007D,0x007E
	.hword 0x007F,0x0080,0x0081,0x0082,0x0083,0x0084,0x0085,0x0086
	.hword 0x0000,0x0000,0x0079,0x007A,0x007B,0x007C,0x007D,0x007E
	.hword 0x007F,0x0080,0x0081,0x0082,0x0083,0x0084,0x0085,0x0086
	.hword 0x0000,0x0000,0x0000,0x0000,0x0000,0x0000,0x0000,0x0000
	.hword 0x0000,0x0000,0x0000,0x0000,0x0000,0x0000,0x0000,0x0000

	.hword 0x0000,0x0000,0x0000,0x0000,0x0000,0x0000,0x0000,0x0000
	.hword 0x0000,0x0000,0x0000,0x0000,0x0000,0x0000,0x0000,0x0000
	.hword 0x0000,0x0000,0x0079,0x007A,0x007B,0x007C,0x007D,0x007E
	.hword 0x007F,0x0080,0x0081,0x0082,0x0083,0x0084,0x0085,0x0086
	.hword 0x0000,0x0000,0x0079,0x007A,0x007B,0x007C,0x007D,0x007E
	.hword 0x007F,0x0080,0x0081,0x0082,0x0083,0x0084,0x0085,0x0086
	.hword 0x0079,0x007A,0x007B,0x007C,0x007D,0x007E,0x007F,0x0080
	.hword 0x0081,0x0082,0x0083,0x0084,0x0085,0x0086,0x0000,0x0000

	.hword 0x0000,0x0000,0x0000,0x0087,0x0088,0x0089,0x008A,0x008B
	.hword 0x008C,0x008D,0x008E,0x008F,0x0090,0x0091,0x0092,0x0000
	.hword 0x0000,0x0000,0x0000,0x0000,0x0000,0x0000,0x0000,0x0000
	.hword 0x0000,0x0000,0x0000,0x0000,0x0000,0x0000,0x0000,0x0087
	.hword 0x0088,0x0089,0x008A,0x008B,0x008C,0x008D,0x008E,0x008F
	.hword 0x0090,0x0091,0x0092,0x0000,0x0000,0x0000,0x0000,0x0000
	.hword 0x0000,0x0000,0x0000,0x0000,0x0000,0x0087,0x0088,0x0089
	.hword 0x008A,0x008B,0x008C,0x008D,0x008E,0x008F,0x0090,0x0091

	.hword 0x0092,0x0000,0x0000,0x0000,0x0000,0x0000,0x0000,0x0000
	.hword 0x0000,0x0000,0x0000,0x0000,0x0000,0x0087,0x0088,0x0089
	.hword 0x008A,0x008B,0x008C,0x008D,0x008E,0x008F,0x0090,0x0091
	.hword 0x0092,0x0000,0x0000,0x0000,0x0000,0x0000,0x0000,0x0000
	.hword 0x0000,0x0000,0x0000,0x0000,0x0000,0x0000,0x0000,0x0000
	.hword 0x0039,0x003A,0x003B,0x003C,0x0000,0x0000,0x0000,0x0000
	.hword 0x0000,0x0000,0x0000,0x0087,0x0088,0x0089,0x008A,0x008B
	.hword 0x008C,0x008D,0x008E,0x008F,0x0090,0x0091,0x0092,0x0000

	.hword 0x0000,0x0000,0x0000,0x0087,0x0088,0x0089,0x008A,0x008B
	.hword 0x008C,0x008D,0x008E,0x008F,0x0090,0x0091,0x0092,0x0000
	.hword 0x0000,0x0000,0x0000,0x0000,0x0000,0x0000,0x0000,0x0000
	.hword 0x0000,0x0000,0x0000,0x0000,0x0000,0x0000,0x0000,0x0000
	.hword 0x0000,0x0000,0x0000,0x0000,0x0000,0x0000,0x0000,0x0000
	.hword 0x0000,0x0000,0x0000,0x0000,0x0000,0x0000,0x0000,0x0000
	.hword 0x0000,0x0000,0x0000,0x0087,0x0088,0x0089,0x008A,0x008B
	.hword 0x008C,0x008D,0x008E,0x008F,0x0090,0x0091,0x0092,0x0000

	.hword 0x0000,0x0000,0x0000,0x0087,0x0088,0x0089,0x008A,0x008B
	.hword 0x008C,0x008D,0x008E,0x008F,0x0090,0x0091,0x0092,0x0000
	.hword 0x0000,0x0087,0x0088,0x0089,0x008A,0x008B,0x008C,0x008D
	.hword 0x008E,0x008F,0x0090,0x0091,0x0092,0x0000,0x0000,0x0000
	.hword 0x0093,0x0094,0x0095,0x0096,0x0000,0x0000,0x0000,0x0097
	.hword 0x0098,0x0099,0x0497,0x0000,0x0000,0x0000,0x0000,0x0000
	.hword 0x0000,0x0000,0x0000,0x0000,0x0000,0x0000,0x0000,0x0000
	.hword 0x0000,0x0000,0x0000,0x0000,0x0093,0x0094,0x0095,0x0096

	.hword 0x0000,0x0000,0x0000,0x0097,0x0098,0x0099,0x0497,0x0000
	.hword 0x0000,0x0000,0x0000,0x0000,0x0000,0x0000,0x0000,0x0000
	.hword 0x0000,0x0000,0x0093,0x0094,0x0095,0x0096,0x0000,0x0000
	.hword 0x0000,0x0097,0x0098,0x0099,0x0497,0x0000,0x0000,0x0000
	.hword 0x0000,0x0000,0x0000,0x0000,0x0000,0x0000,0x0000,0x0000
	.hword 0x0000,0x0000,0x0093,0x0094,0x0095,0x0096,0x0000,0x0000
	.hword 0x0000,0x0097,0x0098,0x0099,0x0497,0x0000,0x0000,0x0000
	.hword 0x0000,0x0000,0x0000,0x0000,0x0000,0x0000,0x0000,0x0000

	.hword 0x0000,0x0000,0x0000,0x0000,0x0000,0x0000,0x0000,0x0000
	.hword 0x004A,0x004B,0x004C,0x004D,0x0000,0x0000,0x0000,0x0000
	.hword 0x0093,0x0094,0x0095,0x0096,0x0000,0x0000,0x0000,0x0097
	.hword 0x0098,0x0099,0x0497,0x0000,0x0000,0x0000,0x0000,0x0000
	.hword 0x0093,0x0094,0x0095,0x0096,0x0000,0x0000,0x0000,0x0097
	.hword 0x0098,0x0099,0x0497,0x0000,0x0000,0x0000,0x0000,0x0000
	.hword 0x0000,0x0000,0x0000,0x0000,0x0000,0x0000,0x0000,0x0000
	.hword 0x0000,0x0000,0x0000,0x0000,0x0000,0x0000,0x0000,0x0000

	.hword 0x0000,0x0000,0x0000,0x0000,0x0000,0x0000,0x0000,0x0000
	.hword 0x0000,0x0000,0x0000,0x0000,0x0000,0x0000,0x0000,0x0000
	.hword 0x0093,0x0094,0x0095,0x0096,0x0000,0x0000,0x0000,0x0097
	.hword 0x0098,0x0099,0x0497,0x0000,0x0000,0x0000,0x0000,0x0000
	.hword 0x0093,0x0094,0x0095,0x0096,0x0000,0x0000,0x0000,0x0097
	.hword 0x0098,0x0099,0x0497,0x0000,0x0000,0x0000,0x0000,0x0000
	.hword 0x0095,0x0096,0x0000,0x0000,0x0000,0x0097,0x0098,0x0099
	.hword 0x0497,0x0000,0x0000,0x0000,0x0000,0x0000,0x0000,0x0000

	.hword 0x009A,0x009B,0x009C,0x009D,0x009E,0x009F,0x00A0,0x00A1
	.hword 0x00A2,0x00A3,0x00A0,0x00A4,0x009E,0x00A5,0x00A0,0x00A4
	.hword 0x00A6,0x00A7,0x00A0,0x00A4,0x009E,0x00A5,0x00A0,0x00A4
	.hword 0x009E,0x00A5,0x00A0,0x00A8,0x009A,0x009B,0x009C,0x009D
	.hword 0x009E,0x009F,0x00A0,0x00A1,0x00A2,0x00A3,0x00A0,0x00A4
	.hword 0x009E,0x00A5,0x00A0,0x00A4,0x009E,0x00A9,0x00A6,0x00A7
	.hword 0x00AA,0x00AB,0x00AC,0x009B,0x009C,0x009D,0x009E,0x009F
	.hword 0x00A0,0x00A1,0x00A2,0x00AD,0x00AE,0x009F,0x00A0,0x00A4

	.hword 0x009E,0x00A5,0x00A0,0x00A4,0x009E,0x00A5,0x00A0,0x00A4
	.hword 0x009E,0x00AB,0x00AC,0x009B,0x009C,0x009D,0x009E,0x009F
	.hword 0x00A0,0x00A1,0x00A2,0x00AD,0x00AE,0x009F,0x00A0,0x00A4
	.hword 0x009E,0x00A9,0x00AF,0x00B0,0x00AA,0x00A5,0x00A0,0x00A4
	.hword 0x009E,0x00A5,0x00A0,0x00A4,0x009E,0x00B1,0x00B2,0x00B3
	.hword 0x00B4,0x00A9,0x00B2,0x00B5,0x009E,0x00A5,0x00A0,0x00A8
	.hword 0x009A,0x009B,0x009C,0x009D,0x009E,0x009F,0x00A0,0x00A1
	.hword 0x00A2,0x00A3,0x00A0,0x00A4,0x009E,0x00A5,0x00A0,0x00A8

	.hword 0x009A,0x009B,0x009C,0x009D,0x009E,0x009F,0x00A0,0x00A1
	.hword 0x00A2,0x00A3,0x00A0,0x00A4,0x009E,0x00A5,0x00A0,0x00A4
	.hword 0x009E,0x00A5,0x00A0,0x00A4,0x009E,0x00A5,0x00A0,0x00A4
	.hword 0x009E,0x00A5,0x00A0,0x00A4,0x009E,0x00A5,0x00B6,0x00B5
	.hword 0x00B7,0x00A9,0x00B2,0x00B3,0x00B8,0x009F,0x00A0,0x00A4
	.hword 0x009E,0x00A5,0x00A0,0x00A4,0x009E,0x00A5,0x00A0,0x00A8
	.hword 0x009A,0x009B,0x009C,0x009D,0x009E,0x009F,0x00A0,0x00A1
	.hword 0x00A2,0x00A3,0x00A0,0x00A4,0x009E,0x00A5,0x00A0,0x00A8

	.hword 0x009A,0x009B,0x009C,0x009D,0x009E,0x009F,0x00A0,0x00A1
	.hword 0x00A2,0x00A3,0x00A0,0x00A4,0x009E,0x00AB,0x00B9,0x00BA
	.hword 0x00BB,0x009D,0x009E,0x009F,0x00A0,0x00A1,0x00A2,0x00AD
	.hword 0x00AE,0x009F,0x00A0,0x00A4,0x009E,0x00A5,0x00A0,0x00A4
	.hword 0x00BC,0x00BD,0x00BE,0x00BF,0x00C0,0x00C1,0x00C2,0x00C3
	.hword 0x00C4,0x00C5,0x00C2,0x00C6,0x00C7,0x00C8,0x00C2,0x00C9
	.hword 0x00CA,0x00CB,0x00CC,0x00C6,0x00C7,0x00C8,0x00C2,0x00C6
	.hword 0x00C7,0x00C8,0x00CD,0x00CE,0x00CF,0x00BD,0x00BE,0x00BF

	.hword 0x00C0,0x00C1,0x00C2,0x00C3,0x00C4,0x00C5,0x00C2,0x00C6
	.hword 0x00C7,0x00C8,0x00C2,0x00C6,0x00D0,0x00D1,0x00CA,0x00D2
	.hword 0x00D3,0x00D4,0x00D5,0x00D6,0x00BE,0x00BF,0x00C0,0x00C1
	.hword 0x00C2,0x00C3,0x00C4,0x00D7,0x00D8,0x00D9,0x00C2,0x00C6
	.hword 0x00C7,0x00C8,0x00C2,0x00C6,0x00C7,0x00C8,0x00C2,0x00C6
	.hword 0x00D0,0x00D4,0x00D5,0x00D6,0x00BE,0x00BF,0x00C0,0x00C1
	.hword 0x00C2,0x00C3,0x00C4,0x00D7,0x00D8,0x00D9,0x00C2,0x00C6
	.hword 0x00D0,0x00DA,0x00DB,0x00DC,0x00DD,0x00C8,0x00C2,0x00C6

	.hword 0x00C7,0x00C8,0x00C2,0x00C6,0x00D0,0x00DE,0x00C2,0x00DF
	.hword 0x00E0,0x00E1,0x00E2,0x00C6,0x00DD,0x00C8,0x00CD,0x00CE
	.hword 0x00CF,0x00BD,0x00BE,0x00BF,0x00C0,0x00C1,0x00C2,0x00C3
	.hword 0x00C4,0x00C5,0x00C2,0x00C6,0x00C7,0x00C8,0x00CD,0x00CE
	.hword 0x00CF,0x00BD,0x00BE,0x00BF,0x00C0,0x00C1,0x00C2,0x00C3
	.hword 0x00C4,0x00C5,0x00C2,0x00C6,0x00C7,0x00C8,0x00C2,0x00C6
	.hword 0x00C7,0x00C8,0x00C2,0x00C6,0x00C7,0x00C8,0x00C2,0x00C6
	.hword 0x00C7,0x00C8,0x00C2,0x00C6,0x00C7,0x00C8,0x00E3,0x00C6

	.hword 0x00C0,0x00D4,0x00E4,0x00C3,0x00E5,0x00D9,0x00C2,0x00C6
	.hword 0x00C7,0x00C8,0x00C2,0x00C6,0x00C7,0x00C8,0x00CD,0x00CE
	.hword 0x00CF,0x00BD,0x00BE,0x00BF,0x00C0,0x00C1,0x00C2,0x00C3
	.hword 0x00C4,0x00C5,0x00C2,0x00C6,0x00C7,0x00C8,0x00CD,0x00CE
	.hword 0x00CF,0x00BD,0x00BE,0x00BF,0x00C0,0x00C1,0x00C2,0x00C3
	.hword 0x00C4,0x00C5,0x00C2,0x00C6,0x00D0,0x00D4,0x00E6,0x00E7
	.hword 0x00BE,0x00BF,0x00C0,0x00C1,0x00C2,0x00C3,0x00C4,0x00D7
	.hword 0x00D8,0x00D9,0x00C2,0x00C6,0x00C7,0x00C8,0x00C2,0x00C6

	.hword 0x00E8,0x00E9,0x00EA,0x00EB,0x00EC,0x00E9,0x00ED,0x00EE
	.hword 0x00E8,0x00EF,0x00F0,0x00E9,0x00EA,0x00EE,0x00E8,0x00F1
	.hword 0x00F2,0x00F3,0x00EC,0x00E9,0x00EC,0x00E9,0x00ED,0x00EB
	.hword 0x00EC,0x00E9,0x00ED,0x00EE,0x00E8,0x00E9,0x00E8,0x00E9
	.hword 0x00EA,0x00EE,0x00EC,0x00E9,0x00ED,0x00EE,0x00EC,0x00E9
	.hword 0x00EC,0x00E9,0x00ED,0x00EB,0x00EC,0x00F4,0x00F2,0x00F5
	.hword 0x00EC,0x00F6,0x00F7,0x00E9,0x00EA,0x00EB,0x00EC,0x00E9
	.hword 0x00ED,0x00EE,0x00EC,0x00E9,0x00EC,0x00E9,0x00ED,0x00EB

	.hword 0x00EC,0x00E9,0x00ED,0x00EB,0x00E8,0x00EF,0x00F0,0x00E9
	.hword 0x00EA,0x00EE,0x00F7,0x00E9,0x00EA,0x00EB,0x00E8,0x00EF
	.hword 0x00EC,0x00E9,0x00ED,0x00EE,0x00EC,0x00E9,0x00ED,0x00EB
	.hword 0x00E8,0x00F8,0x00F9,0x00F1,0x00EA,0x00EE,0x00EC,0x00E9
	.hword 0x00EA,0x00EE,0x00EC,0x00E9,0x00E8,0x00E9,0x00ED,0x00FA
	.hword 0x00E8,0x00E9,0x00ED,0x00EE,0x00E8,0x00EF,0x00EC,0x00E9
	.hword 0x00ED,0x00EB,0x00E8,0x00E9,0x00EA,0x00EE,0x00EC,0x00F8
	.hword 0x00E8,0x00E9,0x00ED,0x00EB,0x00EC,0x00E9,0x00ED,0x00EE

	.hword 0x00E8,0x00E9,0x00E8,0x00E9,0x00EA,0x00EE,0x00EC,0x00E9
	.hword 0x00ED,0x00EE,0x00EC,0x00E9,0x00EC,0x00E9,0x00ED,0x00EB
	.hword 0x00EC,0x00E9,0x00ED,0x00EB,0x00E8,0x00EF,0x00F0,0x00E9
	.hword 0x00EA,0x00EE,0x00EC,0x00E9,0x00EA,0x00EE,0x00E8,0x00E9
	.hword 0x00E8,0x00E9,0x00ED,0x00FB,0x00EC,0x00E9,0x00ED,0x00EB
	.hword 0x00E8,0x00EF,0x00F0,0x00E9,0x00EA,0x00EE,0x00EC,0x00E9
	.hword 0x00ED,0x00EB,0x00E8,0x00E9,0x00EC,0x00E9,0x00ED,0x00EE
	.hword 0x00E8,0x00E9,0x00ED,0x00EB,0x00E8,0x00EF,0x00EC,0x00E9

	.hword 0x00ED,0x00EB,0x00E8,0x00E9,0x00EA,0x00EE,0x00EC,0x00F8
	.hword 0x00E8,0x00E9,0x00ED,0x00EB,0x00E8,0x00E9,0x00ED,0x00FC
	.hword 0x00E8,0x00E9,0x00EC,0x00E9,0x00ED,0x00EE,0x00EC,0x00E9
	.hword 0x00EA,0x00EE,0x00EC,0x00E9,0x00EC,0x00E9,0x00ED,0x00FD
	.hword 0x00FE,0x00FF,0x0100,0x0101,0x0102,0x0103,0x0104,0x0105
	.hword 0x0106,0x0107,0x0108,0x0109,0x010A,0x010B,0x010C,0x010D
	.hword 0x010E,0x010F,0x0110,0x0111,0x0112,0x0113,0x0114,0x0115
	.hword 0x0116,0x0117,0x0104,0x0118,0x0119,0x011A,0x011B,0x011C

	.hword 0x011D,0x011E,0x011F,0x0120,0x0121,0x0122,0x0110,0x0111
	.hword 0x0112,0x0113,0x0114,0x0115,0x0123,0x0124,0x0125,0x0126
	.hword 0x0127,0x0128,0x0129,0x012A,0x0100,0x0101,0x0102,0x0103
	.hword 0x0104,0x012B,0x012C,0x012D,0x012E,0x0113,0x0114,0x0115
	.hword 0x0127,0x0113,0x0114,0x0115,0x012F,0x0130,0x0131,0x0132
	.hword 0x0133,0x0134,0x0135,0x012A,0x0100,0x0136,0x012F,0x0137
	.hword 0x0138,0x0120,0x0121,0x0139,0x0127,0x0113,0x0114,0x013A
	.hword 0x013B,0x013C,0x013D,0x013E,0x010A,0x013F,0x0140,0x0141

	.hword 0x010A,0x010B,0x0110,0x0111,0x0142,0x0143,0x0104,0x0144
	.hword 0x0145,0x0146,0x0121,0x0147,0x0148,0x0130,0x0149,0x014A
	.hword 0x014B,0x014C,0x011F,0x011C,0x011D,0x011E,0x014D,0x014E
	.hword 0x014F,0x0113,0x0114,0x0115,0x0116,0x0117,0x0104,0x0118
	.hword 0x0119,0x011A,0x011B,0x011C,0x011D,0x011E,0x011F,0x0120
	.hword 0x0121,0x0122,0x0110,0x0111,0x0112,0x0113,0x0114,0x0115
	.hword 0x0127,0x0113,0x0114,0x0115,0x012F,0x0130,0x0150,0x0109
	.hword 0x010A,0x013F,0x0140,0x0141,0x010A,0x0151,0x0152,0x0153

	.hword 0x0154,0x0155,0x0104,0x0156,0x0127,0x0113,0x0114,0x0115
	.hword 0x012F,0x0130,0x0150,0x0109,0x0157,0x0158,0x011F,0x014A
	.hword 0x014B,0x014C,0x0110,0x0159,0x015A,0x0103,0x0104,0x0105
	.hword 0x015B,0x0113,0x0114,0x015C,0x0110,0x0130,0x0149,0x014A
	.hword 0x014B,0x014C,0x011F,0x011C,0x011D,0x011E,0x014D,0x014E
	.hword 0x014F,0x0113,0x0114,0x015D,0x011F,0x015E,0x015F,0x0160
	.hword 0x0161,0x0159,0x015A,0x0103,0x0104,0x0162,0x0163,0x0109
	.hword 0x010A,0x013F,0x0110,0x0111,0x0112,0x0164,0x0165,0x0166

	.hword 0x0167,0x0168,0x0169,0x016A,0x0167,0x016B,0x016C,0x016D
	.hword 0x016E,0x016F,0x0167,0x0170,0x016C,0x0171,0x0172,0x0173
	.hword 0x0174,0x0175,0x0176,0x0177,0x0178,0x0179,0x017A,0x017B
	.hword 0x0178,0x017C,0x016C,0x017D,0x017E,0x0177,0x017F,0x0180
	.hword 0x016C,0x0175,0x0167,0x0181,0x016C,0x0182,0x0176,0x0183
	.hword 0x016C,0x0184,0x0185,0x0186,0x016C,0x0187,0x0188,0x0189
	.hword 0x0178,0x018A,0x016C,0x018B,0x018C,0x018D,0x0174,0x018E
	.hword 0x0178,0x018F,0x0190,0x0177,0x016C,0x0191,0x0192,0x0193

	.hword 0x016C,0x0184,0x0192,0x0194,0x0178,0x0195,0x017A,0x0196
	.hword 0x0188,0x0197,0x016C,0x018B,0x018C,0x0198,0x016C,0x0199
	.hword 0x0167,0x0181,0x016C,0x019A,0x019B,0x019C,0x0185,0x019D
	.hword 0x016C,0x018E,0x0178,0x019E,0x016C,0x0182,0x0190,0x019F
	.hword 0x0178,0x01A0,0x016C,0x01A1,0x0178,0x016B,0x0169,0x0171
	.hword 0x01A2,0x0183,0x0178,0x01A3,0x016C,0x0199,0x0190,0x0179
	.hword 0x016C,0x01A4,0x01A5,0x0180,0x016C,0x01A6,0x01A7,0x01A8
	.hword 0x016C,0x0191,0x0192,0x0194,0x0178,0x017C,0x016C,0x017D

	.hword 0x017E,0x0183,0x01A9,0x018E,0x0178,0x01AA,0x0167,0x0181
	.hword 0x016C,0x0182,0x0176,0x0183,0x016C,0x0184,0x0192,0x0168
	.hword 0x0178,0x0179,0x017A,0x01AB,0x0178,0x016F,0x016C,0x01AC
	.hword 0x0178,0x01AD,0x016C,0x018B,0x0178,0x01AE,0x016C,0x0199
	.hword 0x0178,0x01AF,0x0192,0x01B0,0x016C,0x0184,0x0192,0x01B1
	.hword 0x016C,0x0199,0x0190,0x0177,0x0178,0x01A0,0x017A,0x01B2
	.hword 0x01B3,0x01B4,0x016C,0x01B5,0x01B6,0x01AF,0x0178,0x01B7
	.hword 0x016C,0x01B8,0x01B9,0x01BA,0x016C,0x0199,0x0190,0x0179

	.hword 0x016C,0x01A4,0x01A5,0x0180,0x016C,0x01A6,0x01A7,0x01BB
	.hword 0x0178,0x0179,0x017A,0x01BC,0x01A2,0x01AF,0x0169,0x0171
	.hword 0x0190,0x018A,0x01B6,0x016B,0x016C,0x01BD,0x01A2,0x0170
	.hword 0x016C,0x0182,0x0176,0x0177,0x0178,0x0177,0x0169,0x01BE
	.hword 0x01BF,0x01C0,0x01C1,0x01C2,0x01C3,0x01C4,0x01C5,0x01C6
	.hword 0x01C7,0x01C8,0x01C9,0x01CA,0x01C1,0x01CB,0x01C3,0x01CC
	.hword 0x01C5,0x01CD,0x01CE,0x01CF,0x01D0,0x01CC,0x01C5,0x01D1
	.hword 0x01D0,0x01D2,0x01D3,0x01CD,0x01D4,0x01C8,0x01D5,0x01D6

	.hword 0x01D7,0x01D8,0x01D4,0x01D9,0x01C5,0x01CD,0x01DA,0x01DB
	.hword 0x01C1,0x01DC,0x01C7,0x01DB,0x01DD,0x01DE,0x01D4,0x01DB
	.hword 0x01D4,0x01C0,0x01C5,0x01CD,0x01DF,0x01E0,0x01C5,0x01E1
	.hword 0x01C7,0x01CC,0x01E2,0x01E3,0x01E4,0x01CD,0x01E5,0x01E6
	.hword 0x01E7,0x01DC,0x01E8,0x01C8,0x01C7,0x01DB,0x01C5,0x01DC
	.hword 0x01C3,0x01E9,0x01C5,0x01EA,0x01E2,0x01D6,0x01EB,0x01EC
	.hword 0x01D4,0x01E6,0x01ED,0x01EE,0x01E5,0x01DB,0x01C7,0x01CC
	.hword 0x01C5,0x01EF,0x01D4,0x01F0,0x01C1,0x01E1,0x01C3,0x01DB

	.hword 0x01D0,0x01CC,0x01C5,0x01DC,0x01E5,0x01CC,0x01C1,0x01DC
	.hword 0x01F1,0x01DB,0x01C7,0x01F2,0x01EB,0x01F3,0x01D0,0x01CC
	.hword 0x01C1,0x01C2,0x01F4,0x01D6,0x01F5,0x01DC,0x01C7,0x01F6
	.hword 0x01EB,0x01CD,0x01D0,0x01DB,0x01D0,0x01D2,0x01D3,0x01CD
	.hword 0x01C3,0x01DB,0x01F7,0x01DC,0x01C7,0x01CC,0x01E2,0x01D9
	.hword 0x01C5,0x01CD,0x01DA,0x01DB,0x01C1,0x01DC,0x01D0,0x01F2
	.hword 0x01D0,0x01F2,0x01C1,0x01DC,0x01C7,0x01F8,0x01C1,0x01C6
	.hword 0x01C7,0x01F8,0x01C5,0x01DC,0x01C7,0x01DB,0x01C5,0x01C6

	.hword 0x01D4,0x01DB,0x01C7,0x01C4,0x01C1,0x01DC,0x01C7,0x01F9
	.hword 0x01FA,0x01EC,0x01D4,0x01FB,0x01D0,0x01C8,0x01FC,0x01EA
	.hword 0x01D0,0x01DB,0x01F7,0x01D1,0x01E2,0x01DB,0x01FD,0x01FE
	.hword 0x01C1,0x01DC,0x01C7,0x01F6,0x01EB,0x01F3,0x01D0,0x01CC
	.hword 0x01C1,0x01C2,0x01F4,0x01D6,0x01F5,0x01DC,0x01C7,0x01DB
	.hword 0x01C3,0x01C4,0x01F5,0x01FF,0x0200,0x0201,0x01C1,0x01D1
	.hword 0x0202,0x01C8,0x01C3,0x01C4,0x01EB,0x01CD,0x0203,0x01D6
	.hword 0x01C1,0x01D8,0x01D4,0x01D9,0x01E2,0x0204,0x01C1,0x01DC

	.section .rodata
	.align	2
	.global country_bn_gfxPal		@ 32 unsigned chars
	.hidden country_bn_gfxPal
country_bn_gfxPal:
	.hword 0x781E,0x20E4,0x14C9,0x0562,0x194D,0x2989,0x31A9,0x1A0C
	.hword 0x0A6C,0x2E6D,0x3A73,0x42D1,0x26D5,0x4F5A,0x437A,0x539F

@}}BLOCK(country_bn_gfx)
