
@{{BLOCK(s1_bn_gfx)

@=======================================================================
@
@	s1_bn_gfx, 1536x512@4, 
@	+ palette 16 entries, not compressed
@	+ 112 tiles (t|f|p reduced) not compressed
@	+ regular map (flat), not compressed, 192x64 
@	Total size: 32 + 3584 + 24576 = 28192
@
@	Time-stamp: 2026-09-18, 12:51:48
@	Exported by Cearn's GBA Image Transmogrifier, v0.9.2
@	( http://www.coranac.com/projects/#grit )
@
@=======================================================================

	.section .rodata
	.align	2
	.global s1_bn_gfxTiles		@ 3584 unsigned chars
	.hidden s1_bn_gfxTiles
s1_bn_gfxTiles:
	.word 0x00000000,0x00000000,0x00000000,0x00000000,0x00000000,0x00000000,0x00000000,0x00000000
	.word 0x55555555,0x55555555,0x55555555,0x55555555,0x55555555,0x55555555,0x55555555,0x55555555
	.word 0x55555555,0x55511155,0x55512215,0x11152215,0x11115215,0x11122555,0x11122255,0x22222155
	.word 0x55555111,0x55551122,0x55511225,0x55511155,0x55555551,0x51111511,0x11111511,0x11122511
	.word 0x55555555,0x55555555,0x55555555,0x55555555,0x11551115,0x11152215,0x22153215,0x33255555
	.word 0x55555555,0x55555555,0x55555555,0x55111555,0x55121511,0x55115111,0x55555512,0x55555512
	.word 0x55555555,0x55551155,0x55551155,0x55555555,0x51115515,0x51225112,0x22235222,0x33311335
	.word 0x55555555,0x55555555,0x55555555,0x55555511,0x55555511,0x55555555,0x55551251,0x55112351

	.word 0x33111115,0x22311111,0x52233311,0x44222312,0x44444220,0x77744400,0x77777400,0x77887700
	.word 0x11233552,0x12335115,0x55251225,0x51111332,0x51123466,0x55123466,0x00022466,0x00099667
	.word 0x33555555,0x11511155,0x15512215,0x25112221,0x15112321,0x55513315,0x15551155,0x22115550
	.word 0x55555512,0x55111511,0x51121151,0x51222152,0x51123255,0x05133555,0x05511551,0x00051112
	.word 0x22255555,0x11555111,0x15515112,0x11211122,0x11223223,0x15123223,0x00522331,0x00055550
	.word 0x15223151,0x12235551,0x11115111,0x11151122,0x51121223,0x05123333,0x00511330,0x00055500
	.word 0x78888700,0x88888700,0x88880000,0x88800080,0x88700008,0x88700008,0x87770077,0x77677770
	.word 0x00994667,0x09944677,0x49467888,0x49478888,0x44678888,0x44778888,0x40778888,0x00788788

	.word 0x55555000,0x33211000,0x11150000,0x33210000,0x11150000,0x55100000,0x22100000,0x33200000
	.word 0x00000555,0x00000123,0x00000511,0x00000555,0x00000023,0x00000011,0x00000051,0x00000002
	.word 0x76400000,0x64940000,0x44999400,0x04499940,0x00449990,0x40044990,0x94004494,0x94004494
	.word 0x07887887,0x77877877,0x77877770,0x77777000,0x77770000,0x77700000,0x77700004,0x77770049
	.word 0x11000000,0x00000000,0x00000000,0x00000000,0x00000000,0x00000000,0x00000000,0x00000000
	.word 0x40000444,0x00000044,0x00099040,0x00040040,0x00044400,0x80000000,0x88000000,0x77700000
	.word 0x77770044,0x07787000,0x07778870,0x00778887,0x00077888,0x00000888,0x00440088,0x04400000
	.word 0x07770000,0x00770000,0x80070000,0x00070000,0x00070000,0x07700000,0x77000000,0x00000000

	.word 0x04009900,0x04000900,0x00499008,0x00000070,0x00000070,0x00000077,0x00000007,0x00000000
	.word 0xBBBAAAAA,0xBBBBBBAA,0xBBBBBBBA,0xBBBBBBBB,0xBBABAAAB,0xBBAAA55A,0xBAAA5555,0xA5553331
	.word 0xBBBBBBBB,0xBBBBBBBB,0xABBBBBBB,0xAABBBBBB,0x1ABBBBBB,0x15AABBBA,0x111A5ABA,0x122355BA
	.word 0xBBBBBBBB,0xBBBBBBBB,0xBBBBBBAA,0xBBBBBBA5,0xBBABBAA5,0xAAABBA51,0xAAAAAA51,0x5AAA5511
	.word 0xBBBBBBBB,0xBBBBBBBB,0xAABBBBBB,0x1ABBBBBB,0x1ABABBAB,0x155AABAA,0x1155AAAA,0x12255555
	.word 0x51223331,0x22223331,0x12222310,0x12222210,0x52255000,0x55550000,0x50000000,0x00000000
	.word 0x1123355A,0x11233355,0x11122211,0x11111221,0x11112222,0x51112222,0x55522225,0x55555555
	.word 0x55552221,0x12233332,0x11233322,0x11233322,0x11122111,0x15511155,0x00555150,0x00005500

	.word 0x11211115,0x11123211,0x11123332,0x51222331,0x55122331,0x55111221,0x05511111,0x00055500
	.word 0x00000000,0x00000000,0x00000000,0x00000000,0x00000000,0x00000000,0x0000D000,0xD00DD000
	.word 0x00000000,0x00000000,0x00000000,0x00000000,0x00000000,0x00000000,0x00D0000D,0x00DD00DD
	.word 0xDA0DDD00,0xDAADDDA0,0xAABDDDAA,0xAABBDDBA,0xABBBDABA,0xABBBDBBA,0xDBBBDBBD,0xDABABBDD
	.word 0x0DDD00DD,0x0DDAD0DD,0x0DDAADDD,0x0BAAADBD,0xDBBAABBB,0xDBBAABBB,0xDBBBABBB,0xDDBBAABA
	.word 0x00000000,0x00000000,0x00000000,0x99000000,0x99000000,0x99004000,0x90044000,0x04444000
	.word 0x00000000,0x00900000,0x09900000,0x09900009,0x99944099,0x94944044,0x04444994,0x04488894
	.word 0x00000000,0x00090000,0x90099400,0x90094400,0x90004400,0x00800000,0x08800080,0x87800088

	.word 0x09000000,0x09940000,0x09990000,0x09998009,0x09448899,0x00448884,0x00008780,0x00008700
	.word 0x00004000,0x40000000,0x08899990,0x87844990,0x78844900,0x77644000,0x64880004,0x48880044
	.word 0x04888894,0x04878994,0x74778440,0x44874000,0x48000000,0x88000777,0x80007766,0x00077666
	.word 0x77700888,0x87004878,0x78004877,0x80044774,0x48888444,0x88888844,0x77777888,0x70007788
	.word 0x00000007,0x00880088,0x00887088,0x00877048,0x00470044,0x08000048,0x08880888,0x08878877
	.word 0x00000000,0x00000000,0x00000000,0x04440000,0x44440000,0x04400000,0x04000000,0x00009000
	.word 0x00000000,0x00000000,0x00000000,0x00000000,0x000A0000,0x00AB0000,0xA0AB0000,0xABAB0000
	.word 0x00000000,0x00000000,0x00000000,0x0000000A,0x0000000B,0x00A0000B,0x0ABA0AAB,0x0ABA0BAB

	.word 0x97780448,0x87780047,0x88000078,0x77800774,0x47880444,0x66780778,0x66784878,0x66680888
	.word 0x08876664,0x87876778,0x88866667,0x68866666,0x66666666,0x66888866,0x88877886,0x87700078
	.word 0x88879990,0x87777449,0x88877444,0x00887484,0x40004878,0x44447887,0x84477488,0x74774440
	.word 0x09994088,0x44999008,0x44449900,0x44448890,0x44777770,0x48777978,0x87884447,0x88844466
	.word 0x44000000,0x40000000,0x00000000,0x90000000,0x90000000,0x90000000,0x90000000,0x00000000
	.word 0x88899044,0x78490044,0x84490440,0x64440000,0x64400009,0x66699099,0x64999094,0x49449044
	.word 0x00000000,0x40000048,0x40000886,0x64008786,0x40078878,0x00770088,0x00700000,0x04400048
	.word 0x00878770,0x00777000,0x00077004,0x00077004,0x00870004,0x08870000,0x08870000,0x08870000

	.word 0x00007700,0x00077700,0x00777000,0x70007000,0x00000077,0x00888777,0x00888767,0x78888670
	.word 0x00000000,0x70000770,0x78000777,0x67800776,0x76880077,0x88780007,0x88800007,0x00007007
	.word 0xABABA000,0xABABA000,0xABABAAA0,0xBAABBBBA,0xBADBBDD0,0xBDDBD000,0xBDDBD000,0xADDBD000
	.word 0x0ABA0BAB,0xAABAABAB,0xBBBAABAB,0xDABBABAB,0x0DABABAB,0x00ABDBDB,0x00DBDBDA,0x00DADBDA
	.word 0x66680088,0x66870000,0x78870778,0x77700888,0x00007088,0x00777000,0x00077000,0x00000000
	.word 0x70000008,0x00004408,0x07787407,0x48788440,0x78888000,0x07788000,0x00000000,0x00000000
	.word 0x67700000,0x46679040,0x94688044,0x44687844,0x44878844,0x44888744,0x44444704,0x66667700
	.word 0x88666666,0x77799494,0x08747999,0x87848784,0x88868878,0x88668888,0x76666888,0x76666666

	.word 0x00990000,0x99990000,0x44900000,0x94900000,0x94400000,0x90000000,0x00000000,0x00000000
	.word 0x44844000,0x88884400,0x47784444,0x07040099,0x00000994,0x00000949,0x00000009,0x00000000
	.word 0x04000078,0x40000770,0x40004770,0x40007700,0x00077000,0x00070000,0x00000000,0x00000000
	.word 0x04877000,0x04047800,0x00008800,0x00008800,0x00000800,0x00000080,0x00000080,0x00000000
	.word 0x78788670,0x76887700,0x77000008,0x80000087,0x00000770,0x00007700,0x00070000,0x00000000
	.word 0x00007707,0x80007778,0x88000888,0x78877788,0x88800777,0x77000077,0x77700077,0x70000000
	.word 0xBBBBBBAA,0xBBBBBBBA,0xBBBBBBBA,0xBBAAABAA,0xAAA55AAA,0x555555AA,0x51111555,0x13311155
	.word 0xBBBBBBBB,0xBBBBBBBB,0xAABBBBBB,0x5ABBBBBB,0x5AAABBBA,0x1555ABBA,0x11155AAA,0x11115555

	.word 0xBBBBBBBB,0xBBBBBBBB,0xBBBBBBAA,0xBAAAAAA5,0xA5BB5AA5,0x5ABBA551,0x55AA5551,0xA5551111
	.word 0xBBBBBBBB,0xBBBBBBBB,0xAABBBBBB,0x1AAAAABB,0x1AA55AAA,0x15555555,0x1115AA55,0x1221551A
	.word 0x87777790,0x74444440,0x66446770,0x76446877,0x77446888,0x67844688,0x67784468,0x66678440
	.word 0x09994946,0x44999948,0x44449947,0x44888967,0x44887867,0x44888787,0x44448876,0x64447766
	.word 0x23311115,0x22112115,0x11223115,0x11233215,0x22322125,0x11111235,0x21122235,0x11112325
	.word 0x12211111,0x22113332,0x22122332,0x11112231,0x52211211,0x52211111,0x55111123,0x55511122
	.word 0x51332221,0x22333123,0x12233122,0x12221111,0x11211225,0x55111225,0x55551155,0x55555555
	.word 0x11211115,0x11123211,0x11123331,0x51222321,0x55122222,0x55111111,0x55511155,0x55555555

	.word 0x66677740,0x96666770,0x99966780,0x49996778,0x44996777,0x44447700,0x44470000,0x77770000
	.word 0x66677666,0x46779494,0x44778999,0x74748884,0x74748888,0x74008878,0x04004487,0x00000000
	.word 0x11111115,0x31223225,0x31233221,0x12233221,0x11232155,0x21121555,0x32111125,0x11221321
	.word 0x55551111,0x55511113,0x55122122,0x55122122,0x55551111,0x55511133,0x55111223,0x55112223
	.word 0x12322321,0x33332121,0x22333515,0x12223515,0x12223551,0x11233521,0x22232525,0x12221125
	.word 0x55112221,0x55511111,0x55555111,0x55555511,0x55511151,0x55111151,0x55111551,0x55555551
	.word 0x11112211,0x11112221,0x11122221,0x11132221,0x11113221,0x11111332,0x11111155,0x11111115
	.word 0x55555511,0x55555551,0x55551111,0x55511112,0x55511123,0x55551222,0x55555511,0x51121111

	.word 0x55555555,0x11212225,0x11111225,0x33333125,0x22222115,0x11222125,0x55222125,0x55222125
	.word 0x55555555,0x22222222,0x11111111,0x33333333,0x22222222,0x11121122,0x55555555,0x11155115
	.word 0x55555555,0x12221122,0x11111111,0x33333333,0x22332223,0x11111111,0x55555555,0x11111555
	.word 0x55555555,0x52221222,0x52111111,0x52533333,0x51522223,0x51511111,0x51555555,0x51115511
	.word 0x11222221,0x12222221,0x22322222,0x22332222,0x22113333,0x11122222,0x11122221,0x55511115
	.word 0x11121111,0x11232211,0x11223221,0x11223331,0x51223321,0x55223211,0x55522215,0x55555555
	.word 0x55215115,0x15233125,0x15222125,0x15222115,0x15222125,0x15222115,0x15222115,0x15222115
	.word 0x11125511,0x11122511,0x11111211,0x33333331,0x22222331,0x11112231,0x55552231,0x11552221

	.word 0x11111551,0x11155511,0x11151111,0x33333333,0x22332332,0x11111111,0x55555555,0x11111111
	.word 0x51112255,0x51111125,0x51111115,0x51333333,0x51222222,0x51221111,0x51221555,0x51222111
	.word 0x33333335,0x33333335,0x22232225,0x55552225,0x11115225,0x33311225,0x33211225,0x22211225
	.word 0x53333333,0x53333333,0x52233223,0x52555555,0x51111111,0x53333333,0x52223222,0x52222222
	.word 0x15122115,0x15212115,0x15215115,0x15235115,0x15223115,0x15222115,0x15222115,0x15222115
	.word 0x51152221,0x51152221,0x21152231,0x11152221,0x33322221,0x32222221,0x12111111,0x55555551
	.word 0x33311155,0x22311125,0x22211112,0x22211111,0x22233333,0x22222322,0x21211121,0x55555555
	.word 0x51222115,0x51222115,0x51222115,0x51222155,0x51221155,0x51213555,0x51132515,0x51322115

	.word 0x52211225,0x12211225,0x32211225,0x22511225,0x55112225,0x11122225,0x22222255,0x55555555
	.word 0x52255555,0x52212311,0x52212223,0x52215222,0x52211555,0x52221111,0x52222222,0x55555555
	.word 0x55221115,0x55221115,0x33221115,0x22221115,0x11111115,0x55555115,0x51111115,0x55555555
	.word 0x51111111,0x25111115,0x33333333,0x22223223,0x11111111,0x55555555,0x11111111,0x55555555
	.word 0x11111112,0x11111111,0x33333333,0x22222222,0x11111111,0x55555555,0x11111111,0x55555555
	.word 0x51222111,0x51222111,0x51222333,0x51222222,0x51111111,0x51555555,0x51111111,0x55555555
	.word 0x22255555,0x11555111,0x15515112,0x11211122,0x11223223,0x15123223,0x15122331,0x55511111
	.word 0x15223151,0x12235551,0x11115111,0x11151122,0x51121223,0x51123333,0x55111331,0x55511111

	.section .rodata
	.align	2
	.global s1_bn_gfxMap		@ 24576 unsigned chars
	.hidden s1_bn_gfxMap
s1_bn_gfxMap:
	.hword 0x0001,0x0001,0x0001,0x0001,0x0001,0x0001,0x0001,0x0001
	.hword 0x0001,0x0001,0x0001,0x0001,0x0001,0x0001,0x0001,0x0001
	.hword 0x0001,0x0001,0x0001,0x0001,0x0001,0x0001,0x0001,0x0001
	.hword 0x0001,0x0001,0x0001,0x0001,0x0001,0x0001,0x0001,0x0001
	.hword 0x0001,0x0001,0x0001,0x0001,0x0001,0x0001,0x0001,0x0001
	.hword 0x0001,0x0001,0x0001,0x0001,0x0001,0x0001,0x0001,0x0001
	.hword 0x0001,0x0001,0x0001,0x0001,0x0001,0x0001,0x0001,0x0001
	.hword 0x0001,0x0001,0x0001,0x0001,0x0001,0x0001,0x0001,0x0001

	.hword 0x0001,0x0001,0x0001,0x0001,0x0001,0x0001,0x0001,0x0001
	.hword 0x0001,0x0001,0x0001,0x0001,0x0001,0x0001,0x0001,0x0001
	.hword 0x0001,0x0001,0x0001,0x0001,0x0001,0x0001,0x0001,0x0001
	.hword 0x0001,0x0001,0x0001,0x0001,0x0001,0x0001,0x0001,0x0001
	.hword 0x0001,0x0001,0x0001,0x0001,0x0001,0x0001,0x0001,0x0001
	.hword 0x0001,0x0001,0x0001,0x0001,0x0001,0x0001,0x0001,0x0001
	.hword 0x0001,0x0001,0x0001,0x0001,0x0001,0x0001,0x0001,0x0001
	.hword 0x0001,0x0001,0x0001,0x0001,0x0001,0x0001,0x0001,0x0001

	.hword 0x0001,0x0001,0x0001,0x0001,0x0001,0x0001,0x0001,0x0001
	.hword 0x0001,0x0001,0x0001,0x0001,0x0001,0x0001,0x0001,0x0001
	.hword 0x0001,0x0001,0x0001,0x0001,0x0001,0x0001,0x0001,0x0001
	.hword 0x0001,0x0001,0x0001,0x0001,0x0001,0x0001,0x0001,0x0001
	.hword 0x0001,0x0001,0x0001,0x0001,0x0001,0x0001,0x0001,0x0001
	.hword 0x0001,0x0001,0x0001,0x0001,0x0001,0x0001,0x0001,0x0001
	.hword 0x0001,0x0001,0x0001,0x0001,0x0001,0x0001,0x0001,0x0001
	.hword 0x0001,0x0001,0x0001,0x0001,0x0001,0x0001,0x0001,0x0001

	.hword 0x0001,0x0001,0x0001,0x0001,0x0001,0x0001,0x0001,0x0001
	.hword 0x0001,0x0001,0x0001,0x0001,0x0001,0x0001,0x0001,0x0001
	.hword 0x0001,0x0001,0x0001,0x0001,0x0001,0x0001,0x0001,0x0001
	.hword 0x0001,0x0001,0x0001,0x0001,0x0001,0x0001,0x0001,0x0001
	.hword 0x0001,0x0001,0x0001,0x0001,0x0001,0x0001,0x0001,0x0001
	.hword 0x0001,0x0001,0x0001,0x0001,0x0001,0x0001,0x0001,0x0001
	.hword 0x0001,0x0001,0x0001,0x0001,0x0001,0x0001,0x0001,0x0001
	.hword 0x0001,0x0001,0x0001,0x0001,0x0001,0x0001,0x0001,0x0001

	.hword 0x0001,0x0001,0x0001,0x0001,0x0001,0x0001,0x0001,0x0001
	.hword 0x0001,0x0001,0x0001,0x0001,0x0001,0x0001,0x0001,0x0001
	.hword 0x0001,0x0001,0x0001,0x0001,0x0001,0x0001,0x0001,0x0001
	.hword 0x0001,0x0001,0x0001,0x0001,0x0001,0x0001,0x0001,0x0001
	.hword 0x0001,0x0001,0x0001,0x0001,0x0001,0x0001,0x0001,0x0001
	.hword 0x0001,0x0001,0x0001,0x0001,0x0001,0x0001,0x0001,0x0001
	.hword 0x0001,0x0001,0x0001,0x0001,0x0001,0x0001,0x0001,0x0001
	.hword 0x0001,0x0001,0x0001,0x0001,0x0001,0x0001,0x0001,0x0001

	.hword 0x0001,0x0001,0x0001,0x0001,0x0001,0x0001,0x0001,0x0001
	.hword 0x0001,0x0001,0x0001,0x0001,0x0001,0x0001,0x0001,0x0001
	.hword 0x0001,0x0001,0x0001,0x0001,0x0001,0x0001,0x0001,0x0001
	.hword 0x0001,0x0001,0x0001,0x0001,0x0001,0x0001,0x0001,0x0001
	.hword 0x0001,0x0001,0x0001,0x0001,0x0001,0x0001,0x0001,0x0001
	.hword 0x0001,0x0001,0x0001,0x0001,0x0001,0x0001,0x0001,0x0001
	.hword 0x0001,0x0001,0x0001,0x0001,0x0001,0x0001,0x0001,0x0001
	.hword 0x0001,0x0001,0x0001,0x0001,0x0001,0x0001,0x0001,0x0001

	.hword 0x0001,0x0001,0x0001,0x0001,0x0001,0x0001,0x0001,0x0001
	.hword 0x0001,0x0001,0x0001,0x0001,0x0001,0x0001,0x0001,0x0001
	.hword 0x0001,0x0001,0x0001,0x0001,0x0001,0x0001,0x0001,0x0001
	.hword 0x0001,0x0001,0x0001,0x0001,0x0001,0x0001,0x0001,0x0001
	.hword 0x0001,0x0001,0x0001,0x0001,0x0001,0x0001,0x0001,0x0001
	.hword 0x0001,0x0001,0x0001,0x0001,0x0001,0x0001,0x0001,0x0001
	.hword 0x0001,0x0001,0x0001,0x0001,0x0001,0x0001,0x0001,0x0001
	.hword 0x0001,0x0001,0x0001,0x0001,0x0001,0x0001,0x0001,0x0001

	.hword 0x0001,0x0001,0x0001,0x0001,0x0001,0x0001,0x0001,0x0001
	.hword 0x0001,0x0001,0x0001,0x0001,0x0001,0x0001,0x0001,0x0001
	.hword 0x0001,0x0001,0x0001,0x0001,0x0001,0x0001,0x0001,0x0001
	.hword 0x0001,0x0001,0x0001,0x0001,0x0001,0x0001,0x0001,0x0001
	.hword 0x0001,0x0001,0x0001,0x0001,0x0001,0x0001,0x0001,0x0001
	.hword 0x0001,0x0001,0x0001,0x0001,0x0001,0x0001,0x0001,0x0001
	.hword 0x0001,0x0001,0x0001,0x0001,0x0001,0x0001,0x0001,0x0001
	.hword 0x0001,0x0001,0x0001,0x0001,0x0001,0x0001,0x0001,0x0001

	.hword 0x0001,0x0001,0x0001,0x0001,0x0001,0x0001,0x0001,0x0001
	.hword 0x0001,0x0001,0x0001,0x0001,0x0001,0x0001,0x0001,0x0001
	.hword 0x0001,0x0001,0x0001,0x0001,0x0001,0x0001,0x0001,0x0001
	.hword 0x0001,0x0001,0x0001,0x0001,0x0001,0x0001,0x0001,0x0001
	.hword 0x0001,0x0001,0x0001,0x0001,0x0001,0x0001,0x0001,0x0001
	.hword 0x0001,0x0001,0x0001,0x0001,0x0001,0x0001,0x0001,0x0001
	.hword 0x0001,0x0001,0x0001,0x0001,0x0001,0x0001,0x0001,0x0001
	.hword 0x0001,0x0001,0x0001,0x0001,0x0001,0x0001,0x0001,0x0001

	.hword 0x0001,0x0001,0x0001,0x0001,0x0001,0x0001,0x0001,0x0001
	.hword 0x0001,0x0001,0x0001,0x0001,0x0001,0x0001,0x0001,0x0001
	.hword 0x0001,0x0001,0x0001,0x0001,0x0001,0x0001,0x0001,0x0001
	.hword 0x0001,0x0001,0x0001,0x0001,0x0001,0x0001,0x0001,0x0001
	.hword 0x0001,0x0001,0x0001,0x0001,0x0001,0x0001,0x0001,0x0001
	.hword 0x0001,0x0001,0x0001,0x0001,0x0001,0x0001,0x0001,0x0001
	.hword 0x0001,0x0001,0x0001,0x0001,0x0001,0x0001,0x0001,0x0001
	.hword 0x0001,0x0001,0x0001,0x0001,0x0001,0x0001,0x0001,0x0001

	.hword 0x0001,0x0001,0x0001,0x0001,0x0001,0x0001,0x0001,0x0001
	.hword 0x0001,0x0001,0x0001,0x0001,0x0001,0x0001,0x0001,0x0001
	.hword 0x0001,0x0001,0x0001,0x0001,0x0001,0x0001,0x0001,0x0001
	.hword 0x0001,0x0001,0x0001,0x0001,0x0001,0x0001,0x0001,0x0001
	.hword 0x0001,0x0001,0x0001,0x0001,0x0001,0x0001,0x0001,0x0001
	.hword 0x0001,0x0001,0x0001,0x0001,0x0001,0x0001,0x0001,0x0001
	.hword 0x0001,0x0001,0x0001,0x0001,0x0001,0x0001,0x0001,0x0001
	.hword 0x0001,0x0001,0x0001,0x0001,0x0001,0x0001,0x0001,0x0001

	.hword 0x0001,0x0001,0x0001,0x0001,0x0001,0x0001,0x0001,0x0001
	.hword 0x0001,0x0001,0x0001,0x0001,0x0001,0x0001,0x0001,0x0001
	.hword 0x0001,0x0001,0x0001,0x0001,0x0001,0x0001,0x0001,0x0001
	.hword 0x0001,0x0001,0x0001,0x0001,0x0001,0x0001,0x0001,0x0001
	.hword 0x0001,0x0001,0x0001,0x0001,0x0001,0x0001,0x0001,0x0001
	.hword 0x0001,0x0001,0x0001,0x0001,0x0001,0x0001,0x0001,0x0001
	.hword 0x0001,0x0001,0x0001,0x0001,0x0001,0x0001,0x0001,0x0001
	.hword 0x0001,0x0001,0x0001,0x0001,0x0001,0x0001,0x0001,0x0001

	.hword 0x0001,0x0001,0x0001,0x0001,0x0001,0x0001,0x0001,0x0001
	.hword 0x0001,0x0001,0x0001,0x0001,0x0001,0x0001,0x0001,0x0001
	.hword 0x0001,0x0001,0x0001,0x0001,0x0001,0x0001,0x0001,0x0001
	.hword 0x0001,0x0001,0x0001,0x0001,0x0001,0x0001,0x0001,0x0001
	.hword 0x0001,0x0001,0x0001,0x0001,0x0001,0x0001,0x0001,0x0001
	.hword 0x0001,0x0001,0x0001,0x0001,0x0001,0x0001,0x0001,0x0001
	.hword 0x0001,0x0001,0x0001,0x0001,0x0001,0x0001,0x0001,0x0001
	.hword 0x0001,0x0001,0x0001,0x0001,0x0001,0x0001,0x0001,0x0001

	.hword 0x0001,0x0001,0x0001,0x0001,0x0001,0x0001,0x0001,0x0001
	.hword 0x0001,0x0001,0x0001,0x0001,0x0001,0x0001,0x0001,0x0001
	.hword 0x0001,0x0001,0x0001,0x0001,0x0001,0x0001,0x0001,0x0001
	.hword 0x0001,0x0001,0x0001,0x0001,0x0001,0x0001,0x0001,0x0001
	.hword 0x0001,0x0001,0x0001,0x0001,0x0001,0x0001,0x0001,0x0001
	.hword 0x0001,0x0001,0x0001,0x0001,0x0001,0x0001,0x0001,0x0001
	.hword 0x0001,0x0001,0x0001,0x0001,0x0001,0x0001,0x0001,0x0001
	.hword 0x0001,0x0001,0x0001,0x0001,0x0001,0x0001,0x0001,0x0001

	.hword 0x0001,0x0001,0x0001,0x0001,0x0001,0x0001,0x0001,0x0001
	.hword 0x0001,0x0001,0x0001,0x0001,0x0001,0x0001,0x0001,0x0001
	.hword 0x0001,0x0001,0x0001,0x0001,0x0001,0x0001,0x0001,0x0001
	.hword 0x0001,0x0001,0x0001,0x0001,0x0001,0x0001,0x0001,0x0001
	.hword 0x0001,0x0001,0x0001,0x0001,0x0001,0x0001,0x0001,0x0001
	.hword 0x0001,0x0001,0x0001,0x0001,0x0001,0x0001,0x0001,0x0001
	.hword 0x0001,0x0001,0x0001,0x0001,0x0001,0x0001,0x0001,0x0001
	.hword 0x0001,0x0001,0x0001,0x0001,0x0001,0x0001,0x0001,0x0001

	.hword 0x0001,0x0001,0x0001,0x0001,0x0001,0x0001,0x0001,0x0001
	.hword 0x0001,0x0001,0x0001,0x0001,0x0001,0x0001,0x0001,0x0001
	.hword 0x0001,0x0001,0x0001,0x0001,0x0001,0x0001,0x0001,0x0001
	.hword 0x0001,0x0001,0x0001,0x0001,0x0001,0x0001,0x0001,0x0001
	.hword 0x0001,0x0001,0x0001,0x0001,0x0001,0x0001,0x0001,0x0001
	.hword 0x0001,0x0001,0x0001,0x0001,0x0001,0x0001,0x0001,0x0001
	.hword 0x0001,0x0001,0x0001,0x0001,0x0001,0x0001,0x0001,0x0001
	.hword 0x0001,0x0001,0x0001,0x0001,0x0001,0x0001,0x0001,0x0001

	.hword 0x0001,0x0001,0x0001,0x0001,0x0001,0x0001,0x0001,0x0001
	.hword 0x0001,0x0001,0x0001,0x0001,0x0001,0x0001,0x0001,0x0001
	.hword 0x0001,0x0001,0x0001,0x0001,0x0001,0x0001,0x0001,0x0001
	.hword 0x0001,0x0001,0x0001,0x0001,0x0001,0x0001,0x0001,0x0001
	.hword 0x0001,0x0001,0x0001,0x0001,0x0001,0x0001,0x0001,0x0001
	.hword 0x0001,0x0001,0x0001,0x0001,0x0001,0x0001,0x0001,0x0001
	.hword 0x0001,0x0001,0x0001,0x0001,0x0001,0x0001,0x0001,0x0001
	.hword 0x0001,0x0001,0x0001,0x0001,0x0001,0x0001,0x0001,0x0001

	.hword 0x0001,0x0001,0x0001,0x0001,0x0001,0x0001,0x0001,0x0001
	.hword 0x0001,0x0001,0x0001,0x0001,0x0001,0x0001,0x0001,0x0001
	.hword 0x0001,0x0001,0x0001,0x0001,0x0001,0x0001,0x0001,0x0001
	.hword 0x0001,0x0001,0x0001,0x0001,0x0001,0x0001,0x0001,0x0001
	.hword 0x0001,0x0001,0x0001,0x0001,0x0001,0x0001,0x0001,0x0001
	.hword 0x0001,0x0001,0x0001,0x0001,0x0001,0x0001,0x0001,0x0001
	.hword 0x0001,0x0001,0x0001,0x0001,0x0001,0x0001,0x0001,0x0001
	.hword 0x0001,0x0001,0x0001,0x0001,0x0001,0x0001,0x0001,0x0001

	.hword 0x0002,0x0003,0x0002,0x0003,0x0004,0x0005,0x0006,0x0007
	.hword 0x0002,0x0003,0x0004,0x0005,0x0002,0x0003,0x0002,0x0003
	.hword 0x0004,0x0005,0x0006,0x0007,0x0002,0x0003,0x0004,0x0005
	.hword 0x0006,0x0007,0x0002,0x0003,0x0004,0x0005,0x0006,0x0007
	.hword 0x0002,0x0003,0x0004,0x0005,0x0002,0x0003,0x0002,0x0003
	.hword 0x0004,0x0005,0x0006,0x0007,0x0002,0x0003,0x0004,0x0005
	.hword 0x0006,0x0007,0x0002,0x0003,0x0004,0x0005,0x0002,0x0003
	.hword 0x0004,0x0005,0x0006,0x0007,0x0002,0x0003,0x0002,0x0003

	.hword 0x0004,0x0005,0x0006,0x0007,0x0002,0x0003,0x0004,0x0005
	.hword 0x0002,0x0003,0x0002,0x0003,0x0004,0x0005,0x0002,0x0003
	.hword 0x0004,0x0005,0x0002,0x0003,0x0002,0x0003,0x0004,0x0005
	.hword 0x0002,0x0003,0x0002,0x0003,0x0004,0x0005,0x0006,0x0007
	.hword 0x0002,0x0003,0x0002,0x0003,0x0004,0x0005,0x0006,0x0007
	.hword 0x0002,0x0003,0x0004,0x0005,0x0002,0x0003,0x0002,0x0003
	.hword 0x0004,0x0005,0x0006,0x0007,0x0002,0x0003,0x0004,0x0005
	.hword 0x0006,0x0007,0x0002,0x0003,0x0004,0x0005,0x0006,0x0007

	.hword 0x0002,0x0003,0x0004,0x0005,0x0002,0x0003,0x0002,0x0003
	.hword 0x0004,0x0005,0x0006,0x0007,0x0002,0x0003,0x0004,0x0005
	.hword 0x0006,0x0007,0x0002,0x0003,0x0004,0x0005,0x0002,0x0003
	.hword 0x0004,0x0005,0x0006,0x0007,0x0002,0x0003,0x0002,0x0003
	.hword 0x0004,0x0005,0x0006,0x0007,0x0002,0x0003,0x0004,0x0005
	.hword 0x0002,0x0003,0x0002,0x0003,0x0004,0x0005,0x0002,0x0003
	.hword 0x0004,0x0005,0x0002,0x0003,0x0002,0x0003,0x0004,0x0005
	.hword 0x0002,0x0003,0x0002,0x0003,0x0004,0x0005,0x0006,0x0007

	.hword 0x0008,0x0009,0x0008,0x0009,0x000A,0x000B,0x000C,0x000D
	.hword 0x0008,0x0009,0x000A,0x000B,0x0008,0x0009,0x0008,0x0009
	.hword 0x000A,0x000B,0x000C,0x000D,0x0008,0x0009,0x000A,0x000B
	.hword 0x000C,0x000D,0x0008,0x0009,0x000A,0x000B,0x000C,0x000D
	.hword 0x0008,0x0009,0x000A,0x000B,0x0008,0x0009,0x0008,0x0009
	.hword 0x000A,0x000B,0x000C,0x000D,0x0008,0x0009,0x000A,0x000B
	.hword 0x000C,0x000D,0x0008,0x0009,0x000A,0x000B,0x0008,0x0009
	.hword 0x000A,0x000B,0x000C,0x000D,0x0008,0x0009,0x0008,0x0009

	.hword 0x000A,0x000B,0x000C,0x000D,0x0008,0x0009,0x000A,0x000B
	.hword 0x0008,0x0009,0x0008,0x0009,0x000A,0x000B,0x0008,0x0009
	.hword 0x000A,0x000B,0x0008,0x0009,0x0008,0x0009,0x000A,0x000B
	.hword 0x0008,0x0009,0x0008,0x0009,0x000A,0x000B,0x000C,0x000D
	.hword 0x0008,0x0009,0x0008,0x0009,0x000A,0x000B,0x000C,0x000D
	.hword 0x0008,0x0009,0x000A,0x000B,0x0008,0x0009,0x0008,0x0009
	.hword 0x000A,0x000B,0x000C,0x000D,0x0008,0x0009,0x000A,0x000B
	.hword 0x000C,0x000D,0x0008,0x0009,0x000A,0x000B,0x000C,0x000D

	.hword 0x0008,0x0009,0x000A,0x000B,0x0008,0x0009,0x0008,0x0009
	.hword 0x000A,0x000B,0x000C,0x000D,0x0008,0x0009,0x000A,0x000B
	.hword 0x000C,0x000D,0x0008,0x0009,0x000A,0x000B,0x0008,0x0009
	.hword 0x000A,0x000B,0x000C,0x000D,0x0008,0x0009,0x0008,0x0009
	.hword 0x000A,0x000B,0x000C,0x000D,0x0008,0x0009,0x000A,0x000B
	.hword 0x0008,0x0009,0x0008,0x0009,0x000A,0x000B,0x0008,0x0009
	.hword 0x000A,0x000B,0x0008,0x0009,0x0008,0x0009,0x000A,0x000B
	.hword 0x0008,0x0009,0x0008,0x0009,0x000A,0x000B,0x000C,0x000D

	.hword 0x000E,0x000F,0x000E,0x000F,0x0010,0x0011,0x0000,0x0000
	.hword 0x000E,0x000F,0x0010,0x0011,0x000E,0x000F,0x000E,0x000F
	.hword 0x0010,0x0011,0x0000,0x0000,0x000E,0x000F,0x0010,0x0011
	.hword 0x0000,0x0000,0x000E,0x000F,0x0010,0x0011,0x0000,0x0000
	.hword 0x000E,0x000F,0x0010,0x0011,0x000E,0x000F,0x000E,0x000F
	.hword 0x0010,0x0011,0x0000,0x0000,0x000E,0x000F,0x0010,0x0011
	.hword 0x0000,0x0000,0x000E,0x000F,0x0010,0x0011,0x000E,0x000F
	.hword 0x0010,0x0011,0x0000,0x0000,0x000E,0x000F,0x000E,0x000F

	.hword 0x0010,0x0011,0x0000,0x0000,0x000E,0x000F,0x0010,0x0011
	.hword 0x000E,0x000F,0x000E,0x000F,0x0010,0x0011,0x000E,0x000F
	.hword 0x0010,0x0011,0x000E,0x000F,0x000E,0x000F,0x0010,0x0011
	.hword 0x000E,0x000F,0x000E,0x000F,0x0010,0x0011,0x0000,0x0000
	.hword 0x000E,0x000F,0x000E,0x000F,0x0010,0x0011,0x0000,0x0000
	.hword 0x000E,0x000F,0x0010,0x0011,0x000E,0x000F,0x000E,0x000F
	.hword 0x0010,0x0011,0x0000,0x0000,0x000E,0x000F,0x0010,0x0011
	.hword 0x0000,0x0000,0x000E,0x000F,0x0010,0x0011,0x0000,0x0000

	.hword 0x000E,0x000F,0x0010,0x0011,0x000E,0x000F,0x000E,0x000F
	.hword 0x0010,0x0011,0x0000,0x0000,0x000E,0x000F,0x0010,0x0011
	.hword 0x0000,0x0000,0x000E,0x000F,0x0010,0x0011,0x000E,0x000F
	.hword 0x0010,0x0011,0x0000,0x0000,0x000E,0x000F,0x000E,0x000F
	.hword 0x0010,0x0011,0x0000,0x0000,0x000E,0x000F,0x0010,0x0011
	.hword 0x000E,0x000F,0x000E,0x000F,0x0010,0x0011,0x000E,0x000F
	.hword 0x0010,0x0011,0x000E,0x000F,0x000E,0x000F,0x0010,0x0011
	.hword 0x000E,0x000F,0x000E,0x000F,0x0010,0x0011,0x0000,0x0000

	.hword 0x0012,0x0013,0x0012,0x0013,0x0014,0x0000,0x0000,0x0000
	.hword 0x0012,0x0013,0x0014,0x0000,0x0012,0x0013,0x0012,0x0013
	.hword 0x0014,0x0000,0x0000,0x0000,0x0012,0x0013,0x0014,0x0000
	.hword 0x0000,0x0000,0x0012,0x0013,0x0014,0x0000,0x0000,0x0000
	.hword 0x0012,0x0013,0x0014,0x0000,0x0012,0x0013,0x0012,0x0013
	.hword 0x0014,0x0000,0x0000,0x0000,0x0012,0x0013,0x0014,0x0000
	.hword 0x0000,0x0000,0x0012,0x0013,0x0014,0x0000,0x0012,0x0013
	.hword 0x0014,0x0000,0x0000,0x0000,0x0012,0x0013,0x0012,0x0013

	.hword 0x0014,0x0000,0x0000,0x0000,0x0012,0x0013,0x0014,0x0000
	.hword 0x0012,0x0013,0x0012,0x0013,0x0014,0x0000,0x0012,0x0013
	.hword 0x0014,0x0000,0x0012,0x0013,0x0012,0x0013,0x0014,0x0000
	.hword 0x0012,0x0013,0x0012,0x0013,0x0014,0x0000,0x0000,0x0000
	.hword 0x0012,0x0013,0x0012,0x0013,0x0014,0x0000,0x0000,0x0000
	.hword 0x0012,0x0013,0x0014,0x0000,0x0012,0x0013,0x0012,0x0013
	.hword 0x0014,0x0000,0x0000,0x0000,0x0012,0x0013,0x0014,0x0000
	.hword 0x0000,0x0000,0x0012,0x0013,0x0014,0x0000,0x0000,0x0000

	.hword 0x0012,0x0013,0x0014,0x0000,0x0012,0x0013,0x0012,0x0013
	.hword 0x0014,0x0000,0x0000,0x0000,0x0012,0x0013,0x0014,0x0000
	.hword 0x0000,0x0000,0x0012,0x0013,0x0014,0x0000,0x0012,0x0013
	.hword 0x0014,0x0000,0x0000,0x0000,0x0012,0x0013,0x0012,0x0013
	.hword 0x0014,0x0000,0x0000,0x0000,0x0012,0x0013,0x0014,0x0000
	.hword 0x0012,0x0013,0x0012,0x0013,0x0014,0x0000,0x0012,0x0013
	.hword 0x0014,0x0000,0x0012,0x0013,0x0012,0x0013,0x0014,0x0000
	.hword 0x0012,0x0013,0x0012,0x0013,0x0014,0x0000,0x0000,0x0000

	.hword 0x0015,0x0016,0x0015,0x0016,0x0000,0x0000,0x0000,0x0000
	.hword 0x0015,0x0016,0x0000,0x0000,0x0015,0x0016,0x0015,0x0016
	.hword 0x0000,0x0000,0x0000,0x0000,0x0015,0x0016,0x0000,0x0000
	.hword 0x0000,0x0000,0x0015,0x0016,0x0000,0x0000,0x0000,0x0000
	.hword 0x0015,0x0016,0x0000,0x0000,0x0015,0x0016,0x0015,0x0016
	.hword 0x0000,0x0000,0x0000,0x0000,0x0015,0x0016,0x0000,0x0000
	.hword 0x0000,0x0000,0x0015,0x0016,0x0000,0x0000,0x0015,0x0016
	.hword 0x0000,0x0000,0x0000,0x0000,0x0015,0x0016,0x0015,0x0016

	.hword 0x0000,0x0000,0x0000,0x0000,0x0015,0x0016,0x0000,0x0000
	.hword 0x0015,0x0016,0x0015,0x0016,0x0000,0x0000,0x0015,0x0016
	.hword 0x0000,0x0000,0x0015,0x0016,0x0015,0x0016,0x0000,0x0000
	.hword 0x0015,0x0016,0x0015,0x0016,0x0000,0x0000,0x0000,0x0000
	.hword 0x0015,0x0016,0x0015,0x0016,0x0000,0x0000,0x0000,0x0000
	.hword 0x0015,0x0016,0x0000,0x0000,0x0015,0x0016,0x0015,0x0016
	.hword 0x0000,0x0000,0x0000,0x0000,0x0015,0x0016,0x0000,0x0000
	.hword 0x0000,0x0000,0x0015,0x0016,0x0000,0x0000,0x0000,0x0000

	.hword 0x0015,0x0016,0x0000,0x0000,0x0015,0x0016,0x0015,0x0016
	.hword 0x0000,0x0000,0x0000,0x0000,0x0015,0x0016,0x0000,0x0000
	.hword 0x0000,0x0000,0x0015,0x0016,0x0000,0x0000,0x0015,0x0016
	.hword 0x0000,0x0000,0x0000,0x0000,0x0015,0x0016,0x0015,0x0016
	.hword 0x0000,0x0000,0x0000,0x0000,0x0015,0x0016,0x0000,0x0000
	.hword 0x0015,0x0016,0x0015,0x0016,0x0000,0x0000,0x0015,0x0016
	.hword 0x0000,0x0000,0x0015,0x0016,0x0015,0x0016,0x0000,0x0000
	.hword 0x0015,0x0016,0x0015,0x0016,0x0000,0x0000,0x0000,0x0000

	.hword 0x0017,0x0018,0x0017,0x0018,0x0000,0x0000,0x0000,0x0000
	.hword 0x0017,0x0018,0x0000,0x0000,0x0017,0x0018,0x0017,0x0018
	.hword 0x0000,0x0000,0x0000,0x0000,0x0017,0x0018,0x0000,0x0000
	.hword 0x0000,0x0000,0x0017,0x0018,0x0000,0x0000,0x0000,0x0000
	.hword 0x0017,0x0018,0x0000,0x0000,0x0017,0x0018,0x0017,0x0018
	.hword 0x0000,0x0000,0x0000,0x0000,0x0017,0x0018,0x0000,0x0000
	.hword 0x0000,0x0000,0x0017,0x0018,0x0000,0x0000,0x0017,0x0018
	.hword 0x0000,0x0000,0x0000,0x0000,0x0017,0x0018,0x0017,0x0018

	.hword 0x0000,0x0000,0x0000,0x0000,0x0017,0x0018,0x0000,0x0000
	.hword 0x0017,0x0018,0x0017,0x0018,0x0000,0x0000,0x0017,0x0018
	.hword 0x0000,0x0000,0x0017,0x0018,0x0017,0x0018,0x0000,0x0000
	.hword 0x0017,0x0018,0x0017,0x0018,0x0000,0x0000,0x0000,0x0000
	.hword 0x0017,0x0018,0x0017,0x0018,0x0000,0x0000,0x0000,0x0000
	.hword 0x0017,0x0018,0x0000,0x0000,0x0017,0x0018,0x0017,0x0018
	.hword 0x0000,0x0000,0x0000,0x0000,0x0017,0x0018,0x0000,0x0000
	.hword 0x0000,0x0000,0x0017,0x0018,0x0000,0x0000,0x0000,0x0000

	.hword 0x0017,0x0018,0x0000,0x0000,0x0017,0x0018,0x0017,0x0018
	.hword 0x0000,0x0000,0x0000,0x0000,0x0017,0x0018,0x0000,0x0000
	.hword 0x0000,0x0000,0x0017,0x0018,0x0000,0x0000,0x0017,0x0018
	.hword 0x0000,0x0000,0x0000,0x0000,0x0017,0x0018,0x0017,0x0018
	.hword 0x0000,0x0000,0x0000,0x0000,0x0017,0x0018,0x0000,0x0000
	.hword 0x0017,0x0018,0x0017,0x0018,0x0000,0x0000,0x0017,0x0018
	.hword 0x0000,0x0000,0x0017,0x0018,0x0017,0x0018,0x0000,0x0000
	.hword 0x0017,0x0018,0x0017,0x0018,0x0000,0x0000,0x0000,0x0000

	.hword 0x0000,0x0000,0x0000,0x0000,0x0000,0x0000,0x0000,0x0000
	.hword 0x0000,0x0000,0x0000,0x0000,0x0000,0x0000,0x0000,0x0000
	.hword 0x0000,0x0000,0x0000,0x0000,0x0000,0x0000,0x0000,0x0000
	.hword 0x0000,0x0000,0x0000,0x0000,0x0000,0x0000,0x0000,0x0000
	.hword 0x0000,0x0000,0x0000,0x0000,0x0000,0x0000,0x0000,0x0000
	.hword 0x0000,0x0000,0x0000,0x0000,0x0000,0x0000,0x0000,0x0000
	.hword 0x0000,0x0000,0x0000,0x0000,0x0000,0x0000,0x0000,0x0000
	.hword 0x0000,0x0000,0x0000,0x0000,0x0000,0x0000,0x0000,0x0000

	.hword 0x0000,0x0000,0x0000,0x0000,0x0000,0x0000,0x0000,0x0000
	.hword 0x0000,0x0000,0x0000,0x0000,0x0000,0x0000,0x0000,0x0000
	.hword 0x0000,0x0000,0x0000,0x0000,0x0000,0x0000,0x0000,0x0000
	.hword 0x0000,0x0000,0x0000,0x0000,0x0000,0x0000,0x0000,0x0000
	.hword 0x0000,0x0000,0x0000,0x0000,0x0000,0x0000,0x0000,0x0000
	.hword 0x0000,0x0000,0x0000,0x0000,0x0000,0x0000,0x0000,0x0000
	.hword 0x0000,0x0000,0x0000,0x0000,0x0000,0x0000,0x0000,0x0000
	.hword 0x0000,0x0000,0x0000,0x0000,0x0000,0x0000,0x0000,0x0000

	.hword 0x0000,0x0000,0x0000,0x0000,0x0000,0x0000,0x0000,0x0000
	.hword 0x0000,0x0000,0x0000,0x0000,0x0000,0x0000,0x0000,0x0000
	.hword 0x0000,0x0000,0x0000,0x0000,0x0000,0x0000,0x0000,0x0000
	.hword 0x0000,0x0000,0x0000,0x0000,0x0000,0x0000,0x0000,0x0000
	.hword 0x0000,0x0000,0x0000,0x0000,0x0000,0x0000,0x0000,0x0000
	.hword 0x0000,0x0000,0x0000,0x0000,0x0000,0x0000,0x0000,0x0000
	.hword 0x0000,0x0000,0x0000,0x0000,0x0000,0x0000,0x0000,0x0000
	.hword 0x0000,0x0000,0x0000,0x0000,0x0000,0x0000,0x0000,0x0000

	.hword 0x0000,0x0000,0x0000,0x0000,0x0000,0x0000,0x0000,0x0000
	.hword 0x0000,0x0000,0x0000,0x0000,0x0000,0x0000,0x0000,0x0000
	.hword 0x0000,0x0000,0x0000,0x0000,0x0000,0x0000,0x0000,0x0000
	.hword 0x0000,0x0000,0x0000,0x0000,0x0000,0x0000,0x0000,0x0000
	.hword 0x0000,0x0000,0x0000,0x0000,0x0000,0x0000,0x0000,0x0000
	.hword 0x0000,0x0000,0x0000,0x0000,0x0000,0x0000,0x0000,0x0000
	.hword 0x0000,0x0000,0x0000,0x0000,0x0000,0x0000,0x0000,0x0000
	.hword 0x0000,0x0000,0x0000,0x0000,0x0000,0x0000,0x0000,0x0000

	.hword 0x0000,0x0000,0x0000,0x0000,0x0000,0x0000,0x0000,0x0000
	.hword 0x0000,0x0000,0x0000,0x0000,0x0000,0x0000,0x0000,0x0000
	.hword 0x0000,0x0000,0x0000,0x0000,0x0000,0x0000,0x0000,0x0000
	.hword 0x0000,0x0000,0x0000,0x0000,0x0000,0x0000,0x0000,0x0000
	.hword 0x0000,0x0000,0x0000,0x0000,0x0000,0x0000,0x0000,0x0000
	.hword 0x0000,0x0000,0x0000,0x0000,0x0000,0x0000,0x0000,0x0000
	.hword 0x0000,0x0000,0x0000,0x0000,0x0000,0x0000,0x0000,0x0000
	.hword 0x0000,0x0000,0x0000,0x0000,0x0000,0x0000,0x0000,0x0000

	.hword 0x0000,0x0000,0x0000,0x0000,0x0000,0x0000,0x0000,0x0000
	.hword 0x0000,0x0000,0x0000,0x0000,0x0000,0x0000,0x0000,0x0000
	.hword 0x0000,0x0000,0x0000,0x0000,0x0000,0x0000,0x0000,0x0000
	.hword 0x0000,0x0000,0x0000,0x0000,0x0000,0x0000,0x0000,0x0000
	.hword 0x0000,0x0000,0x0000,0x0000,0x0000,0x0000,0x0000,0x0000
	.hword 0x0000,0x0000,0x0000,0x0000,0x0000,0x0000,0x0000,0x0000
	.hword 0x0000,0x0000,0x0000,0x0000,0x0000,0x0000,0x0000,0x0000
	.hword 0x0000,0x0000,0x0000,0x0000,0x0000,0x0000,0x0000,0x0000

	.hword 0x0000,0x0000,0x0000,0x0000,0x0000,0x0000,0x0000,0x0000
	.hword 0x0000,0x0000,0x0000,0x0000,0x0000,0x0000,0x0000,0x0000
	.hword 0x0000,0x0000,0x0000,0x0000,0x0000,0x0000,0x0000,0x0000
	.hword 0x0000,0x0000,0x0000,0x0000,0x0000,0x0000,0x0000,0x0000
	.hword 0x0000,0x0000,0x0000,0x0000,0x0000,0x0000,0x0000,0x0000
	.hword 0x0000,0x0000,0x0000,0x0000,0x0000,0x0000,0x0000,0x0000
	.hword 0x0000,0x0000,0x0000,0x0000,0x0000,0x0000,0x0000,0x0000
	.hword 0x0000,0x0000,0x0000,0x0000,0x0000,0x0000,0x0000,0x0000

	.hword 0x0000,0x0000,0x0000,0x0000,0x0000,0x0000,0x0000,0x0000
	.hword 0x0000,0x0000,0x0000,0x0000,0x0000,0x0000,0x0000,0x0000
	.hword 0x0000,0x0000,0x0000,0x0000,0x0000,0x0000,0x0000,0x0000
	.hword 0x0000,0x0000,0x0000,0x0000,0x0000,0x0000,0x0000,0x0000
	.hword 0x0000,0x0000,0x0000,0x0000,0x0000,0x0000,0x0000,0x0000
	.hword 0x0000,0x0000,0x0000,0x0000,0x0000,0x0000,0x0000,0x0000
	.hword 0x0000,0x0000,0x0000,0x0000,0x0000,0x0000,0x0000,0x0000
	.hword 0x0000,0x0000,0x0000,0x0000,0x0000,0x0000,0x0000,0x0000

	.hword 0x0000,0x0000,0x0000,0x0000,0x0000,0x0000,0x0000,0x0000
	.hword 0x0000,0x0000,0x0000,0x0000,0x0000,0x0000,0x0000,0x0000
	.hword 0x0000,0x0000,0x0000,0x0000,0x0000,0x0000,0x0000,0x0000
	.hword 0x0000,0x0000,0x0000,0x0000,0x0000,0x0000,0x0000,0x0000
	.hword 0x0000,0x0000,0x0000,0x0000,0x0000,0x0000,0x0000,0x0000
	.hword 0x0000,0x0000,0x0000,0x0000,0x0000,0x0000,0x0000,0x0000
	.hword 0x0000,0x0000,0x0000,0x0000,0x0000,0x0000,0x0000,0x0000
	.hword 0x0000,0x0000,0x0000,0x0000,0x0000,0x0000,0x0000,0x0000

	.hword 0x0000,0x0000,0x0000,0x0000,0x0000,0x0000,0x0000,0x0000
	.hword 0x0000,0x0000,0x0000,0x0000,0x0000,0x0000,0x0000,0x0000
	.hword 0x0000,0x0000,0x0000,0x0000,0x0000,0x0000,0x0000,0x0000
	.hword 0x0000,0x0000,0x0000,0x0000,0x0000,0x0000,0x0000,0x0000
	.hword 0x0000,0x0000,0x0000,0x0000,0x0000,0x0000,0x0000,0x0000
	.hword 0x0000,0x0000,0x0000,0x0000,0x0000,0x0000,0x0000,0x0000
	.hword 0x0000,0x0000,0x0000,0x0000,0x0000,0x0000,0x0000,0x0000
	.hword 0x0000,0x0000,0x0000,0x0000,0x0000,0x0000,0x0000,0x0000

	.hword 0x0000,0x0000,0x0000,0x0000,0x0000,0x0000,0x0000,0x0000
	.hword 0x0000,0x0000,0x0000,0x0000,0x0000,0x0000,0x0000,0x0000
	.hword 0x0000,0x0000,0x0000,0x0000,0x0000,0x0000,0x0000,0x0000
	.hword 0x0000,0x0000,0x0000,0x0000,0x0000,0x0000,0x0000,0x0000
	.hword 0x0000,0x0000,0x0000,0x0000,0x0000,0x0000,0x0000,0x0000
	.hword 0x0000,0x0000,0x0000,0x0000,0x0000,0x0000,0x0000,0x0000
	.hword 0x0000,0x0000,0x0000,0x0000,0x0000,0x0000,0x0000,0x0000
	.hword 0x0000,0x0000,0x0000,0x0000,0x0000,0x0000,0x0000,0x0000

	.hword 0x0000,0x0000,0x0000,0x0000,0x0000,0x0000,0x0000,0x0000
	.hword 0x0000,0x0000,0x0000,0x0000,0x0000,0x0000,0x0000,0x0000
	.hword 0x0000,0x0000,0x0000,0x0000,0x0000,0x0000,0x0000,0x0000
	.hword 0x0000,0x0000,0x0000,0x0000,0x0000,0x0000,0x0000,0x0000
	.hword 0x0000,0x0000,0x0000,0x0000,0x0000,0x0000,0x0000,0x0000
	.hword 0x0000,0x0000,0x0000,0x0000,0x0000,0x0000,0x0000,0x0000
	.hword 0x0000,0x0000,0x0000,0x0000,0x0000,0x0000,0x0000,0x0000
	.hword 0x0000,0x0000,0x0000,0x0000,0x0000,0x0000,0x0000,0x0000

	.hword 0x0000,0x0000,0x0000,0x0000,0x0000,0x0000,0x0000,0x0000
	.hword 0x0000,0x0000,0x0000,0x0000,0x0000,0x0000,0x0000,0x0000
	.hword 0x0000,0x0000,0x0000,0x0000,0x0000,0x0000,0x0000,0x0000
	.hword 0x0000,0x0000,0x0000,0x0000,0x0000,0x0000,0x0000,0x0000
	.hword 0x0000,0x0000,0x0000,0x0000,0x0000,0x0000,0x0000,0x0000
	.hword 0x0000,0x0000,0x0000,0x0000,0x0000,0x0000,0x0000,0x0000
	.hword 0x0000,0x0000,0x0000,0x0000,0x0000,0x0000,0x0000,0x0000
	.hword 0x0000,0x0000,0x0000,0x0000,0x0000,0x0000,0x0000,0x0000

	.hword 0x0000,0x0000,0x0000,0x0000,0x0000,0x0000,0x0000,0x0000
	.hword 0x0000,0x0000,0x0000,0x0000,0x0000,0x0000,0x0000,0x0000
	.hword 0x0000,0x0000,0x0000,0x0000,0x0000,0x0000,0x0000,0x0000
	.hword 0x0000,0x0000,0x0000,0x0000,0x0000,0x0000,0x0000,0x0000
	.hword 0x0000,0x0000,0x0000,0x0000,0x0000,0x0000,0x0000,0x0000
	.hword 0x0000,0x0000,0x0000,0x0000,0x0000,0x0000,0x0000,0x0000
	.hword 0x0000,0x0000,0x0000,0x0000,0x0000,0x0000,0x0000,0x0000
	.hword 0x0000,0x0000,0x0000,0x0000,0x0000,0x0000,0x0000,0x0000

	.hword 0x0000,0x0000,0x0000,0x0000,0x0000,0x0000,0x0000,0x0000
	.hword 0x0000,0x0000,0x0000,0x0000,0x0000,0x0000,0x0000,0x0000
	.hword 0x0000,0x0000,0x0000,0x0000,0x0000,0x0000,0x0000,0x0000
	.hword 0x0000,0x0000,0x0000,0x0000,0x0000,0x0000,0x0000,0x0000
	.hword 0x0000,0x0000,0x0000,0x0000,0x0000,0x0000,0x0000,0x0000
	.hword 0x0000,0x0000,0x0000,0x0000,0x0000,0x0000,0x0000,0x0000
	.hword 0x0000,0x0000,0x0000,0x0000,0x0000,0x0000,0x0000,0x0000
	.hword 0x0000,0x0000,0x0000,0x0000,0x0000,0x0000,0x0000,0x0000

	.hword 0x0000,0x0000,0x0000,0x0000,0x0000,0x0000,0x0000,0x0000
	.hword 0x0000,0x0000,0x0000,0x0000,0x0000,0x0000,0x0000,0x0000
	.hword 0x0000,0x0000,0x0000,0x0000,0x0000,0x0000,0x0000,0x0000
	.hword 0x0000,0x0000,0x0000,0x0000,0x0000,0x0000,0x0000,0x0000
	.hword 0x0000,0x0000,0x0000,0x0000,0x0000,0x0000,0x0000,0x0000
	.hword 0x0000,0x0000,0x0000,0x0000,0x0000,0x0000,0x0000,0x0000
	.hword 0x0000,0x0000,0x0000,0x0000,0x0000,0x0000,0x0000,0x0000
	.hword 0x0000,0x0000,0x0000,0x0000,0x0000,0x0000,0x0000,0x0000

	.hword 0x0000,0x0000,0x0000,0x0000,0x0000,0x0000,0x0000,0x0000
	.hword 0x0000,0x0000,0x0000,0x0000,0x0000,0x0000,0x0000,0x0000
	.hword 0x0000,0x0000,0x0000,0x0000,0x0000,0x0000,0x0000,0x0000
	.hword 0x0000,0x0000,0x0000,0x0000,0x0000,0x0000,0x0000,0x0000
	.hword 0x0000,0x0000,0x0000,0x0000,0x0000,0x0000,0x0000,0x0000
	.hword 0x0000,0x0000,0x0000,0x0000,0x0000,0x0000,0x0000,0x0000
	.hword 0x0000,0x0000,0x0000,0x0000,0x0000,0x0000,0x0000,0x0000
	.hword 0x0000,0x0000,0x0000,0x0000,0x0000,0x0000,0x0000,0x0000

	.hword 0x0000,0x0000,0x0000,0x0000,0x0000,0x0000,0x0000,0x0000
	.hword 0x0000,0x0000,0x0000,0x0000,0x0000,0x0000,0x0000,0x0000
	.hword 0x0000,0x0000,0x0000,0x0000,0x0000,0x0000,0x0000,0x0000
	.hword 0x0000,0x0000,0x0000,0x0000,0x0000,0x0000,0x0000,0x0000
	.hword 0x0000,0x0000,0x0000,0x0000,0x0000,0x0000,0x0000,0x0000
	.hword 0x0000,0x0000,0x0000,0x0000,0x0000,0x0000,0x0000,0x0000
	.hword 0x0000,0x0000,0x0000,0x0000,0x0000,0x0000,0x0000,0x0000
	.hword 0x0000,0x0000,0x0000,0x0000,0x0000,0x0000,0x0000,0x0000

	.hword 0x0000,0x0000,0x0000,0x0000,0x0000,0x0000,0x0019,0x001A
	.hword 0x001B,0x001C,0x001B,0x001C,0x001B,0x001C,0x041A,0x0419
	.hword 0x0000,0x0000,0x0000,0x0000,0x0000,0x0000,0x0000,0x0000
	.hword 0x0000,0x0000,0x0000,0x0000,0x0000,0x0000,0x0000,0x0000
	.hword 0x0000,0x0000,0x0000,0x0000,0x0000,0x0000,0x0019,0x001A
	.hword 0x001B,0x001C,0x001B,0x001C,0x001B,0x001C,0x041A,0x0419
	.hword 0x0000,0x0000,0x0000,0x0000,0x0000,0x0000,0x0000,0x0000
	.hword 0x0000,0x0000,0x0000,0x0000,0x0000,0x0000,0x0000,0x0000

	.hword 0x0000,0x0000,0x0000,0x0000,0x0000,0x0000,0x0000,0x0000
	.hword 0x0000,0x0000,0x0000,0x0000,0x0000,0x0000,0x0000,0x0000
	.hword 0x0000,0x0000,0x0000,0x0000,0x0000,0x0000,0x0000,0x0000
	.hword 0x0000,0x0000,0x0000,0x0000,0x0000,0x0000,0x0000,0x0000
	.hword 0x0000,0x0000,0x0019,0x001A,0x001B,0x001C,0x001B,0x001C
	.hword 0x001B,0x001C,0x041A,0x0419,0x0000,0x0000,0x0000,0x0000
	.hword 0x0000,0x0000,0x0000,0x0000,0x0000,0x0000,0x0000,0x0000
	.hword 0x0000,0x0000,0x0000,0x0000,0x0000,0x0000,0x0000,0x0000

	.hword 0x0000,0x0000,0x0000,0x0000,0x0000,0x0000,0x0000,0x0000
	.hword 0x0000,0x0000,0x0000,0x0000,0x0000,0x0000,0x0000,0x0000
	.hword 0x0000,0x0000,0x0000,0x0000,0x0000,0x0000,0x0000,0x0000
	.hword 0x0000,0x0000,0x0000,0x0000,0x0000,0x0000,0x0000,0x0000
	.hword 0x0000,0x0000,0x0000,0x0000,0x0000,0x0000,0x0000,0x0000
	.hword 0x0000,0x0000,0x0000,0x0000,0x0000,0x0000,0x0000,0x0000
	.hword 0x0000,0x0000,0x0000,0x0000,0x0000,0x0000,0x0000,0x0000
	.hword 0x0000,0x0000,0x0000,0x0000,0x0000,0x0000,0x0000,0x0000

	.hword 0x0000,0x0000,0x0000,0x0000,0x0000,0x0000,0x001D,0x001E
	.hword 0x001F,0x0020,0x001F,0x0020,0x001F,0x0020,0x041E,0x041D
	.hword 0x0000,0x0000,0x0000,0x0000,0x0000,0x0000,0x0000,0x0000
	.hword 0x0000,0x0000,0x0000,0x0000,0x0000,0x0000,0x0000,0x0000
	.hword 0x0000,0x0000,0x0000,0x0000,0x0000,0x0000,0x001D,0x001E
	.hword 0x001F,0x0020,0x001F,0x0020,0x001F,0x0020,0x041E,0x041D
	.hword 0x0000,0x0000,0x0000,0x0000,0x0000,0x0000,0x0000,0x0000
	.hword 0x0000,0x0000,0x0000,0x0000,0x0000,0x0000,0x0000,0x0000

	.hword 0x0000,0x0000,0x0000,0x0000,0x0000,0x0000,0x0000,0x0000
	.hword 0x0000,0x0000,0x0000,0x0000,0x0000,0x0000,0x0000,0x0000
	.hword 0x0000,0x0000,0x0000,0x0000,0x0000,0x0000,0x0000,0x0000
	.hword 0x0000,0x0000,0x0000,0x0000,0x0000,0x0000,0x0000,0x0000
	.hword 0x0000,0x0000,0x001D,0x001E,0x001F,0x0020,0x001F,0x0020
	.hword 0x001F,0x0020,0x041E,0x041D,0x0000,0x0000,0x0000,0x0000
	.hword 0x0000,0x0000,0x0000,0x0000,0x0000,0x0000,0x0000,0x0000
	.hword 0x0000,0x0000,0x0000,0x0000,0x0000,0x0000,0x0000,0x0000

	.hword 0x0000,0x0000,0x0000,0x0000,0x0000,0x0000,0x0000,0x0000
	.hword 0x0000,0x0000,0x0000,0x0000,0x0000,0x0000,0x0000,0x0000
	.hword 0x0000,0x0000,0x0000,0x0000,0x0000,0x0000,0x0000,0x0000
	.hword 0x0000,0x0000,0x0000,0x0000,0x0000,0x0000,0x0000,0x0000
	.hword 0x0000,0x0000,0x0000,0x0000,0x0000,0x0000,0x0000,0x0000
	.hword 0x0000,0x0000,0x0000,0x0000,0x0000,0x0000,0x0000,0x0000
	.hword 0x0000,0x0000,0x0000,0x0000,0x0000,0x0000,0x0000,0x0000
	.hword 0x0000,0x0000,0x0000,0x0000,0x0000,0x0000,0x0000,0x0000

	.hword 0x0000,0x0000,0x0000,0x0000,0x0000,0x0000,0x0000,0x0000
	.hword 0x0000,0x0000,0x0000,0x0000,0x0000,0x0000,0x0000,0x0000
	.hword 0x0000,0x0000,0x0000,0x0000,0x0000,0x0000,0x0000,0x0000
	.hword 0x0000,0x0000,0x0000,0x0000,0x0000,0x0000,0x0000,0x0000
	.hword 0x0000,0x0000,0x0000,0x0000,0x0000,0x0000,0x0000,0x0000
	.hword 0x0000,0x0000,0x0000,0x0000,0x0000,0x0000,0x0000,0x0000
	.hword 0x0000,0x0000,0x0000,0x0000,0x0000,0x0000,0x0000,0x0000
	.hword 0x0000,0x0000,0x0000,0x0000,0x0000,0x0000,0x0000,0x0000

	.hword 0x0000,0x0000,0x0000,0x0000,0x0000,0x0000,0x0000,0x0000
	.hword 0x0000,0x0000,0x0000,0x0000,0x0000,0x0000,0x0000,0x0000
	.hword 0x0000,0x0000,0x0000,0x0000,0x0000,0x0000,0x0000,0x0000
	.hword 0x0000,0x0000,0x0000,0x0000,0x0000,0x0000,0x0000,0x0000
	.hword 0x0000,0x0000,0x0000,0x0000,0x0000,0x0000,0x0000,0x0000
	.hword 0x0000,0x0000,0x0000,0x0000,0x0000,0x0000,0x0000,0x0000
	.hword 0x0000,0x0000,0x0000,0x0000,0x0000,0x0000,0x0000,0x0000
	.hword 0x0000,0x0000,0x0000,0x0000,0x0000,0x0000,0x0000,0x0000

	.hword 0x0000,0x0000,0x0000,0x0000,0x0000,0x0000,0x0000,0x0000
	.hword 0x0000,0x0000,0x0000,0x0000,0x0000,0x0000,0x0000,0x0000
	.hword 0x0000,0x0000,0x0000,0x0000,0x0000,0x0000,0x0000,0x0000
	.hword 0x0000,0x0000,0x0000,0x0000,0x0000,0x0000,0x0000,0x0000
	.hword 0x0000,0x0000,0x0000,0x0000,0x0000,0x0000,0x0000,0x0000
	.hword 0x0000,0x0000,0x0000,0x0000,0x0000,0x0000,0x0000,0x0000
	.hword 0x0000,0x0000,0x0000,0x0000,0x0000,0x0000,0x0000,0x0000
	.hword 0x0000,0x0000,0x0000,0x0000,0x0000,0x0000,0x0000,0x0000

	.hword 0x0000,0x0000,0x0000,0x0000,0x0000,0x0000,0x0000,0x0000
	.hword 0x0000,0x0000,0x0000,0x0000,0x0000,0x0000,0x0000,0x0000
	.hword 0x0000,0x0000,0x0000,0x0000,0x0000,0x0000,0x0000,0x0000
	.hword 0x0000,0x0000,0x0000,0x0000,0x0000,0x0000,0x0000,0x0000
	.hword 0x0000,0x0000,0x0000,0x0000,0x0000,0x0000,0x0000,0x0000
	.hword 0x0000,0x0000,0x0000,0x0000,0x0000,0x0000,0x0000,0x0000
	.hword 0x0000,0x0000,0x0000,0x0000,0x0000,0x0000,0x0000,0x0000
	.hword 0x0000,0x0000,0x0000,0x0000,0x0000,0x0000,0x0000,0x0000

	.hword 0x0000,0x0000,0x0000,0x0000,0x0000,0x0000,0x0000,0x0000
	.hword 0x0000,0x0000,0x0000,0x0000,0x0000,0x0000,0x0000,0x0000
	.hword 0x0000,0x0000,0x0000,0x0000,0x0000,0x0000,0x0000,0x0000
	.hword 0x0000,0x0000,0x0000,0x0000,0x0000,0x0000,0x0000,0x0000
	.hword 0x0000,0x0000,0x0000,0x0000,0x0000,0x0000,0x0000,0x0000
	.hword 0x0000,0x0000,0x0000,0x0000,0x0000,0x0000,0x0000,0x0000
	.hword 0x0000,0x0000,0x0000,0x0000,0x0000,0x0000,0x0000,0x0000
	.hword 0x0000,0x0000,0x0000,0x0000,0x0000,0x0000,0x0000,0x0000

	.hword 0x0000,0x0000,0x0000,0x0000,0x0000,0x0000,0x0000,0x0000
	.hword 0x0000,0x0000,0x0000,0x0000,0x0000,0x0000,0x0000,0x0000
	.hword 0x0000,0x0000,0x0000,0x0000,0x0000,0x0000,0x0000,0x0000
	.hword 0x0000,0x0000,0x0000,0x0000,0x0000,0x0000,0x0000,0x0000
	.hword 0x0000,0x0000,0x0000,0x0000,0x0000,0x0000,0x0000,0x0000
	.hword 0x0000,0x0000,0x0000,0x0000,0x0000,0x0000,0x0000,0x0000
	.hword 0x0000,0x0000,0x0000,0x0000,0x0000,0x0000,0x0000,0x0000
	.hword 0x0000,0x0000,0x0000,0x0000,0x0000,0x0000,0x0000,0x0000

	.hword 0x0000,0x0000,0x0000,0x0000,0x0000,0x0000,0x0000,0x0000
	.hword 0x0000,0x0000,0x0000,0x0000,0x0000,0x0000,0x0000,0x0000
	.hword 0x0000,0x0000,0x0000,0x0000,0x0000,0x0000,0x0000,0x0000
	.hword 0x0000,0x0000,0x0000,0x0000,0x0000,0x0000,0x0000,0x0000
	.hword 0x0000,0x0000,0x0000,0x0000,0x0000,0x0000,0x0000,0x0000
	.hword 0x0000,0x0000,0x0000,0x0000,0x0000,0x0000,0x0000,0x0000
	.hword 0x0000,0x0000,0x0019,0x001A,0x001B,0x001C,0x001B,0x001C
	.hword 0x001B,0x001C,0x041A,0x0419,0x0000,0x0000,0x0000,0x0000

	.hword 0x0000,0x0000,0x0019,0x001A,0x001B,0x001C,0x001B,0x001C
	.hword 0x001B,0x001C,0x041A,0x0419,0x0000,0x0000,0x0000,0x0000
	.hword 0x0000,0x0000,0x0000,0x0000,0x0000,0x0000,0x0000,0x0000
	.hword 0x0000,0x0000,0x0000,0x0000,0x0000,0x0000,0x0000,0x0000
	.hword 0x0000,0x0000,0x0000,0x0000,0x0000,0x0000,0x0000,0x0000
	.hword 0x0000,0x0000,0x0000,0x0000,0x0000,0x0000,0x0000,0x0000
	.hword 0x0000,0x0000,0x0000,0x0000,0x0000,0x0000,0x0000,0x0000
	.hword 0x0000,0x0000,0x0000,0x0000,0x0000,0x0000,0x0000,0x0000

	.hword 0x0019,0x001A,0x001B,0x001C,0x001B,0x001C,0x001B,0x001C
	.hword 0x001B,0x001C,0x001B,0x001C,0x001B,0x001C,0x041A,0x0419
	.hword 0x0000,0x0000,0x0000,0x0000,0x0000,0x0000,0x0000,0x0000
	.hword 0x0000,0x0000,0x0000,0x0000,0x0000,0x0000,0x0000,0x0000
	.hword 0x0000,0x0000,0x0000,0x0000,0x0000,0x0000,0x0000,0x0000
	.hword 0x0000,0x0000,0x0000,0x0000,0x0000,0x0000,0x0000,0x0000
	.hword 0x0000,0x0000,0x0000,0x0000,0x0000,0x0000,0x0000,0x0000
	.hword 0x0000,0x0000,0x0000,0x0000,0x0000,0x0000,0x0000,0x0000

	.hword 0x0000,0x0000,0x0000,0x0000,0x0000,0x0000,0x0000,0x0000
	.hword 0x0000,0x0000,0x0000,0x0000,0x0000,0x0000,0x0000,0x0000
	.hword 0x0000,0x0000,0x0000,0x0000,0x0000,0x0000,0x0000,0x0000
	.hword 0x0000,0x0000,0x0000,0x0000,0x0000,0x0000,0x0000,0x0000
	.hword 0x0000,0x0000,0x0000,0x0000,0x0000,0x0000,0x0000,0x0000
	.hword 0x0000,0x0000,0x0000,0x0000,0x0000,0x0000,0x0000,0x0000
	.hword 0x0000,0x0000,0x001D,0x001E,0x001F,0x0020,0x001F,0x0020
	.hword 0x001F,0x0020,0x041E,0x041D,0x0000,0x0000,0x0000,0x0000

	.hword 0x0000,0x0000,0x001D,0x001E,0x001F,0x0020,0x001F,0x0020
	.hword 0x001F,0x0020,0x041E,0x041D,0x0000,0x0000,0x0000,0x0000
	.hword 0x0000,0x0000,0x0000,0x0000,0x0000,0x0000,0x0000,0x0000
	.hword 0x0000,0x0000,0x0000,0x0000,0x0000,0x0000,0x0000,0x0000
	.hword 0x0000,0x0000,0x0000,0x0000,0x0000,0x0000,0x0000,0x0000
	.hword 0x0000,0x0000,0x0000,0x0000,0x0000,0x0000,0x0000,0x0000
	.hword 0x0000,0x0000,0x0000,0x0000,0x0000,0x0000,0x0000,0x0000
	.hword 0x0000,0x0000,0x0000,0x0000,0x0000,0x0000,0x0000,0x0000

	.hword 0x001D,0x001E,0x001F,0x0020,0x001F,0x0020,0x001F,0x0020
	.hword 0x001F,0x0020,0x001F,0x0020,0x001F,0x0020,0x041E,0x041D
	.hword 0x0000,0x0000,0x0000,0x0000,0x0000,0x0000,0x0000,0x0000
	.hword 0x0000,0x0000,0x0000,0x0000,0x0000,0x0000,0x0000,0x0000
	.hword 0x0000,0x0000,0x0000,0x0000,0x0000,0x0000,0x0000,0x0000
	.hword 0x0000,0x0000,0x0000,0x0000,0x0000,0x0000,0x0000,0x0000
	.hword 0x0000,0x0000,0x0000,0x0000,0x0000,0x0000,0x0000,0x0000
	.hword 0x0000,0x0000,0x0000,0x0000,0x0000,0x0000,0x0000,0x0000

	.hword 0x0000,0x0000,0x0000,0x0000,0x0000,0x0000,0x0000,0x0000
	.hword 0x0000,0x0000,0x0000,0x0000,0x0000,0x0000,0x0000,0x0000
	.hword 0x0000,0x0000,0x0000,0x0000,0x0000,0x0000,0x0000,0x0000
	.hword 0x0000,0x0000,0x0000,0x0000,0x0000,0x0000,0x0000,0x0000
	.hword 0x0000,0x0000,0x0000,0x0000,0x0000,0x0000,0x0000,0x0000
	.hword 0x0000,0x0000,0x0000,0x0000,0x0000,0x0000,0x0000,0x0000
	.hword 0x0000,0x0000,0x0000,0x0000,0x0000,0x0000,0x0000,0x0000
	.hword 0x0000,0x0000,0x0000,0x0000,0x0000,0x0000,0x0000,0x0000

	.hword 0x0000,0x0000,0x0000,0x0000,0x0000,0x0000,0x0000,0x0000
	.hword 0x0000,0x0000,0x0000,0x0000,0x0000,0x0000,0x0000,0x0000
	.hword 0x0000,0x0000,0x0000,0x0000,0x0000,0x0000,0x0019,0x001A
	.hword 0x001B,0x001C,0x001B,0x001C,0x001B,0x001C,0x041A,0x0419
	.hword 0x0000,0x0000,0x0000,0x0000,0x0000,0x0000,0x0000,0x0000
	.hword 0x0000,0x0000,0x0000,0x0000,0x0000,0x0000,0x0000,0x0000
	.hword 0x0000,0x0000,0x0000,0x0000,0x0000,0x0000,0x0000,0x0000
	.hword 0x0000,0x0000,0x0000,0x0000,0x0000,0x0000,0x0000,0x0000

	.hword 0x0000,0x0000,0x0000,0x0000,0x0000,0x0000,0x0000,0x0000
	.hword 0x0000,0x0000,0x0000,0x0000,0x0000,0x0000,0x0000,0x0000
	.hword 0x0000,0x0000,0x0000,0x0000,0x0000,0x0000,0x0000,0x0000
	.hword 0x0000,0x0000,0x0000,0x0000,0x0000,0x0000,0x0000,0x0000
	.hword 0x0000,0x0000,0x0000,0x0000,0x0000,0x0000,0x0000,0x0000
	.hword 0x0000,0x0000,0x0000,0x0000,0x0000,0x0000,0x0000,0x0000
	.hword 0x0000,0x0000,0x0000,0x0000,0x0000,0x0000,0x0000,0x0000
	.hword 0x0000,0x0000,0x0000,0x0000,0x0000,0x0000,0x0000,0x0000

	.hword 0x0000,0x0000,0x0000,0x0000,0x0000,0x0000,0x0000,0x0000
	.hword 0x0000,0x0000,0x0000,0x0000,0x0000,0x0000,0x0000,0x0000
	.hword 0x0000,0x0000,0x0000,0x0000,0x0000,0x0000,0x0000,0x0000
	.hword 0x0000,0x0000,0x0000,0x0000,0x0000,0x0000,0x0000,0x0000
	.hword 0x0000,0x0000,0x0000,0x0000,0x0000,0x0000,0x0000,0x0000
	.hword 0x0000,0x0000,0x0000,0x0000,0x0000,0x0000,0x0000,0x0000
	.hword 0x0000,0x0000,0x0000,0x0000,0x0000,0x0000,0x0000,0x0000
	.hword 0x0000,0x0000,0x0000,0x0000,0x0000,0x0000,0x0000,0x0000

	.hword 0x0000,0x0000,0x0000,0x0000,0x0000,0x0000,0x0000,0x0000
	.hword 0x0000,0x0000,0x0000,0x0000,0x0000,0x0000,0x0000,0x0000
	.hword 0x0000,0x0000,0x0000,0x0000,0x0000,0x0000,0x001D,0x001E
	.hword 0x001F,0x0020,0x001F,0x0020,0x001F,0x0020,0x041E,0x041D
	.hword 0x0000,0x0000,0x0000,0x0000,0x0000,0x0000,0x0000,0x0000
	.hword 0x0000,0x0000,0x0000,0x0000,0x0000,0x0000,0x0000,0x0000
	.hword 0x0000,0x0000,0x0000,0x0000,0x0000,0x0000,0x0000,0x0000
	.hword 0x0000,0x0000,0x0000,0x0000,0x0000,0x0000,0x0000,0x0000

	.hword 0x0000,0x0000,0x0000,0x0000,0x0000,0x0000,0x0000,0x0000
	.hword 0x0000,0x0000,0x0000,0x0000,0x0000,0x0000,0x0000,0x0000
	.hword 0x0000,0x0000,0x0000,0x0000,0x0000,0x0000,0x0000,0x0000
	.hword 0x0000,0x0000,0x0000,0x0000,0x0000,0x0000,0x0000,0x0000
	.hword 0x0000,0x0000,0x0000,0x0000,0x0000,0x0000,0x0000,0x0000
	.hword 0x0000,0x0000,0x0000,0x0000,0x0000,0x0000,0x0000,0x0000
	.hword 0x0000,0x0000,0x0000,0x0000,0x0000,0x0000,0x0000,0x0000
	.hword 0x0000,0x0000,0x0000,0x0000,0x0000,0x0000,0x0000,0x0000

	.hword 0x0000,0x0000,0x0000,0x0000,0x0000,0x0000,0x0000,0x0000
	.hword 0x0000,0x0000,0x0000,0x0000,0x0000,0x0000,0x0000,0x0000
	.hword 0x0000,0x0000,0x0000,0x0000,0x0000,0x0000,0x0000,0x0000
	.hword 0x0000,0x0000,0x0021,0x0022,0x0021,0x0022,0x0000,0x0000
	.hword 0x0000,0x0000,0x0000,0x0000,0x0000,0x0000,0x0000,0x0000
	.hword 0x0000,0x0000,0x0000,0x0000,0x0000,0x0000,0x0000,0x0000
	.hword 0x0000,0x0000,0x0000,0x0000,0x0000,0x0000,0x0000,0x0000
	.hword 0x0000,0x0000,0x0000,0x0000,0x0000,0x0000,0x0000,0x0000

	.hword 0x0000,0x0000,0x0000,0x0000,0x0000,0x0000,0x0000,0x0000
	.hword 0x0000,0x0000,0x0000,0x0000,0x0000,0x0000,0x0000,0x0000
	.hword 0x0000,0x0000,0x0000,0x0000,0x0000,0x0000,0x0000,0x0000
	.hword 0x0000,0x0000,0x0000,0x0000,0x0000,0x0000,0x0000,0x0000
	.hword 0x0019,0x001A,0x001B,0x001C,0x001B,0x001C,0x001B,0x001C
	.hword 0x001B,0x001C,0x001B,0x001C,0x001B,0x001C,0x041A,0x0419
	.hword 0x0000,0x0000,0x0000,0x0000,0x0000,0x0000,0x0000,0x0000
	.hword 0x0000,0x0000,0x0000,0x0000,0x0000,0x0000,0x0000,0x0000

	.hword 0x0000,0x0000,0x0000,0x0000,0x0000,0x0000,0x0000,0x0000
	.hword 0x0000,0x0000,0x0000,0x0000,0x0000,0x0000,0x0000,0x0000
	.hword 0x0000,0x0000,0x0000,0x0000,0x0000,0x0000,0x0000,0x0000
	.hword 0x0000,0x0000,0x0000,0x0000,0x0000,0x0000,0x0000,0x0000
	.hword 0x0000,0x0000,0x0000,0x0000,0x0000,0x0000,0x0000,0x0000
	.hword 0x0000,0x0000,0x0000,0x0000,0x0000,0x0000,0x0000,0x0000
	.hword 0x0000,0x0000,0x0000,0x0000,0x0000,0x0000,0x0000,0x0000
	.hword 0x0000,0x0000,0x0000,0x0000,0x0000,0x0000,0x0000,0x0000

	.hword 0x0000,0x0000,0x0000,0x0000,0x0000,0x0000,0x0000,0x0000
	.hword 0x0000,0x0000,0x0000,0x0000,0x0000,0x0000,0x0000,0x0000
	.hword 0x0000,0x0000,0x0000,0x0000,0x0000,0x0000,0x0000,0x0000
	.hword 0x0000,0x0000,0x0023,0x0024,0x0023,0x0024,0x0000,0x0000
	.hword 0x0000,0x0000,0x0000,0x0000,0x0000,0x0000,0x0000,0x0000
	.hword 0x0000,0x0000,0x0000,0x0000,0x0000,0x0000,0x0000,0x0000
	.hword 0x0000,0x0000,0x0000,0x0000,0x0000,0x0000,0x0000,0x0000
	.hword 0x0000,0x0000,0x0000,0x0000,0x0000,0x0000,0x0000,0x0000

	.hword 0x0000,0x0000,0x0000,0x0000,0x0000,0x0000,0x0000,0x0000
	.hword 0x0000,0x0000,0x0000,0x0000,0x0000,0x0000,0x0000,0x0000
	.hword 0x0000,0x0000,0x0000,0x0000,0x0000,0x0000,0x0000,0x0000
	.hword 0x0000,0x0000,0x0000,0x0000,0x0000,0x0000,0x0000,0x0000
	.hword 0x001D,0x001E,0x001F,0x0020,0x001F,0x0020,0x001F,0x0020
	.hword 0x001F,0x0020,0x001F,0x0020,0x001F,0x0020,0x041E,0x041D
	.hword 0x0000,0x0000,0x0000,0x0000,0x0000,0x0000,0x0000,0x0000
	.hword 0x0000,0x0000,0x0000,0x0000,0x0000,0x0000,0x0000,0x0000

	.hword 0x0000,0x0000,0x0000,0x0000,0x0000,0x0000,0x0000,0x0000
	.hword 0x0000,0x0000,0x0000,0x0000,0x0000,0x0000,0x0000,0x0000
	.hword 0x0000,0x0000,0x0000,0x0000,0x0000,0x0000,0x0000,0x0000
	.hword 0x0000,0x0000,0x0000,0x0000,0x0000,0x0000,0x0000,0x0000
	.hword 0x0000,0x0000,0x0000,0x0000,0x0000,0x0000,0x0000,0x0000
	.hword 0x0000,0x0000,0x0000,0x0000,0x0000,0x0000,0x0000,0x0000
	.hword 0x0000,0x0000,0x0000,0x0000,0x0000,0x0000,0x0000,0x0000
	.hword 0x0000,0x0000,0x0000,0x0000,0x0000,0x0000,0x0000,0x0000

	.hword 0x0000,0x0000,0x0000,0x0000,0x0000,0x0000,0x0000,0x0000
	.hword 0x0000,0x0000,0x0000,0x0000,0x0000,0x0000,0x0000,0x0000
	.hword 0x0000,0x0000,0x0000,0x0000,0x0000,0x0000,0x0000,0x0000
	.hword 0x0019,0x001A,0x001B,0x001C,0x001B,0x001C,0x001B,0x001C
	.hword 0x041A,0x0419,0x0000,0x0000,0x0000,0x0000,0x0000,0x0000
	.hword 0x0000,0x0000,0x0000,0x0000,0x0000,0x0000,0x0000,0x0000
	.hword 0x0000,0x0000,0x0000,0x0000,0x0000,0x0000,0x0000,0x0000
	.hword 0x0000,0x0000,0x0000,0x0000,0x0000,0x0000,0x0000,0x0000

	.hword 0x0021,0x0022,0x0021,0x0022,0x0000,0x0000,0x0000,0x0000
	.hword 0x0000,0x0000,0x0000,0x0000,0x0000,0x0000,0x0000,0x0000
	.hword 0x0000,0x0000,0x0000,0x0000,0x0000,0x0000,0x0000,0x0000
	.hword 0x0000,0x0000,0x0000,0x0000,0x0000,0x0000,0x0000,0x0000
	.hword 0x0000,0x0000,0x0000,0x0000,0x0000,0x0000,0x0000,0x0000
	.hword 0x0000,0x0000,0x0000,0x0000,0x0000,0x0000,0x0000,0x0000
	.hword 0x0000,0x0000,0x0000,0x0000,0x0000,0x0000,0x0000,0x0000
	.hword 0x0000,0x0000,0x0000,0x0000,0x0000,0x0000,0x0000,0x0000

	.hword 0x0000,0x0000,0x0000,0x0000,0x0000,0x0000,0x0000,0x0000
	.hword 0x0000,0x0000,0x0000,0x0000,0x0000,0x0000,0x0000,0x0000
	.hword 0x0000,0x0000,0x0000,0x0000,0x0000,0x0000,0x0000,0x0000
	.hword 0x0000,0x0000,0x0000,0x0000,0x0000,0x0000,0x0000,0x0000
	.hword 0x0000,0x0000,0x0000,0x0000,0x0000,0x0000,0x0000,0x0000
	.hword 0x0000,0x0000,0x0000,0x0000,0x0000,0x0000,0x0000,0x0000
	.hword 0x0000,0x0000,0x0000,0x0000,0x0000,0x0000,0x0000,0x0000
	.hword 0x0000,0x0000,0x0000,0x0000,0x0000,0x0000,0x0000,0x0000

	.hword 0x0000,0x0000,0x0000,0x0000,0x0000,0x0000,0x0000,0x0000
	.hword 0x0000,0x0000,0x0000,0x0000,0x0000,0x0000,0x0000,0x0000
	.hword 0x0000,0x0000,0x0000,0x0000,0x0000,0x0000,0x0000,0x0000
	.hword 0x001D,0x001E,0x001F,0x0020,0x001F,0x0020,0x001F,0x0020
	.hword 0x041E,0x041D,0x0000,0x0000,0x0000,0x0000,0x0000,0x0000
	.hword 0x0000,0x0000,0x0000,0x0000,0x0000,0x0000,0x0000,0x0000
	.hword 0x0000,0x0000,0x0000,0x0000,0x0000,0x0000,0x0000,0x0000
	.hword 0x0000,0x0000,0x0000,0x0000,0x0000,0x0000,0x0000,0x0000

	.hword 0x0023,0x0024,0x0023,0x0024,0x0000,0x0000,0x0000,0x0000
	.hword 0x0000,0x0000,0x0000,0x0000,0x0000,0x0000,0x0000,0x0000
	.hword 0x0000,0x0000,0x0000,0x0000,0x0000,0x0000,0x0000,0x0000
	.hword 0x0000,0x0000,0x0000,0x0000,0x0000,0x0000,0x0000,0x0000
	.hword 0x0000,0x0000,0x0000,0x0000,0x0000,0x0000,0x0000,0x0000
	.hword 0x0000,0x0000,0x0000,0x0000,0x0000,0x0000,0x0000,0x0000
	.hword 0x0000,0x0000,0x0000,0x0000,0x0000,0x0000,0x0000,0x0000
	.hword 0x0000,0x0000,0x0000,0x0000,0x0000,0x0000,0x0000,0x0000

	.hword 0x0000,0x0000,0x0000,0x0000,0x0000,0x0000,0x0000,0x0000
	.hword 0x0000,0x0000,0x0000,0x0000,0x0000,0x0000,0x0000,0x0000
	.hword 0x0000,0x0000,0x0000,0x0000,0x0000,0x0000,0x0000,0x0000
	.hword 0x0000,0x0000,0x0000,0x0000,0x0000,0x0000,0x0000,0x0000
	.hword 0x0000,0x0000,0x0000,0x0000,0x0000,0x0000,0x0000,0x0000
	.hword 0x0000,0x0000,0x0000,0x0000,0x0000,0x0000,0x0000,0x0000
	.hword 0x0000,0x0000,0x0000,0x0000,0x0000,0x0000,0x0000,0x0000
	.hword 0x0000,0x0000,0x0000,0x0000,0x0000,0x0000,0x0000,0x0000

	.hword 0x0000,0x0000,0x0000,0x0000,0x0021,0x0022,0x0021,0x0022
	.hword 0x0000,0x0000,0x0000,0x0000,0x0000,0x0000,0x0000,0x0000
	.hword 0x0000,0x0000,0x0000,0x0000,0x0000,0x0000,0x0000,0x0000
	.hword 0x0000,0x0000,0x0000,0x0000,0x0000,0x0000,0x0000,0x0000
	.hword 0x0000,0x0000,0x0000,0x0000,0x0000,0x0000,0x0000,0x0000
	.hword 0x0000,0x0000,0x0000,0x0000,0x0000,0x0000,0x0000,0x0000
	.hword 0x0000,0x0000,0x0000,0x0000,0x0000,0x0000,0x0000,0x0000
	.hword 0x0000,0x0000,0x0000,0x0000,0x0000,0x0000,0x0019,0x001A

	.hword 0x001B,0x001C,0x001B,0x001C,0x001B,0x001C,0x041A,0x0419
	.hword 0x0000,0x0000,0x0000,0x0000,0x0000,0x0000,0x0000,0x0000
	.hword 0x0000,0x0000,0x0000,0x0000,0x0000,0x0000,0x0000,0x0000
	.hword 0x0000,0x0000,0x0000,0x0000,0x0000,0x0000,0x0000,0x0000
	.hword 0x0000,0x0000,0x0000,0x0000,0x0000,0x0000,0x0000,0x0000
	.hword 0x0000,0x0000,0x0000,0x0000,0x0000,0x0000,0x0000,0x0000
	.hword 0x0000,0x0000,0x0000,0x0000,0x0000,0x0000,0x0000,0x0000
	.hword 0x0000,0x0000,0x0000,0x0000,0x0000,0x0000,0x0000,0x0000

	.hword 0x0000,0x0000,0x0000,0x0000,0x0000,0x0000,0x0000,0x0000
	.hword 0x0000,0x0000,0x0000,0x0000,0x0000,0x0000,0x0000,0x0000
	.hword 0x0000,0x0000,0x0000,0x0000,0x0000,0x0000,0x0000,0x0000
	.hword 0x0000,0x0000,0x0000,0x0000,0x0000,0x0000,0x0000,0x0000
	.hword 0x0000,0x0000,0x0000,0x0000,0x0000,0x0000,0x0000,0x0000
	.hword 0x0000,0x0000,0x0000,0x0000,0x0000,0x0000,0x0000,0x0000
	.hword 0x0000,0x0000,0x0000,0x0000,0x0000,0x0000,0x0000,0x0000
	.hword 0x0000,0x0000,0x0000,0x0000,0x0000,0x0000,0x0000,0x0000

	.hword 0x0000,0x0000,0x0000,0x0000,0x0023,0x0024,0x0023,0x0024
	.hword 0x0000,0x0000,0x0000,0x0000,0x0000,0x0000,0x0000,0x0000
	.hword 0x0000,0x0000,0x0000,0x0000,0x0000,0x0000,0x0000,0x0000
	.hword 0x0000,0x0000,0x0000,0x0000,0x0000,0x0000,0x0000,0x0000
	.hword 0x0000,0x0000,0x0000,0x0000,0x0000,0x0000,0x0000,0x0000
	.hword 0x0000,0x0000,0x0000,0x0000,0x0000,0x0000,0x0000,0x0000
	.hword 0x0000,0x0000,0x0000,0x0000,0x0000,0x0000,0x0000,0x0000
	.hword 0x0000,0x0000,0x0000,0x0000,0x0000,0x0000,0x001D,0x001E

	.hword 0x001F,0x0020,0x001F,0x0020,0x001F,0x0020,0x041E,0x041D
	.hword 0x0000,0x0000,0x0000,0x0000,0x0000,0x0000,0x0000,0x0000
	.hword 0x0000,0x0000,0x0000,0x0000,0x0000,0x0000,0x0000,0x0000
	.hword 0x0000,0x0000,0x0000,0x0000,0x0000,0x0000,0x0000,0x0000
	.hword 0x0000,0x0000,0x0000,0x0000,0x0000,0x0000,0x0000,0x0000
	.hword 0x0000,0x0000,0x0000,0x0000,0x0000,0x0000,0x0000,0x0000
	.hword 0x0000,0x0000,0x0000,0x0000,0x0000,0x0000,0x0000,0x0000
	.hword 0x0000,0x0000,0x0000,0x0000,0x0000,0x0000,0x0000,0x0000

	.hword 0x0000,0x0000,0x0000,0x0000,0x0000,0x0000,0x0000,0x0000
	.hword 0x0000,0x0000,0x0000,0x0000,0x0000,0x0000,0x0000,0x0000
	.hword 0x0000,0x0000,0x0000,0x0000,0x0000,0x0000,0x0000,0x0000
	.hword 0x0000,0x0000,0x0000,0x0000,0x0000,0x0000,0x0000,0x0000
	.hword 0x0000,0x0000,0x0000,0x0000,0x0000,0x0000,0x0000,0x0000
	.hword 0x0000,0x0000,0x0000,0x0000,0x0000,0x0000,0x0000,0x0000
	.hword 0x0000,0x0000,0x0000,0x0000,0x0000,0x0000,0x0000,0x0000
	.hword 0x0000,0x0000,0x0000,0x0000,0x0000,0x0000,0x0000,0x0000

	.hword 0x0000,0x0000,0x0019,0x001A,0x001B,0x001C,0x001B,0x001C
	.hword 0x001B,0x001C,0x041A,0x0419,0x0000,0x0000,0x0000,0x0000
	.hword 0x0000,0x0000,0x0000,0x0000,0x0000,0x0000,0x0000,0x0000
	.hword 0x0000,0x0000,0x0000,0x0000,0x0000,0x0000,0x0000,0x0000
	.hword 0x0000,0x0000,0x0000,0x0000,0x0000,0x0000,0x0000,0x0000
	.hword 0x0000,0x0000,0x0000,0x0000,0x0000,0x0000,0x0000,0x0000
	.hword 0x0000,0x0000,0x0000,0x0000,0x0000,0x0000,0x0000,0x0000
	.hword 0x0000,0x0000,0x0000,0x0000,0x0000,0x0000,0x0000,0x0000

	.hword 0x0000,0x0000,0x0000,0x0000,0x0000,0x0000,0x0000,0x0000
	.hword 0x0000,0x0000,0x0000,0x0000,0x0000,0x0000,0x0000,0x0000
	.hword 0x0000,0x0000,0x0000,0x0000,0x0000,0x0000,0x0000,0x0000
	.hword 0x0000,0x0000,0x0000,0x0000,0x0000,0x0000,0x0000,0x0000
	.hword 0x0000,0x0000,0x0000,0x0000,0x0000,0x0000,0x0000,0x0000
	.hword 0x0000,0x0000,0x0000,0x0000,0x0000,0x0000,0x0000,0x0000
	.hword 0x0000,0x0000,0x0019,0x001A,0x001B,0x001C,0x001B,0x001C
	.hword 0x001B,0x001C,0x041A,0x0419,0x0000,0x0000,0x0000,0x0000

	.hword 0x0000,0x0000,0x0000,0x0000,0x0000,0x0000,0x0000,0x0000
	.hword 0x0000,0x0000,0x0000,0x0000,0x0000,0x0000,0x0000,0x0000
	.hword 0x0000,0x0000,0x0000,0x0000,0x0000,0x0000,0x0000,0x0000
	.hword 0x0000,0x0000,0x0000,0x0000,0x0000,0x0000,0x0000,0x0000
	.hword 0x0019,0x001A,0x001B,0x001C,0x001B,0x001C,0x001B,0x001C
	.hword 0x001B,0x001C,0x001B,0x001C,0x001B,0x001C,0x041A,0x0419
	.hword 0x0000,0x0000,0x0000,0x0000,0x0000,0x0000,0x0000,0x0000
	.hword 0x0000,0x0000,0x0000,0x0000,0x0000,0x0000,0x0000,0x0000

	.hword 0x0000,0x0000,0x001D,0x001E,0x001F,0x0020,0x001F,0x0020
	.hword 0x001F,0x0020,0x041E,0x041D,0x0000,0x0000,0x0000,0x0000
	.hword 0x0000,0x0000,0x0000,0x0000,0x0000,0x0000,0x0000,0x0000
	.hword 0x0000,0x0000,0x0000,0x0000,0x0000,0x0000,0x0000,0x0000
	.hword 0x0000,0x0000,0x0000,0x0000,0x0000,0x0000,0x0000,0x0000
	.hword 0x0000,0x0000,0x0000,0x0000,0x0000,0x0000,0x0000,0x0000
	.hword 0x0000,0x0000,0x0000,0x0000,0x0000,0x0000,0x0000,0x0000
	.hword 0x0000,0x0000,0x0000,0x0000,0x0000,0x0000,0x0000,0x0000

	.hword 0x0000,0x0000,0x0000,0x0000,0x0000,0x0000,0x0000,0x0000
	.hword 0x0000,0x0000,0x0000,0x0000,0x0000,0x0000,0x0000,0x0000
	.hword 0x0000,0x0000,0x0000,0x0000,0x0000,0x0000,0x0000,0x0000
	.hword 0x0000,0x0000,0x0000,0x0000,0x0000,0x0000,0x0000,0x0000
	.hword 0x0000,0x0000,0x0000,0x0000,0x0000,0x0000,0x0000,0x0000
	.hword 0x0000,0x0000,0x0000,0x0000,0x0000,0x0000,0x0000,0x0000
	.hword 0x0000,0x0000,0x001D,0x001E,0x001F,0x0020,0x001F,0x0020
	.hword 0x001F,0x0020,0x041E,0x041D,0x0000,0x0000,0x0000,0x0000

	.hword 0x0000,0x0000,0x0000,0x0000,0x0000,0x0000,0x0000,0x0000
	.hword 0x0000,0x0000,0x0000,0x0000,0x0000,0x0000,0x0000,0x0000
	.hword 0x0000,0x0000,0x0000,0x0000,0x0000,0x0000,0x0000,0x0000
	.hword 0x0000,0x0000,0x0000,0x0000,0x0000,0x0000,0x0000,0x0000
	.hword 0x001D,0x001E,0x001F,0x0020,0x001F,0x0020,0x001F,0x0020
	.hword 0x001F,0x0020,0x001F,0x0020,0x001F,0x0020,0x041E,0x041D
	.hword 0x0000,0x0000,0x0000,0x0000,0x0000,0x0000,0x0000,0x0000
	.hword 0x0000,0x0000,0x0000,0x0000,0x0000,0x0000,0x0000,0x0000

	.hword 0x0000,0x0000,0x0000,0x0000,0x0000,0x0000,0x0000,0x0000
	.hword 0x0000,0x0000,0x0000,0x0000,0x0000,0x0000,0x0000,0x0000
	.hword 0x0000,0x0000,0x0000,0x0000,0x0000,0x0000,0x0000,0x0000
	.hword 0x0000,0x0000,0x0000,0x0000,0x0000,0x0000,0x0000,0x0000
	.hword 0x0000,0x0000,0x0000,0x0000,0x0000,0x0000,0x0000,0x0000
	.hword 0x0000,0x0000,0x0000,0x0000,0x0000,0x0000,0x0000,0x0000
	.hword 0x0000,0x0000,0x0000,0x0000,0x0000,0x0000,0x0000,0x0000
	.hword 0x0000,0x0000,0x0000,0x0000,0x0000,0x0000,0x0000,0x0000

	.hword 0x0000,0x0000,0x0000,0x0000,0x0000,0x0000,0x0000,0x0000
	.hword 0x0000,0x0000,0x0000,0x0000,0x0000,0x0000,0x0000,0x0000
	.hword 0x0000,0x0000,0x0000,0x0000,0x0000,0x0000,0x0000,0x0000
	.hword 0x0000,0x0000,0x0000,0x0000,0x0000,0x0000,0x0000,0x0000
	.hword 0x0000,0x0000,0x0000,0x0000,0x0000,0x0000,0x0000,0x0000
	.hword 0x0000,0x0000,0x0000,0x0000,0x0000,0x0000,0x0000,0x0000
	.hword 0x0000,0x0000,0x0000,0x0000,0x0000,0x0000,0x0000,0x0000
	.hword 0x0000,0x0000,0x0000,0x0000,0x0000,0x0000,0x0000,0x0000

	.hword 0x0000,0x0000,0x0000,0x0000,0x0000,0x0000,0x0019,0x001A
	.hword 0x001B,0x001C,0x001B,0x001C,0x001B,0x001C,0x041A,0x0419
	.hword 0x0000,0x0000,0x0000,0x0000,0x0000,0x0000,0x0000,0x0000
	.hword 0x0000,0x0000,0x0000,0x0000,0x0000,0x0000,0x0000,0x0000
	.hword 0x0000,0x0000,0x0000,0x0000,0x0000,0x0000,0x0000,0x0000
	.hword 0x0000,0x0000,0x0000,0x0000,0x0000,0x0000,0x0000,0x0000
	.hword 0x0000,0x0000,0x0000,0x0000,0x0000,0x0000,0x0000,0x0000
	.hword 0x0000,0x0000,0x0000,0x0000,0x0000,0x0000,0x0000,0x0000

	.hword 0x0000,0x0000,0x0000,0x0000,0x0000,0x0000,0x0000,0x0000
	.hword 0x0000,0x0000,0x0000,0x0000,0x0000,0x0000,0x0000,0x0000
	.hword 0x0000,0x0000,0x0000,0x0000,0x0000,0x0000,0x0000,0x0000
	.hword 0x0000,0x0000,0x0000,0x0000,0x0000,0x0000,0x0000,0x0000
	.hword 0x0000,0x0000,0x0000,0x0000,0x0000,0x0000,0x0000,0x0000
	.hword 0x0000,0x0000,0x0000,0x0000,0x0000,0x0000,0x0000,0x0000
	.hword 0x0000,0x0000,0x0000,0x0000,0x0000,0x0000,0x0000,0x0000
	.hword 0x0000,0x0000,0x0000,0x0000,0x0000,0x0000,0x0000,0x0000

	.hword 0x0000,0x0000,0x0000,0x0000,0x0000,0x0000,0x0000,0x0000
	.hword 0x0000,0x0000,0x0000,0x0000,0x0000,0x0000,0x0000,0x0000
	.hword 0x0000,0x0000,0x0000,0x0000,0x0000,0x0000,0x0000,0x0000
	.hword 0x0000,0x0000,0x0000,0x0000,0x0000,0x0000,0x0000,0x0000
	.hword 0x0000,0x0000,0x0000,0x0000,0x0000,0x0000,0x0000,0x0000
	.hword 0x0000,0x0000,0x0000,0x0000,0x0000,0x0000,0x0000,0x0000
	.hword 0x0000,0x0000,0x0000,0x0000,0x0000,0x0000,0x0000,0x0000
	.hword 0x0000,0x0000,0x0000,0x0000,0x0000,0x0000,0x0000,0x0000

	.hword 0x0000,0x0000,0x0000,0x0000,0x0000,0x0000,0x001D,0x001E
	.hword 0x001F,0x0020,0x001F,0x0020,0x001F,0x0020,0x041E,0x041D
	.hword 0x0000,0x0000,0x0000,0x0000,0x0000,0x0000,0x0000,0x0000
	.hword 0x0000,0x0000,0x0000,0x0000,0x0000,0x0000,0x0000,0x0000
	.hword 0x0000,0x0000,0x0000,0x0000,0x0000,0x0000,0x0000,0x0000
	.hword 0x0000,0x0000,0x0000,0x0000,0x0000,0x0000,0x0000,0x0000
	.hword 0x0000,0x0000,0x0000,0x0000,0x0000,0x0000,0x0000,0x0000
	.hword 0x0000,0x0000,0x0000,0x0000,0x0000,0x0000,0x0000,0x0000

	.hword 0x0000,0x0000,0x0000,0x0000,0x0000,0x0000,0x0000,0x0000
	.hword 0x0000,0x0000,0x0000,0x0000,0x0000,0x0000,0x0000,0x0000
	.hword 0x0000,0x0000,0x0000,0x0000,0x0000,0x0000,0x0000,0x0000
	.hword 0x0000,0x0000,0x0000,0x0000,0x0000,0x0000,0x0000,0x0000
	.hword 0x0000,0x0000,0x0000,0x0000,0x0000,0x0000,0x0000,0x0000
	.hword 0x0000,0x0000,0x0000,0x0000,0x0000,0x0000,0x0000,0x0000
	.hword 0x0000,0x0000,0x0000,0x0000,0x0000,0x0000,0x0000,0x0000
	.hword 0x0000,0x0000,0x0000,0x0000,0x0000,0x0000,0x0000,0x0000

	.hword 0x0000,0x0000,0x0000,0x0000,0x0000,0x0000,0x0000,0x0000
	.hword 0x0000,0x0000,0x0000,0x0000,0x0000,0x0000,0x0000,0x0000
	.hword 0x0000,0x0000,0x0019,0x001A,0x001B,0x001C,0x001B,0x001C
	.hword 0x001B,0x001C,0x041A,0x0419,0x0000,0x0000,0x0000,0x0000
	.hword 0x0000,0x0000,0x0000,0x0000,0x0000,0x0000,0x0000,0x0000
	.hword 0x0000,0x0000,0x0000,0x0000,0x0000,0x0000,0x0000,0x0000
	.hword 0x0000,0x0000,0x0000,0x0000,0x0000,0x0000,0x0000,0x0000
	.hword 0x0000,0x0000,0x0000,0x0000,0x0000,0x0000,0x0000,0x0000

	.hword 0x0000,0x0000,0x0000,0x0000,0x0000,0x0000,0x0000,0x0000
	.hword 0x0000,0x0000,0x0000,0x0000,0x0000,0x0000,0x0000,0x0000
	.hword 0x0000,0x0000,0x0000,0x0000,0x0000,0x0000,0x0000,0x0000
	.hword 0x0000,0x0000,0x0000,0x0000,0x0000,0x0000,0x0000,0x0000
	.hword 0x0000,0x0000,0x0000,0x0000,0x0000,0x0000,0x0000,0x0000
	.hword 0x0000,0x0000,0x0000,0x0000,0x0000,0x0000,0x0000,0x0000
	.hword 0x0000,0x0000,0x0000,0x0000,0x0000,0x0000,0x0000,0x0000
	.hword 0x0000,0x0000,0x0000,0x0000,0x0000,0x0000,0x0000,0x0000

	.hword 0x0000,0x0000,0x0000,0x0000,0x0000,0x0000,0x0000,0x0000
	.hword 0x0000,0x0000,0x0000,0x0000,0x0000,0x0000,0x0000,0x0000
	.hword 0x0000,0x0000,0x0000,0x0000,0x0000,0x0000,0x0000,0x0000
	.hword 0x0000,0x0000,0x0000,0x0000,0x0000,0x0000,0x0000,0x0000
	.hword 0x0000,0x0000,0x0000,0x0000,0x0000,0x0000,0x0000,0x0000
	.hword 0x0000,0x0000,0x0000,0x0000,0x0000,0x0000,0x0000,0x0000
	.hword 0x0000,0x0000,0x0000,0x0000,0x0000,0x0000,0x0000,0x0000
	.hword 0x0000,0x0000,0x0000,0x0000,0x0000,0x0000,0x0000,0x0000

	.hword 0x0000,0x0000,0x0000,0x0000,0x0000,0x0000,0x0000,0x0000
	.hword 0x0000,0x0000,0x0000,0x0000,0x0000,0x0000,0x0000,0x0000
	.hword 0x0000,0x0000,0x001D,0x001E,0x001F,0x0020,0x001F,0x0020
	.hword 0x001F,0x0020,0x041E,0x041D,0x0000,0x0000,0x0000,0x0000
	.hword 0x0000,0x0000,0x0000,0x0000,0x0000,0x0000,0x0000,0x0000
	.hword 0x0000,0x0000,0x0000,0x0000,0x0000,0x0000,0x0000,0x0000
	.hword 0x0000,0x0000,0x0000,0x0000,0x0000,0x0000,0x0000,0x0000
	.hword 0x0000,0x0000,0x0000,0x0000,0x0000,0x0000,0x0000,0x0000

	.hword 0x0000,0x0000,0x0000,0x0000,0x0000,0x0000,0x0000,0x0000
	.hword 0x0000,0x0000,0x0000,0x0000,0x0000,0x0000,0x0000,0x0000
	.hword 0x0000,0x0000,0x0000,0x0000,0x0000,0x0000,0x0000,0x0000
	.hword 0x0000,0x0000,0x0000,0x0000,0x0000,0x0000,0x0000,0x0000
	.hword 0x0000,0x0000,0x0000,0x0000,0x0000,0x0000,0x0000,0x0000
	.hword 0x0000,0x0000,0x0000,0x0000,0x0000,0x0000,0x0000,0x0000
	.hword 0x0000,0x0000,0x0000,0x0000,0x0000,0x0000,0x0000,0x0000
	.hword 0x0000,0x0000,0x0000,0x0000,0x0000,0x0000,0x0000,0x0000

	.hword 0x0000,0x0000,0x0000,0x0000,0x0000,0x0000,0x0000,0x0000
	.hword 0x0000,0x0000,0x0000,0x0000,0x0000,0x0000,0x0000,0x0000
	.hword 0x0000,0x0000,0x0000,0x0000,0x0000,0x0000,0x0000,0x0000
	.hword 0x0000,0x0000,0x0000,0x0000,0x0000,0x0000,0x0000,0x0000
	.hword 0x0019,0x001A,0x001B,0x001C,0x001B,0x001C,0x001B,0x001C
	.hword 0x041A,0x0419,0x0000,0x0000,0x0000,0x0000,0x0000,0x0000
	.hword 0x0000,0x0000,0x0019,0x001A,0x001B,0x001C,0x001B,0x001C
	.hword 0x001B,0x001C,0x041A,0x0419,0x0000,0x0000,0x0000,0x0000

	.hword 0x0000,0x0000,0x0000,0x0000,0x0000,0x0000,0x0000,0x0000
	.hword 0x0000,0x0000,0x0000,0x0000,0x0000,0x0000,0x0000,0x0000
	.hword 0x0000,0x0000,0x0000,0x0000,0x0000,0x0000,0x0000,0x0000
	.hword 0x0000,0x0000,0x0000,0x0000,0x0000,0x0000,0x0000,0x0000
	.hword 0x0000,0x0000,0x0000,0x0000,0x0000,0x0000,0x0019,0x001A
	.hword 0x001B,0x001C,0x001B,0x001C,0x001B,0x001C,0x041A,0x0419
	.hword 0x0000,0x0000,0x0000,0x0000,0x0000,0x0000,0x0000,0x0000
	.hword 0x0000,0x0000,0x0000,0x0000,0x0000,0x0000,0x0000,0x0000

	.hword 0x0000,0x0000,0x0000,0x0000,0x0000,0x0000,0x0000,0x0000
	.hword 0x0000,0x0000,0x0000,0x0000,0x0000,0x0000,0x0000,0x0000
	.hword 0x0000,0x0000,0x0000,0x0000,0x0000,0x0000,0x0000,0x0000
	.hword 0x0000,0x0000,0x0000,0x0000,0x0000,0x0000,0x0000,0x0000
	.hword 0x0000,0x0000,0x0000,0x0000,0x0000,0x0000,0x0000,0x0000
	.hword 0x0000,0x0000,0x0000,0x0000,0x0000,0x0000,0x0000,0x0000
	.hword 0x0000,0x0000,0x0000,0x0000,0x0000,0x0000,0x0000,0x0000
	.hword 0x0000,0x0000,0x0000,0x0000,0x0000,0x0000,0x0000,0x0000

	.hword 0x0000,0x0000,0x0000,0x0000,0x0000,0x0000,0x0000,0x0000
	.hword 0x0000,0x0000,0x0000,0x0000,0x0000,0x0000,0x0000,0x0000
	.hword 0x0000,0x0000,0x0000,0x0000,0x0000,0x0000,0x0000,0x0000
	.hword 0x0000,0x0000,0x0000,0x0000,0x0000,0x0000,0x0000,0x0000
	.hword 0x001D,0x001E,0x001F,0x0020,0x001F,0x0020,0x001F,0x0020
	.hword 0x041E,0x041D,0x0000,0x0000,0x0000,0x0000,0x0000,0x0000
	.hword 0x0000,0x0000,0x001D,0x001E,0x001F,0x0020,0x001F,0x0020
	.hword 0x001F,0x0020,0x041E,0x041D,0x0000,0x0000,0x0000,0x0000

	.hword 0x0000,0x0000,0x0000,0x0000,0x0000,0x0000,0x0000,0x0000
	.hword 0x0000,0x0000,0x0000,0x0000,0x0000,0x0000,0x0000,0x0000
	.hword 0x0000,0x0000,0x0000,0x0000,0x0000,0x0000,0x0000,0x0000
	.hword 0x0000,0x0000,0x0000,0x0000,0x0000,0x0000,0x0000,0x0000
	.hword 0x0000,0x0000,0x0000,0x0000,0x0000,0x0000,0x001D,0x001E
	.hword 0x001F,0x0020,0x001F,0x0020,0x001F,0x0020,0x041E,0x041D
	.hword 0x0000,0x0000,0x0000,0x0000,0x0000,0x0000,0x0000,0x0000
	.hword 0x0000,0x0000,0x0000,0x0000,0x0000,0x0000,0x0000,0x0000

	.hword 0x0000,0x0000,0x0000,0x0000,0x0000,0x0000,0x0000,0x0000
	.hword 0x0000,0x0000,0x0000,0x0000,0x0000,0x0000,0x0000,0x0000
	.hword 0x0000,0x0000,0x0000,0x0000,0x0000,0x0000,0x0000,0x0000
	.hword 0x0000,0x0000,0x0000,0x0000,0x0000,0x0000,0x0000,0x0000
	.hword 0x0000,0x0000,0x0000,0x0000,0x0000,0x0000,0x0000,0x0000
	.hword 0x0000,0x0000,0x0000,0x0000,0x0000,0x0000,0x0000,0x0000
	.hword 0x0000,0x0000,0x0000,0x0000,0x0000,0x0000,0x0000,0x0000
	.hword 0x0000,0x0000,0x0000,0x0000,0x0000,0x0000,0x0000,0x0000

	.hword 0x0000,0x0000,0x0000,0x0000,0x0000,0x0000,0x0000,0x0000
	.hword 0x0000,0x0000,0x0000,0x0000,0x0000,0x0000,0x0000,0x0000
	.hword 0x0000,0x0000,0x0000,0x0000,0x0000,0x0000,0x0000,0x0000
	.hword 0x0000,0x0000,0x0000,0x0000,0x0000,0x0000,0x0000,0x0000
	.hword 0x0000,0x0000,0x0000,0x0000,0x0000,0x0000,0x0000,0x0000
	.hword 0x0000,0x0000,0x0000,0x0000,0x0000,0x0000,0x0000,0x0000
	.hword 0x0000,0x0000,0x0000,0x0000,0x0000,0x0000,0x0000,0x0000
	.hword 0x0000,0x0000,0x0000,0x0000,0x0000,0x0000,0x0000,0x0000

	.hword 0x0000,0x0000,0x0000,0x0000,0x0000,0x0000,0x0000,0x0000
	.hword 0x0000,0x0000,0x0000,0x0000,0x0000,0x0000,0x0000,0x0000
	.hword 0x0000,0x0000,0x0000,0x0000,0x0000,0x0000,0x0000,0x0000
	.hword 0x0000,0x0000,0x0000,0x0000,0x0000,0x0000,0x0000,0x0000
	.hword 0x0000,0x0000,0x0000,0x0000,0x0000,0x0000,0x0000,0x0000
	.hword 0x0000,0x0000,0x0000,0x0000,0x0000,0x0000,0x0000,0x0000
	.hword 0x0000,0x0000,0x0000,0x0000,0x0000,0x0000,0x0000,0x0000
	.hword 0x0000,0x0000,0x0000,0x0000,0x0000,0x0000,0x0000,0x0000

	.hword 0x0000,0x0000,0x0000,0x0000,0x0000,0x0000,0x0000,0x0000
	.hword 0x0000,0x0000,0x0000,0x0000,0x0000,0x0000,0x0000,0x0000
	.hword 0x0000,0x0000,0x0000,0x0000,0x0000,0x0000,0x0000,0x0000
	.hword 0x0000,0x0000,0x0000,0x0000,0x0000,0x0000,0x0000,0x0000
	.hword 0x0000,0x0000,0x0000,0x0000,0x0000,0x0000,0x0000,0x0000
	.hword 0x0000,0x0000,0x0000,0x0000,0x0000,0x0000,0x0000,0x0000
	.hword 0x0000,0x0000,0x0000,0x0000,0x0000,0x0000,0x0000,0x0000
	.hword 0x0000,0x0000,0x0000,0x0000,0x0000,0x0000,0x0000,0x0000

	.hword 0x0000,0x0000,0x0000,0x0000,0x0000,0x0000,0x0000,0x0000
	.hword 0x0000,0x0000,0x0000,0x0000,0x0000,0x0000,0x0000,0x0000
	.hword 0x0000,0x0000,0x0000,0x0000,0x0000,0x0000,0x0000,0x0000
	.hword 0x0000,0x0000,0x0000,0x0000,0x0000,0x0000,0x0000,0x0000
	.hword 0x0000,0x0000,0x0000,0x0000,0x0000,0x0000,0x0000,0x0000
	.hword 0x0000,0x0000,0x0000,0x0000,0x0000,0x0000,0x0000,0x0000
	.hword 0x0000,0x0000,0x0000,0x0000,0x0000,0x0000,0x0000,0x0000
	.hword 0x0000,0x0000,0x0000,0x0000,0x0000,0x0000,0x0000,0x0000

	.hword 0x0000,0x0000,0x0000,0x0000,0x0000,0x0000,0x0000,0x0000
	.hword 0x0000,0x0000,0x0000,0x0000,0x0000,0x0000,0x0000,0x0000
	.hword 0x0000,0x0000,0x0000,0x0000,0x0000,0x0000,0x0000,0x0000
	.hword 0x0000,0x0000,0x0000,0x0000,0x0000,0x0000,0x0000,0x0000
	.hword 0x0000,0x0000,0x0000,0x0000,0x0000,0x0000,0x0000,0x0000
	.hword 0x0000,0x0000,0x0000,0x0000,0x0000,0x0000,0x0000,0x0000
	.hword 0x0000,0x0000,0x0000,0x0000,0x0000,0x0000,0x0000,0x0000
	.hword 0x0000,0x0000,0x0000,0x0000,0x0000,0x0000,0x0000,0x0000

	.hword 0x0000,0x0000,0x0000,0x0000,0x0000,0x0000,0x0000,0x0000
	.hword 0x0000,0x0000,0x0000,0x0000,0x0000,0x0000,0x0000,0x0000
	.hword 0x0000,0x0000,0x0000,0x0000,0x0000,0x0000,0x0000,0x0000
	.hword 0x0000,0x0000,0x0000,0x0000,0x0000,0x0000,0x0000,0x0000
	.hword 0x0000,0x0000,0x0000,0x0000,0x0000,0x0000,0x0000,0x0000
	.hword 0x0000,0x0000,0x0000,0x0000,0x0000,0x0000,0x0000,0x0000
	.hword 0x0000,0x0000,0x0000,0x0000,0x0000,0x0000,0x0000,0x0000
	.hword 0x0000,0x0000,0x0000,0x0000,0x0000,0x0000,0x0000,0x0000

	.hword 0x0000,0x0000,0x0000,0x0000,0x0000,0x0000,0x0000,0x0000
	.hword 0x0000,0x0000,0x0000,0x0000,0x0000,0x0000,0x0019,0x001A
	.hword 0x001B,0x001C,0x001B,0x001C,0x001B,0x001C,0x041A,0x0419
	.hword 0x0000,0x0000,0x0000,0x0000,0x0000,0x0000,0x0000,0x0000
	.hword 0x0000,0x0000,0x0000,0x0000,0x0000,0x0000,0x0000,0x0000
	.hword 0x0000,0x0000,0x0000,0x0000,0x0000,0x0000,0x0000,0x0000
	.hword 0x0000,0x0000,0x0000,0x0000,0x0000,0x0000,0x0000,0x0000
	.hword 0x0000,0x0000,0x0000,0x0000,0x0000,0x0000,0x0000,0x0000

	.hword 0x0000,0x0000,0x0019,0x001A,0x001B,0x001C,0x001B,0x001C
	.hword 0x001B,0x001C,0x041A,0x0419,0x0000,0x0000,0x0000,0x0000
	.hword 0x0000,0x0000,0x0000,0x0000,0x0000,0x0000,0x0000,0x0000
	.hword 0x0000,0x0000,0x0000,0x0000,0x0000,0x0000,0x0000,0x0000
	.hword 0x0000,0x0000,0x0000,0x0000,0x0000,0x0000,0x0000,0x0000
	.hword 0x0000,0x0000,0x0000,0x0000,0x0000,0x0000,0x0000,0x0000
	.hword 0x0000,0x0000,0x0000,0x0000,0x0000,0x0000,0x0000,0x0000
	.hword 0x0000,0x0000,0x0000,0x0000,0x0000,0x0000,0x0000,0x0000

	.hword 0x0000,0x0000,0x0000,0x0000,0x0000,0x0000,0x0000,0x0000
	.hword 0x0000,0x0000,0x0000,0x0000,0x0000,0x0000,0x0000,0x0000
	.hword 0x0000,0x0000,0x0019,0x001A,0x001B,0x001C,0x001B,0x001C
	.hword 0x001B,0x001C,0x041A,0x0419,0x0000,0x0000,0x0000,0x0000
	.hword 0x0000,0x0000,0x0000,0x0000,0x0000,0x0000,0x0000,0x0000
	.hword 0x0000,0x0000,0x0000,0x0000,0x0000,0x0000,0x0000,0x0000
	.hword 0x0000,0x0000,0x0000,0x0000,0x0000,0x0000,0x0000,0x0000
	.hword 0x0000,0x0000,0x0000,0x0000,0x0000,0x0000,0x0000,0x0000

	.hword 0x0000,0x0000,0x0000,0x0000,0x0000,0x0000,0x0000,0x0000
	.hword 0x0000,0x0000,0x0000,0x0000,0x0000,0x0000,0x001D,0x001E
	.hword 0x001F,0x0020,0x001F,0x0020,0x001F,0x0020,0x041E,0x041D
	.hword 0x0000,0x0000,0x0000,0x0000,0x0000,0x0000,0x0000,0x0000
	.hword 0x0000,0x0000,0x0000,0x0000,0x0000,0x0000,0x0000,0x0000
	.hword 0x0000,0x0000,0x0000,0x0000,0x0000,0x0000,0x0000,0x0000
	.hword 0x0000,0x0000,0x0000,0x0000,0x0000,0x0000,0x0000,0x0000
	.hword 0x0000,0x0000,0x0000,0x0000,0x0000,0x0000,0x0000,0x0000

	.hword 0x0000,0x0000,0x001D,0x001E,0x001F,0x0020,0x001F,0x0020
	.hword 0x001F,0x0020,0x041E,0x041D,0x0000,0x0000,0x0000,0x0000
	.hword 0x0000,0x0000,0x0000,0x0000,0x0000,0x0000,0x0000,0x0000
	.hword 0x0000,0x0000,0x0000,0x0000,0x0000,0x0000,0x0000,0x0000
	.hword 0x0000,0x0000,0x0000,0x0000,0x0000,0x0000,0x0000,0x0000
	.hword 0x0000,0x0000,0x0000,0x0000,0x0000,0x0000,0x0000,0x0000
	.hword 0x0000,0x0000,0x0000,0x0000,0x0000,0x0000,0x0000,0x0000
	.hword 0x0000,0x0000,0x0000,0x0000,0x0000,0x0000,0x0000,0x0000

	.hword 0x0000,0x0000,0x0000,0x0000,0x0000,0x0000,0x0000,0x0000
	.hword 0x0000,0x0000,0x0000,0x0000,0x0000,0x0000,0x0000,0x0000
	.hword 0x0000,0x0000,0x001D,0x001E,0x001F,0x0020,0x001F,0x0020
	.hword 0x001F,0x0020,0x041E,0x041D,0x0000,0x0000,0x0000,0x0000
	.hword 0x0000,0x0000,0x0000,0x0000,0x0000,0x0000,0x0000,0x0000
	.hword 0x0000,0x0000,0x0000,0x0000,0x0000,0x0000,0x0000,0x0000
	.hword 0x0000,0x0000,0x0000,0x0000,0x0000,0x0000,0x0000,0x0000
	.hword 0x0000,0x0000,0x0000,0x0000,0x0000,0x0000,0x0000,0x0000

	.hword 0x0000,0x0000,0x0000,0x0000,0x0000,0x0000,0x0000,0x0000
	.hword 0x0000,0x0000,0x0000,0x0000,0x0000,0x0000,0x0000,0x0000
	.hword 0x0000,0x0000,0x0000,0x0000,0x0000,0x0000,0x0000,0x0000
	.hword 0x0000,0x0000,0x0000,0x0000,0x0000,0x0000,0x0000,0x0000
	.hword 0x0000,0x0000,0x0817,0x0818,0x0817,0x0818,0x0817,0x0818
	.hword 0x0000,0x0000,0x0000,0x0000,0x0000,0x0000,0x0000,0x0000
	.hword 0x0000,0x0000,0x0000,0x0000,0x0000,0x0000,0x0000,0x0000
	.hword 0x0000,0x0000,0x0000,0x0000,0x0000,0x0000,0x0000,0x0000

	.hword 0x0000,0x0000,0x0000,0x0000,0x0000,0x0000,0x0000,0x0000
	.hword 0x0000,0x0000,0x0000,0x0000,0x0000,0x0000,0x0000,0x0000
	.hword 0x0000,0x0000,0x0000,0x0000,0x0000,0x0000,0x0000,0x0000
	.hword 0x0000,0x0000,0x0000,0x0000,0x0000,0x0000,0x0000,0x0000
	.hword 0x0000,0x0000,0x0000,0x0000,0x0000,0x0000,0x0000,0x0000
	.hword 0x0000,0x0000,0x0000,0x0000,0x0000,0x0000,0x0000,0x0000
	.hword 0x0000,0x0000,0x0000,0x0000,0x0000,0x0000,0x0000,0x0000
	.hword 0x0000,0x0000,0x0000,0x0000,0x0000,0x0000,0x0000,0x0000

	.hword 0x0000,0x0000,0x0000,0x0000,0x0000,0x0000,0x0000,0x0000
	.hword 0x0000,0x0000,0x0000,0x0000,0x0000,0x0000,0x0000,0x0000
	.hword 0x0000,0x0000,0x0000,0x0000,0x0000,0x0000,0x0000,0x0000
	.hword 0x0000,0x0000,0x0000,0x0000,0x0000,0x0000,0x0000,0x0000
	.hword 0x0000,0x0000,0x0000,0x0000,0x0000,0x0000,0x0019,0x001A
	.hword 0x001B,0x001C,0x001B,0x001C,0x001B,0x001C,0x041A,0x0419
	.hword 0x0000,0x0000,0x0000,0x0000,0x0000,0x0000,0x0000,0x0000
	.hword 0x0000,0x0000,0x0000,0x0000,0x0000,0x0000,0x0000,0x0000

	.hword 0x0000,0x0000,0x0000,0x0000,0x0000,0x0000,0x0000,0x0000
	.hword 0x0000,0x0000,0x0000,0x0000,0x0000,0x0000,0x0000,0x0000
	.hword 0x0000,0x0000,0x0000,0x0000,0x0000,0x0000,0x0000,0x0000
	.hword 0x0000,0x0000,0x0000,0x0000,0x0000,0x0000,0x0000,0x0000
	.hword 0x0000,0x0000,0x0815,0x0816,0x0815,0x0816,0x0815,0x0816
	.hword 0x0000,0x0000,0x0000,0x0000,0x0000,0x0000,0x0000,0x0000
	.hword 0x0000,0x0000,0x0000,0x0000,0x0000,0x0000,0x0000,0x0000
	.hword 0x0000,0x0000,0x0000,0x0000,0x0000,0x0000,0x0000,0x0000

	.hword 0x0000,0x0000,0x0000,0x0000,0x0000,0x0000,0x0000,0x0000
	.hword 0x0000,0x0000,0x0000,0x0000,0x0000,0x0000,0x0000,0x0000
	.hword 0x0000,0x0000,0x0000,0x0000,0x0000,0x0000,0x0000,0x0000
	.hword 0x0000,0x0000,0x0000,0x0000,0x0000,0x0000,0x0000,0x0000
	.hword 0x0000,0x0000,0x0000,0x0000,0x0000,0x0000,0x0000,0x0000
	.hword 0x0000,0x0000,0x0000,0x0000,0x0000,0x0000,0x0000,0x0000
	.hword 0x0000,0x0000,0x0000,0x0000,0x0000,0x0000,0x0000,0x0000
	.hword 0x0000,0x0000,0x0000,0x0000,0x0000,0x0000,0x0000,0x0000

	.hword 0x0000,0x0000,0x0000,0x0000,0x0000,0x0000,0x0000,0x0000
	.hword 0x0000,0x0000,0x0000,0x0000,0x0000,0x0000,0x0000,0x0000
	.hword 0x0000,0x0000,0x0000,0x0000,0x0000,0x0000,0x0000,0x0000
	.hword 0x0000,0x0000,0x0000,0x0000,0x0000,0x0000,0x0000,0x0000
	.hword 0x0000,0x0000,0x0000,0x0000,0x0000,0x0000,0x001D,0x001E
	.hword 0x001F,0x0020,0x001F,0x0020,0x001F,0x0020,0x041E,0x041D
	.hword 0x0000,0x0000,0x0000,0x0000,0x0000,0x0000,0x0000,0x0000
	.hword 0x0000,0x0000,0x0000,0x0000,0x0000,0x0000,0x0000,0x0000

	.hword 0x0000,0x0000,0x0000,0x0000,0x0000,0x0000,0x0000,0x0000
	.hword 0x0000,0x0000,0x0000,0x0000,0x0000,0x0000,0x0000,0x0000
	.hword 0x0000,0x0000,0x0000,0x0000,0x0000,0x0000,0x0000,0x0000
	.hword 0x0000,0x0000,0x0000,0x0000,0x0000,0x0000,0x0000,0x0000
	.hword 0x0000,0x0000,0x0812,0x0813,0x0812,0x0813,0x0812,0x0813
	.hword 0x0000,0x0000,0x0000,0x0000,0x0000,0x0000,0x0000,0x0000
	.hword 0x0000,0x0000,0x0000,0x0000,0x0000,0x0000,0x0000,0x0000
	.hword 0x0000,0x0000,0x0025,0x0026,0x0027,0x0028,0x0000,0x0000

	.hword 0x0000,0x0000,0x0000,0x0000,0x0000,0x0000,0x0000,0x0000
	.hword 0x0000,0x0000,0x0000,0x0000,0x0000,0x0000,0x0000,0x0000
	.hword 0x0000,0x0000,0x0000,0x0000,0x0000,0x0000,0x0000,0x0000
	.hword 0x0000,0x0000,0x0000,0x0000,0x0000,0x0000,0x0000,0x0000
	.hword 0x0000,0x0000,0x0000,0x0000,0x0000,0x0000,0x0000,0x0000
	.hword 0x0000,0x0000,0x0000,0x0000,0x0000,0x0000,0x0000,0x0000
	.hword 0x0000,0x0000,0x0000,0x0000,0x0000,0x0000,0x0000,0x0000
	.hword 0x0000,0x0000,0x0000,0x0000,0x0000,0x0000,0x0000,0x0000

	.hword 0x0025,0x0026,0x0027,0x0028,0x0000,0x0000,0x0428,0x0427
	.hword 0x0426,0x0425,0x0000,0x0000,0x0000,0x0000,0x0000,0x0000
	.hword 0x0000,0x0000,0x0000,0x0000,0x0000,0x0000,0x0000,0x0000
	.hword 0x0000,0x0000,0x0000,0x0000,0x0000,0x0000,0x0000,0x0000
	.hword 0x0000,0x0000,0x0000,0x0000,0x0000,0x0000,0x0000,0x0000
	.hword 0x0000,0x0000,0x0000,0x0000,0x0000,0x0000,0x0000,0x0000
	.hword 0x0000,0x0000,0x0000,0x0000,0x0000,0x0000,0x0000,0x0000
	.hword 0x0000,0x0000,0x0000,0x0000,0x0000,0x0000,0x0000,0x0000

	.hword 0x0000,0x0000,0x0000,0x0000,0x0000,0x0000,0x0000,0x0000
	.hword 0x0000,0x0000,0x0000,0x0000,0x0000,0x0000,0x0000,0x0000
	.hword 0x0000,0x0000,0x0000,0x0000,0x0000,0x0000,0x0000,0x0000
	.hword 0x0000,0x0000,0x0000,0x0000,0x0000,0x0000,0x0000,0x0000
	.hword 0x0000,0x0000,0x080E,0x080F,0x080E,0x080F,0x080E,0x080F
	.hword 0x0000,0x0000,0x0000,0x0000,0x0000,0x0000,0x0000,0x0000
	.hword 0x0000,0x0000,0x0000,0x0000,0x0000,0x0000,0x0000,0x0000
	.hword 0x0000,0x0000,0x0029,0x002A,0x002B,0x002C,0x0000,0x0000

	.hword 0x0000,0x0000,0x0000,0x0000,0x0000,0x0000,0x0000,0x0000
	.hword 0x0000,0x0000,0x0000,0x0000,0x0000,0x0000,0x0000,0x0000
	.hword 0x0000,0x0000,0x0000,0x0000,0x0000,0x0000,0x0000,0x0000
	.hword 0x0000,0x0000,0x0000,0x0000,0x0000,0x0000,0x0000,0x0000
	.hword 0x0000,0x0000,0x0000,0x0000,0x0000,0x0000,0x0000,0x0000
	.hword 0x0000,0x0000,0x0000,0x0000,0x0000,0x0000,0x0000,0x0000
	.hword 0x0000,0x0000,0x0000,0x0000,0x0000,0x0000,0x0000,0x0000
	.hword 0x0000,0x0000,0x0000,0x0000,0x0000,0x0000,0x0000,0x002D

	.hword 0x0029,0x002A,0x002B,0x002C,0x0000,0x0000,0x042C,0x042B
	.hword 0x042A,0x0429,0x042D,0x0000,0x0000,0x0000,0x0000,0x0000
	.hword 0x0000,0x0000,0x0000,0x0000,0x0000,0x0000,0x0000,0x0000
	.hword 0x0000,0x0000,0x0000,0x0000,0x0000,0x0000,0x0000,0x0000
	.hword 0x0000,0x0000,0x0000,0x0000,0x0000,0x0000,0x0000,0x0000
	.hword 0x0000,0x0000,0x0000,0x0000,0x0000,0x0000,0x0000,0x0000
	.hword 0x0000,0x0000,0x0000,0x0000,0x0000,0x0000,0x0000,0x0000
	.hword 0x0000,0x0000,0x0000,0x0000,0x0000,0x0000,0x0000,0x0000

	.hword 0x0000,0x0000,0x0000,0x0000,0x0000,0x0000,0x0000,0x0000
	.hword 0x0000,0x0000,0x0000,0x0000,0x0000,0x0000,0x0000,0x0000
	.hword 0x0000,0x0000,0x0000,0x0000,0x0000,0x0000,0x0817,0x0818
	.hword 0x0000,0x0000,0x0000,0x0000,0x0000,0x0000,0x002E,0x002F
	.hword 0x002E,0x002F,0x0808,0x0809,0x0808,0x0809,0x0808,0x0809
	.hword 0x002E,0x002F,0x0021,0x0022,0x0000,0x0000,0x0000,0x0000
	.hword 0x0000,0x0000,0x0000,0x0000,0x0000,0x0000,0x0025,0x0026
	.hword 0x0027,0x0028,0x0030,0x0031,0x0032,0x0033,0x0426,0x0425

	.hword 0x0000,0x0000,0x0000,0x0000,0x0000,0x0000,0x0000,0x0000
	.hword 0x0019,0x001A,0x001B,0x001C,0x001B,0x001C,0x001B,0x001C
	.hword 0x041A,0x0419,0x0000,0x0000,0x0000,0x0000,0x0000,0x0000
	.hword 0x0000,0x0000,0x0000,0x0000,0x0000,0x0000,0x0019,0x001A
	.hword 0x001B,0x001C,0x001B,0x001C,0x001B,0x001C,0x041A,0x0419
	.hword 0x0000,0x0000,0x0000,0x0000,0x0000,0x0000,0x0000,0x0000
	.hword 0x0000,0x0000,0x0000,0x0000,0x0000,0x0000,0x0000,0x0000
	.hword 0x0000,0x0000,0x0000,0x0000,0x0000,0x0000,0x0034,0x0035

	.hword 0x0030,0x0031,0x0036,0x0037,0x0038,0x0039,0x0437,0x0436
	.hword 0x0431,0x0430,0x0435,0x0434,0x0000,0x0000,0x0000,0x0000
	.hword 0x0000,0x0000,0x0025,0x0026,0x0027,0x0028,0x0000,0x0000
	.hword 0x0000,0x0000,0x0428,0x0427,0x0426,0x0425,0x0000,0x0000
	.hword 0x0000,0x0000,0x0000,0x0000,0x0000,0x0000,0x0000,0x0000
	.hword 0x0000,0x0000,0x0000,0x0000,0x0000,0x0000,0x0000,0x0000
	.hword 0x0000,0x0000,0x0000,0x0000,0x0000,0x0000,0x0000,0x0000
	.hword 0x0000,0x0000,0x0000,0x0000,0x0000,0x0000,0x0000,0x0000

	.hword 0x0000,0x0000,0x0000,0x0000,0x0000,0x0000,0x0000,0x0000
	.hword 0x0000,0x0000,0x0000,0x0000,0x0000,0x0000,0x0000,0x0000
	.hword 0x0000,0x0000,0x0000,0x0000,0x0000,0x0000,0x0815,0x0816
	.hword 0x0000,0x0000,0x0000,0x0000,0x0000,0x0000,0x003A,0x003B
	.hword 0x003A,0x003B,0x0802,0x0803,0x0802,0x0803,0x0802,0x0803
	.hword 0x003A,0x003B,0x0023,0x0024,0x0000,0x0000,0x0000,0x0000
	.hword 0x0000,0x0000,0x0000,0x0000,0x0000,0x002D,0x0029,0x002A
	.hword 0x002B,0x002C,0x003C,0x003D,0x003E,0x003F,0x042A,0x0429

	.hword 0x042D,0x0000,0x0000,0x0000,0x0000,0x0000,0x0000,0x0000
	.hword 0x001D,0x001E,0x001F,0x0020,0x001F,0x0020,0x001F,0x0020
	.hword 0x041E,0x041D,0x0000,0x0000,0x0000,0x0000,0x0000,0x0000
	.hword 0x0000,0x0000,0x0000,0x0000,0x0000,0x0000,0x001D,0x001E
	.hword 0x001F,0x0020,0x001F,0x0020,0x001F,0x0020,0x041E,0x041D
	.hword 0x0000,0x0000,0x0000,0x0000,0x0000,0x0000,0x0000,0x0000
	.hword 0x0000,0x0000,0x0000,0x0000,0x0000,0x0000,0x0000,0x0000
	.hword 0x0000,0x0000,0x0000,0x0000,0x0000,0x0000,0x0040,0x0041

	.hword 0x003C,0x003D,0x0042,0x0043,0x0044,0x0045,0x0443,0x0442
	.hword 0x043D,0x043C,0x0441,0x0440,0x0000,0x0000,0x0000,0x0000
	.hword 0x0000,0x002D,0x0029,0x002A,0x002B,0x002C,0x0000,0x0000
	.hword 0x0000,0x002D,0x042C,0x042B,0x042A,0x0429,0x042D,0x0000
	.hword 0x0000,0x0000,0x0000,0x0000,0x0000,0x0000,0x0000,0x0000
	.hword 0x0000,0x0000,0x0000,0x0000,0x0000,0x0000,0x0000,0x0000
	.hword 0x0000,0x0000,0x0000,0x0000,0x0000,0x0000,0x0000,0x0000
	.hword 0x0000,0x0000,0x0000,0x0000,0x0000,0x0000,0x0000,0x0000

	.hword 0x0000,0x0000,0x0000,0x0000,0x0000,0x0000,0x0000,0x0000
	.hword 0x0000,0x0000,0x0000,0x0000,0x0000,0x0000,0x0000,0x0000
	.hword 0x0000,0x0000,0x0000,0x0000,0x0000,0x0000,0x0812,0x0813
	.hword 0x0000,0x0000,0x0000,0x0000,0x0046,0x0047,0x0048,0x0049
	.hword 0x0449,0x0448,0x0048,0x0049,0x0449,0x0448,0x0048,0x0049
	.hword 0x0449,0x0448,0x0048,0x0049,0x0449,0x0448,0x0447,0x0446
	.hword 0x0000,0x0000,0x0021,0x0022,0x0034,0x0035,0x0030,0x0031
	.hword 0x0036,0x0037,0x0038,0x0039,0x004A,0x004B,0x0431,0x0430

	.hword 0x0435,0x0434,0x0000,0x0000,0x0000,0x0000,0x0000,0x0000
	.hword 0x0000,0x0000,0x0000,0x0000,0x0000,0x0000,0x0000,0x0000
	.hword 0x0000,0x0000,0x0000,0x0000,0x0000,0x0000,0x0000,0x0000
	.hword 0x0000,0x0000,0x0000,0x0000,0x0000,0x0000,0x0000,0x0000
	.hword 0x0000,0x0000,0x0000,0x0000,0x0000,0x0000,0x0000,0x0000
	.hword 0x0000,0x0000,0x0000,0x0000,0x0000,0x0000,0x0000,0x0000
	.hword 0x0000,0x0000,0x0000,0x0000,0x0000,0x0000,0x0000,0x0000
	.hword 0x0000,0x0000,0x0000,0x0000,0x0046,0x0047,0x0048,0x0049

	.hword 0x0449,0x0448,0x0048,0x0049,0x0449,0x0448,0x0048,0x0049
	.hword 0x0449,0x0448,0x0048,0x0049,0x0449,0x0448,0x0447,0x0446
	.hword 0x0034,0x0035,0x0030,0x0031,0x0036,0x0037,0x0038,0x0039
	.hword 0x0034,0x0035,0x0437,0x0436,0x0431,0x0430,0x0435,0x0434
	.hword 0x0000,0x0000,0x0000,0x0000,0x0000,0x0000,0x0000,0x0000
	.hword 0x0000,0x0000,0x0000,0x0000,0x0000,0x0000,0x0000,0x0000
	.hword 0x0000,0x0000,0x0000,0x0000,0x0000,0x0000,0x0000,0x0000
	.hword 0x0000,0x0000,0x0000,0x0000,0x0000,0x0000,0x0000,0x0000

	.hword 0x0000,0x0000,0x0000,0x0000,0x0000,0x0000,0x0000,0x0000
	.hword 0x0000,0x0000,0x0000,0x0000,0x0000,0x0000,0x0000,0x0000
	.hword 0x0000,0x0000,0x0000,0x0000,0x0000,0x0000,0x080E,0x080F
	.hword 0x0000,0x0000,0x0000,0x0000,0x004C,0x004D,0x004E,0x004F
	.hword 0x044F,0x044E,0x004E,0x004F,0x044F,0x044E,0x004E,0x004F
	.hword 0x044F,0x044E,0x004E,0x004F,0x044F,0x044E,0x044D,0x044C
	.hword 0x0000,0x0000,0x0023,0x0024,0x0040,0x0041,0x003C,0x003D
	.hword 0x0042,0x0043,0x0044,0x0045,0x0050,0x0051,0x043D,0x043C

	.hword 0x0441,0x0440,0x0000,0x0000,0x0000,0x0000,0x0000,0x0000
	.hword 0x0000,0x0000,0x0000,0x0000,0x0000,0x0000,0x0000,0x0000
	.hword 0x0000,0x0000,0x0000,0x0000,0x0000,0x0000,0x0000,0x0000
	.hword 0x0000,0x0000,0x0000,0x0000,0x0000,0x0000,0x0000,0x0000
	.hword 0x0000,0x0000,0x0000,0x0000,0x0000,0x0000,0x0000,0x0000
	.hword 0x0000,0x0000,0x0000,0x0000,0x0000,0x0000,0x0000,0x0000
	.hword 0x0000,0x0000,0x0000,0x0000,0x0000,0x0000,0x0000,0x0000
	.hword 0x0000,0x0000,0x0000,0x0000,0x004C,0x004D,0x004E,0x004F

	.hword 0x044F,0x044E,0x004E,0x004F,0x044F,0x044E,0x004E,0x004F
	.hword 0x044F,0x044E,0x004E,0x004F,0x044F,0x044E,0x044D,0x044C
	.hword 0x0040,0x0041,0x003C,0x003D,0x0042,0x0043,0x0044,0x0045
	.hword 0x0040,0x0041,0x0443,0x0442,0x043D,0x043C,0x0441,0x0440
	.hword 0x0000,0x0000,0x0000,0x0000,0x0000,0x0000,0x0000,0x0000
	.hword 0x0000,0x0000,0x0000,0x0000,0x0000,0x0000,0x0000,0x0000
	.hword 0x0000,0x0000,0x0000,0x0000,0x0000,0x0000,0x0000,0x0000
	.hword 0x0000,0x0000,0x0000,0x0000,0x0000,0x0000,0x0000,0x0000

	.hword 0x0000,0x0000,0x0000,0x0000,0x0000,0x0000,0x0000,0x0000
	.hword 0x0000,0x0000,0x0000,0x0000,0x0000,0x0000,0x0817,0x0818
	.hword 0x0000,0x0000,0x0000,0x0000,0x0000,0x0000,0x0808,0x0809
	.hword 0x0000,0x0000,0x0000,0x0000,0x0052,0x0053,0x0001,0x0001
	.hword 0x0001,0x0001,0x0001,0x0001,0x0001,0x0001,0x0001,0x0001
	.hword 0x0001,0x0001,0x0001,0x0001,0x0001,0x0001,0x0453,0x0452
	.hword 0x0048,0x0049,0x0449,0x0448,0x0048,0x0049,0x0449,0x0448
	.hword 0x0048,0x0049,0x0449,0x0448,0x0048,0x0049,0x0449,0x0448

	.hword 0x0447,0x0446,0x0000,0x0000,0x0000,0x0000,0x0428,0x0427
	.hword 0x0426,0x0425,0x0000,0x0000,0x0000,0x0000,0x0000,0x0000
	.hword 0x0428,0x0427,0x0426,0x0425,0x0000,0x0000,0x0428,0x0427
	.hword 0x0426,0x0425,0x0000,0x0000,0x0000,0x0000,0x0000,0x0000
	.hword 0x0000,0x0000,0x0000,0x0000,0x0000,0x0000,0x0000,0x0000
	.hword 0x0000,0x0000,0x0000,0x0000,0x0000,0x0000,0x0817,0x0818
	.hword 0x0000,0x0000,0x0000,0x0000,0x0000,0x0000,0x0000,0x0000
	.hword 0x0000,0x0000,0x0000,0x0000,0x0052,0x0053,0x0001,0x0001

	.hword 0x0001,0x0001,0x0001,0x0001,0x0001,0x0001,0x0001,0x0001
	.hword 0x0001,0x0001,0x0001,0x0001,0x0001,0x0001,0x0453,0x0452
	.hword 0x0048,0x0049,0x0449,0x0448,0x0048,0x0049,0x0449,0x0448
	.hword 0x0048,0x0049,0x0449,0x0448,0x0048,0x0049,0x0449,0x0448
	.hword 0x0447,0x0446,0x0000,0x0000,0x0000,0x0000,0x0428,0x0427
	.hword 0x0426,0x0425,0x0000,0x0000,0x0000,0x0000,0x0000,0x0000
	.hword 0x0428,0x0427,0x0426,0x0425,0x0000,0x0000,0x0428,0x0427
	.hword 0x0426,0x0425,0x0000,0x0000,0x0000,0x0000,0x0000,0x0000

	.hword 0x0000,0x0000,0x0000,0x0000,0x0000,0x0000,0x0000,0x0000
	.hword 0x0000,0x0000,0x0000,0x0000,0x0000,0x0000,0x0815,0x0816
	.hword 0x0000,0x0000,0x0000,0x0000,0x0000,0x0000,0x0802,0x0803
	.hword 0x0000,0x0000,0x0000,0x0000,0x0054,0x0055,0x0001,0x0001
	.hword 0x0001,0x0001,0x0001,0x0001,0x0001,0x0001,0x0001,0x0001
	.hword 0x0001,0x0001,0x0001,0x0001,0x0001,0x0001,0x0455,0x0454
	.hword 0x004E,0x004F,0x044F,0x044E,0x004E,0x004F,0x044F,0x044E
	.hword 0x004E,0x004F,0x044F,0x044E,0x004E,0x004F,0x044F,0x044E

	.hword 0x044D,0x044C,0x0000,0x0000,0x0000,0x0000,0x042C,0x042B
	.hword 0x042A,0x0429,0x042D,0x0000,0x0000,0x0000,0x0000,0x0000
	.hword 0x042C,0x042B,0x042A,0x0429,0x042D,0x0000,0x042C,0x042B
	.hword 0x042A,0x0429,0x042D,0x0000,0x0000,0x0000,0x0000,0x0000
	.hword 0x0000,0x0000,0x0000,0x0000,0x0000,0x0000,0x0000,0x0000
	.hword 0x0000,0x0000,0x0000,0x0000,0x0000,0x0000,0x0815,0x0816
	.hword 0x0000,0x0000,0x0000,0x0000,0x0000,0x0000,0x0000,0x0000
	.hword 0x0000,0x0000,0x0000,0x0000,0x0054,0x0055,0x0001,0x0001

	.hword 0x0001,0x0001,0x0001,0x0001,0x0001,0x0001,0x0001,0x0001
	.hword 0x0001,0x0001,0x0001,0x0001,0x0001,0x0001,0x0455,0x0454
	.hword 0x004E,0x004F,0x044F,0x044E,0x004E,0x004F,0x044F,0x044E
	.hword 0x004E,0x004F,0x044F,0x044E,0x004E,0x004F,0x044F,0x044E
	.hword 0x044D,0x044C,0x0000,0x0000,0x0000,0x0000,0x042C,0x042B
	.hword 0x042A,0x0429,0x042D,0x0000,0x0000,0x0000,0x0000,0x0000
	.hword 0x042C,0x042B,0x042A,0x0429,0x042D,0x0000,0x042C,0x042B
	.hword 0x042A,0x0429,0x042D,0x0000,0x0000,0x0000,0x0000,0x0000

	.hword 0x0000,0x0000,0x0000,0x0000,0x0025,0x0026,0x0027,0x0028
	.hword 0x0000,0x0000,0x0000,0x0000,0x0000,0x0000,0x0812,0x0813
	.hword 0x0000,0x0000,0x0000,0x0000,0x0046,0x0047,0x0048,0x0049
	.hword 0x0449,0x0448,0x0048,0x0049,0x0056,0x0057,0x0001,0x0001
	.hword 0x0001,0x0001,0x0001,0x0001,0x0058,0x0059,0x005A,0x005B
	.hword 0x0001,0x0001,0x0001,0x0001,0x0001,0x0001,0x0001,0x0001
	.hword 0x0001,0x0001,0x0001,0x0001,0x0001,0x0001,0x0001,0x0001
	.hword 0x0001,0x0001,0x0001,0x0001,0x0001,0x0001,0x0001,0x0001

	.hword 0x0453,0x0452,0x0021,0x0022,0x0000,0x0000,0x0437,0x0436
	.hword 0x0431,0x0430,0x0435,0x0434,0x0021,0x0022,0x0021,0x0022
	.hword 0x0437,0x0436,0x0431,0x0430,0x0435,0x0434,0x0437,0x0436
	.hword 0x0431,0x0430,0x0435,0x0434,0x0021,0x0022,0x0021,0x0022
	.hword 0x0000,0x0000,0x0000,0x0000,0x0025,0x0026,0x0027,0x0028
	.hword 0x0000,0x0000,0x0000,0x0000,0x0000,0x0000,0x0812,0x0813
	.hword 0x0000,0x0000,0x0000,0x0000,0x0046,0x0047,0x0048,0x0049
	.hword 0x0449,0x0448,0x0048,0x0049,0x0056,0x0057,0x0001,0x0001

	.hword 0x0001,0x0001,0x0001,0x0001,0x0058,0x0059,0x005A,0x005B
	.hword 0x0001,0x0001,0x0001,0x0001,0x0001,0x0001,0x0001,0x0001
	.hword 0x0001,0x0001,0x0001,0x0001,0x0001,0x0001,0x0001,0x0001
	.hword 0x0001,0x0001,0x0001,0x0001,0x0001,0x0001,0x0001,0x0001
	.hword 0x0453,0x0452,0x0021,0x0022,0x0000,0x0000,0x0437,0x0436
	.hword 0x0431,0x0430,0x0435,0x0434,0x0021,0x0022,0x0021,0x0022
	.hword 0x0437,0x0436,0x0431,0x0430,0x0435,0x0434,0x0437,0x0436
	.hword 0x0431,0x0430,0x0435,0x0434,0x0021,0x0022,0x0021,0x0022

	.hword 0x0000,0x0000,0x0000,0x002D,0x0029,0x002A,0x002B,0x002C
	.hword 0x0000,0x0000,0x0000,0x0000,0x0000,0x0000,0x080E,0x080F
	.hword 0x0000,0x0000,0x0000,0x0000,0x004C,0x004D,0x004E,0x004F
	.hword 0x044F,0x044E,0x004E,0x004F,0x005C,0x005D,0x0001,0x0001
	.hword 0x0001,0x0001,0x0001,0x0001,0x005E,0x005F,0x0060,0x0061
	.hword 0x0001,0x0001,0x0001,0x0001,0x0001,0x0001,0x0001,0x0001
	.hword 0x0001,0x0001,0x0001,0x0001,0x0001,0x0001,0x0001,0x0001
	.hword 0x0001,0x0001,0x0001,0x0001,0x0001,0x0001,0x0001,0x0001

	.hword 0x0455,0x0454,0x0023,0x0024,0x0000,0x0000,0x0443,0x0442
	.hword 0x043D,0x043C,0x0441,0x0440,0x0023,0x0024,0x0023,0x0024
	.hword 0x0443,0x0442,0x043D,0x043C,0x0441,0x0440,0x0443,0x0442
	.hword 0x043D,0x043C,0x0441,0x0440,0x0023,0x0024,0x0023,0x0024
	.hword 0x0000,0x0000,0x0000,0x002D,0x0029,0x002A,0x002B,0x002C
	.hword 0x0000,0x0000,0x0000,0x0000,0x0000,0x0000,0x080E,0x080F
	.hword 0x0000,0x0000,0x0000,0x0000,0x004C,0x004D,0x004E,0x004F
	.hword 0x044F,0x044E,0x004E,0x004F,0x005C,0x005D,0x0001,0x0001

	.hword 0x0001,0x0001,0x0001,0x0001,0x005E,0x005F,0x0060,0x0061
	.hword 0x0001,0x0001,0x0001,0x0001,0x0001,0x0001,0x0001,0x0001
	.hword 0x0001,0x0001,0x0001,0x0001,0x0001,0x0001,0x0001,0x0001
	.hword 0x0001,0x0001,0x0001,0x0001,0x0001,0x0001,0x0001,0x0001
	.hword 0x0455,0x0454,0x0023,0x0024,0x0000,0x0000,0x0443,0x0442
	.hword 0x043D,0x043C,0x0441,0x0440,0x0023,0x0024,0x0023,0x0024
	.hword 0x0443,0x0442,0x043D,0x043C,0x0441,0x0440,0x0443,0x0442
	.hword 0x043D,0x043C,0x0441,0x0440,0x0023,0x0024,0x0023,0x0024

	.hword 0x0000,0x0000,0x0034,0x0035,0x0030,0x0031,0x0036,0x0037
	.hword 0x0000,0x0000,0x002E,0x002F,0x002E,0x002F,0x0808,0x0809
	.hword 0x0000,0x0000,0x0000,0x0000,0x0052,0x0053,0x0001,0x0001
	.hword 0x0001,0x0001,0x0001,0x0001,0x0001,0x0001,0x0001,0x0001
	.hword 0x0062,0x0063,0x0001,0x0001,0x0064,0x0065,0x0066,0x0067
	.hword 0x0001,0x0001,0x0001,0x0001,0x0001,0x0001,0x0001,0x0001
	.hword 0x0001,0x0001,0x0058,0x0059,0x005A,0x005B,0x0001,0x0001
	.hword 0x0001,0x0001,0x0058,0x0059,0x005A,0x005B,0x0001,0x0001

	.hword 0x0453,0x0452,0x0048,0x0049,0x0449,0x0448,0x0048,0x0049
	.hword 0x0449,0x0448,0x0048,0x0049,0x0449,0x0448,0x0449,0x0448
	.hword 0x0048,0x0049,0x0449,0x0448,0x0449,0x0448,0x0048,0x0049
	.hword 0x0449,0x0448,0x0048,0x0049,0x0449,0x0448,0x0447,0x0446
	.hword 0x0000,0x0000,0x0034,0x0035,0x0030,0x0031,0x0036,0x0037
	.hword 0x0000,0x0000,0x002E,0x002F,0x002E,0x002F,0x0808,0x0809
	.hword 0x0000,0x0000,0x0000,0x0000,0x0052,0x0053,0x0001,0x0001
	.hword 0x0001,0x0001,0x0001,0x0001,0x0001,0x0001,0x0001,0x0001

	.hword 0x0062,0x0063,0x0001,0x0001,0x0064,0x0065,0x0066,0x0067
	.hword 0x0001,0x0001,0x0001,0x0001,0x0001,0x0001,0x0001,0x0001
	.hword 0x0001,0x0001,0x0058,0x0059,0x005A,0x005B,0x0001,0x0001
	.hword 0x0001,0x0001,0x0058,0x0059,0x005A,0x005B,0x0001,0x0001
	.hword 0x0453,0x0452,0x0048,0x0049,0x0449,0x0448,0x0048,0x0049
	.hword 0x0449,0x0448,0x0048,0x0049,0x0449,0x0448,0x0449,0x0448
	.hword 0x0048,0x0049,0x0449,0x0448,0x0449,0x0448,0x0048,0x0049
	.hword 0x0449,0x0448,0x0048,0x0049,0x0449,0x0448,0x0447,0x0446

	.hword 0x0000,0x0000,0x0040,0x0041,0x003C,0x003D,0x0042,0x0043
	.hword 0x0000,0x0000,0x003A,0x003B,0x003A,0x003B,0x0802,0x0803
	.hword 0x0000,0x0000,0x0000,0x0000,0x0054,0x0055,0x0001,0x0001
	.hword 0x0001,0x0001,0x0001,0x0001,0x0001,0x0001,0x0001,0x0001
	.hword 0x0068,0x0069,0x0001,0x0001,0x006A,0x006B,0x006C,0x006D
	.hword 0x0001,0x0001,0x0001,0x0001,0x0001,0x0001,0x0001,0x0001
	.hword 0x0001,0x0001,0x005E,0x005F,0x0060,0x0061,0x0001,0x0001
	.hword 0x0001,0x0001,0x005E,0x005F,0x0060,0x0061,0x0001,0x0001

	.hword 0x0455,0x0454,0x004E,0x004F,0x044F,0x044E,0x004E,0x004F
	.hword 0x044F,0x044E,0x004E,0x004F,0x044F,0x044E,0x044F,0x044E
	.hword 0x004E,0x004F,0x044F,0x044E,0x044F,0x044E,0x004E,0x004F
	.hword 0x044F,0x044E,0x004E,0x004F,0x044F,0x044E,0x044D,0x044C
	.hword 0x0000,0x0000,0x0040,0x0041,0x003C,0x003D,0x0042,0x0043
	.hword 0x0000,0x0000,0x003A,0x003B,0x003A,0x003B,0x0802,0x0803
	.hword 0x0000,0x0000,0x0000,0x0000,0x0054,0x0055,0x0001,0x0001
	.hword 0x0001,0x0001,0x0001,0x0001,0x0001,0x0001,0x0001,0x0001

	.hword 0x0068,0x0069,0x0001,0x0001,0x006A,0x006B,0x006C,0x006D
	.hword 0x0001,0x0001,0x0001,0x0001,0x0001,0x0001,0x0001,0x0001
	.hword 0x0001,0x0001,0x005E,0x005F,0x0060,0x0061,0x0001,0x0001
	.hword 0x0001,0x0001,0x005E,0x005F,0x0060,0x0061,0x0001,0x0001
	.hword 0x0455,0x0454,0x004E,0x004F,0x044F,0x044E,0x004E,0x004F
	.hword 0x044F,0x044E,0x004E,0x004F,0x044F,0x044E,0x044F,0x044E
	.hword 0x004E,0x004F,0x044F,0x044E,0x044F,0x044E,0x004E,0x004F
	.hword 0x044F,0x044E,0x004E,0x004F,0x044F,0x044E,0x044D,0x044C

	.hword 0x0046,0x0047,0x0048,0x0049,0x0449,0x0448,0x0048,0x0049
	.hword 0x0449,0x0448,0x0048,0x0049,0x0449,0x0448,0x0048,0x0049
	.hword 0x0449,0x0448,0x0048,0x0049,0x0056,0x0057,0x0001,0x0001
	.hword 0x0058,0x0059,0x005A,0x005B,0x0001,0x0001,0x0001,0x0001
	.hword 0x0001,0x0001,0x0001,0x0001,0x0001,0x0001,0x0001,0x0001
	.hword 0x0001,0x0001,0x0001,0x0001,0x0062,0x0063,0x0001,0x0001
	.hword 0x0001,0x0001,0x0064,0x0065,0x0066,0x0067,0x0001,0x0001
	.hword 0x0001,0x0001,0x0064,0x0065,0x0066,0x0067,0x0001,0x0001

	.hword 0x0001,0x0001,0x0001,0x0001,0x0001,0x0001,0x0001,0x0001
	.hword 0x0062,0x0063,0x0001,0x0001,0x0001,0x0001,0x0001,0x0001
	.hword 0x0001,0x0001,0x0062,0x0063,0x0001,0x0001,0x0001,0x0001
	.hword 0x0062,0x0063,0x0001,0x0001,0x0001,0x0001,0x0001,0x0001
	.hword 0x0048,0x0049,0x0048,0x0049,0x0449,0x0448,0x0048,0x0049
	.hword 0x0449,0x0448,0x0048,0x0049,0x0449,0x0448,0x0048,0x0049
	.hword 0x0449,0x0448,0x0048,0x0049,0x0056,0x0057,0x0001,0x0001
	.hword 0x0058,0x0059,0x005A,0x005B,0x0001,0x0001,0x0001,0x0001

	.hword 0x0001,0x0001,0x0001,0x0001,0x0001,0x0001,0x0001,0x0001
	.hword 0x0001,0x0001,0x0001,0x0001,0x0062,0x0063,0x0001,0x0001
	.hword 0x0001,0x0001,0x0064,0x0065,0x0066,0x0067,0x0001,0x0001
	.hword 0x0001,0x0001,0x0064,0x0065,0x0066,0x0067,0x0001,0x0001
	.hword 0x0001,0x0001,0x0001,0x0001,0x0001,0x0001,0x0001,0x0001
	.hword 0x0062,0x0063,0x0001,0x0001,0x0001,0x0001,0x0001,0x0001
	.hword 0x0001,0x0001,0x0062,0x0063,0x0001,0x0001,0x0001,0x0001
	.hword 0x0062,0x0063,0x0001,0x0001,0x0001,0x0001,0x0453,0x0452

	.hword 0x004C,0x004D,0x004E,0x004F,0x044F,0x044E,0x004E,0x004F
	.hword 0x044F,0x044E,0x004E,0x004F,0x044F,0x044E,0x004E,0x004F
	.hword 0x044F,0x044E,0x004E,0x004F,0x005C,0x005D,0x0001,0x0001
	.hword 0x005E,0x005F,0x0060,0x0061,0x0001,0x0001,0x0001,0x0001
	.hword 0x0001,0x0001,0x0001,0x0001,0x0001,0x0001,0x0001,0x0001
	.hword 0x0001,0x0001,0x0001,0x0001,0x0068,0x0069,0x0001,0x0001
	.hword 0x0001,0x0001,0x006A,0x006B,0x006C,0x006D,0x0001,0x0001
	.hword 0x0001,0x0001,0x006A,0x006B,0x006C,0x006D,0x0001,0x0001

	.hword 0x0001,0x0001,0x0001,0x0001,0x0001,0x0001,0x0001,0x0001
	.hword 0x0068,0x0069,0x0001,0x0001,0x0001,0x0001,0x0001,0x0001
	.hword 0x0001,0x0001,0x0068,0x0069,0x0001,0x0001,0x0001,0x0001
	.hword 0x0068,0x0069,0x0001,0x0001,0x0001,0x0001,0x0001,0x0001
	.hword 0x004E,0x004F,0x004E,0x004F,0x044F,0x044E,0x004E,0x004F
	.hword 0x044F,0x044E,0x004E,0x004F,0x044F,0x044E,0x004E,0x004F
	.hword 0x044F,0x044E,0x004E,0x004F,0x005C,0x005D,0x0001,0x0001
	.hword 0x005E,0x005F,0x0060,0x0061,0x0001,0x0001,0x0001,0x0001

	.hword 0x0001,0x0001,0x0001,0x0001,0x0001,0x0001,0x0001,0x0001
	.hword 0x0001,0x0001,0x0001,0x0001,0x0068,0x0069,0x0001,0x0001
	.hword 0x0001,0x0001,0x006A,0x006B,0x006C,0x006D,0x0001,0x0001
	.hword 0x0001,0x0001,0x006A,0x006B,0x006C,0x006D,0x0001,0x0001
	.hword 0x0001,0x0001,0x0001,0x0001,0x0001,0x0001,0x0001,0x0001
	.hword 0x0068,0x0069,0x0001,0x0001,0x0001,0x0001,0x0001,0x0001
	.hword 0x0001,0x0001,0x0068,0x0069,0x0001,0x0001,0x0001,0x0001
	.hword 0x0068,0x0069,0x0001,0x0001,0x0001,0x0001,0x0455,0x0454

	.hword 0x0052,0x0053,0x0001,0x0001,0x0001,0x0001,0x0062,0x0063
	.hword 0x0001,0x0001,0x0001,0x0001,0x0062,0x0063,0x0001,0x0001
	.hword 0x0001,0x0001,0x0001,0x0001,0x0001,0x0001,0x0001,0x0001
	.hword 0x0064,0x0065,0x0066,0x0067,0x0001,0x0001,0x0001,0x0001
	.hword 0x0001,0x0001,0x0001,0x0001,0x0001,0x0001,0x0001,0x0001
	.hword 0x0001,0x0001,0x0001,0x0001,0x0001,0x0001,0x0001,0x0001
	.hword 0x0001,0x0001,0x0001,0x0001,0x0001,0x0001,0x0001,0x0001
	.hword 0x0001,0x0001,0x0001,0x0001,0x0001,0x0001,0x0001,0x0001

	.hword 0x0001,0x0001,0x0062,0x0063,0x0001,0x0001,0x0001,0x0001
	.hword 0x0001,0x0001,0x0001,0x0001,0x0001,0x0001,0x0001,0x0001
	.hword 0x0001,0x0001,0x0001,0x0001,0x0001,0x0001,0x0001,0x0001
	.hword 0x0001,0x0001,0x0001,0x0001,0x0001,0x0001,0x0001,0x0001
	.hword 0x0062,0x0063,0x0001,0x0001,0x0001,0x0001,0x0062,0x0063
	.hword 0x0001,0x0001,0x0001,0x0001,0x0062,0x0063,0x0001,0x0001
	.hword 0x0001,0x0001,0x0001,0x0001,0x0001,0x0001,0x0001,0x0001
	.hword 0x0064,0x0065,0x0066,0x0067,0x0001,0x0001,0x0001,0x0001

	.hword 0x0001,0x0001,0x0001,0x0001,0x0001,0x0001,0x0001,0x0001
	.hword 0x0001,0x0001,0x0001,0x0001,0x0001,0x0001,0x0001,0x0001
	.hword 0x0001,0x0001,0x0001,0x0001,0x0001,0x0001,0x0001,0x0001
	.hword 0x0001,0x0001,0x0001,0x0001,0x0001,0x0001,0x0001,0x0001
	.hword 0x0001,0x0001,0x0062,0x0063,0x0001,0x0001,0x0001,0x0001
	.hword 0x0001,0x0001,0x0001,0x0001,0x0001,0x0001,0x0001,0x0001
	.hword 0x0001,0x0001,0x0001,0x0001,0x0001,0x0001,0x0001,0x0001
	.hword 0x0001,0x0001,0x0001,0x0001,0x0001,0x0001,0x0453,0x0452

	.hword 0x0054,0x0055,0x0001,0x0001,0x0001,0x0001,0x0068,0x0069
	.hword 0x0001,0x0001,0x0001,0x0001,0x0068,0x0069,0x0001,0x0001
	.hword 0x0001,0x0001,0x0001,0x0001,0x0001,0x0001,0x0001,0x0001
	.hword 0x006A,0x006B,0x006C,0x006D,0x0001,0x0001,0x0001,0x0001
	.hword 0x0001,0x0001,0x0001,0x0001,0x0001,0x0001,0x0001,0x0001
	.hword 0x0001,0x0001,0x0001,0x0001,0x0001,0x0001,0x0001,0x0001
	.hword 0x0001,0x0001,0x0001,0x0001,0x0001,0x0001,0x0001,0x0001
	.hword 0x0001,0x0001,0x0001,0x0001,0x0001,0x0001,0x0001,0x0001

	.hword 0x0001,0x0001,0x0068,0x0069,0x0001,0x0001,0x0001,0x0001
	.hword 0x0001,0x0001,0x0001,0x0001,0x0001,0x0001,0x0001,0x0001
	.hword 0x0001,0x0001,0x0001,0x0001,0x0001,0x0001,0x0001,0x0001
	.hword 0x0001,0x0001,0x0001,0x0001,0x0001,0x0001,0x0001,0x0001
	.hword 0x0068,0x0069,0x0001,0x0001,0x0001,0x0001,0x0068,0x0069
	.hword 0x0001,0x0001,0x0001,0x0001,0x0068,0x0069,0x0001,0x0001
	.hword 0x0001,0x0001,0x0001,0x0001,0x0001,0x0001,0x0001,0x0001
	.hword 0x006A,0x006B,0x006C,0x006D,0x0001,0x0001,0x0001,0x0001

	.hword 0x0001,0x0001,0x0001,0x0001,0x0001,0x0001,0x0001,0x0001
	.hword 0x0001,0x0001,0x0001,0x0001,0x0001,0x0001,0x0001,0x0001
	.hword 0x0001,0x0001,0x0001,0x0001,0x0001,0x0001,0x0001,0x0001
	.hword 0x0001,0x0001,0x0001,0x0001,0x0001,0x0001,0x0001,0x0001
	.hword 0x0001,0x0001,0x0068,0x0069,0x0001,0x0001,0x0001,0x0001
	.hword 0x0001,0x0001,0x0001,0x0001,0x0001,0x0001,0x0001,0x0001
	.hword 0x0001,0x0001,0x0001,0x0001,0x0001,0x0001,0x0001,0x0001
	.hword 0x0001,0x0001,0x0001,0x0001,0x0001,0x0001,0x0455,0x0454

	.hword 0x0056,0x0057,0x0006,0x0007,0x0006,0x0007,0x0006,0x0007
	.hword 0x0006,0x0007,0x0006,0x0007,0x0006,0x0007,0x0006,0x0007
	.hword 0x0006,0x0007,0x0006,0x0007,0x0006,0x0007,0x0006,0x0007
	.hword 0x0006,0x0007,0x0006,0x0007,0x0006,0x0007,0x0006,0x0007
	.hword 0x0407,0x0406,0x0407,0x0406,0x0407,0x0406,0x0006,0x0007
	.hword 0x0006,0x0007,0x0006,0x0007,0x0006,0x0007,0x0006,0x0007
	.hword 0x0006,0x0007,0x0006,0x0007,0x0006,0x0007,0x0006,0x0007
	.hword 0x0407,0x0406,0x0407,0x0406,0x0407,0x0406,0x0006,0x0007

	.hword 0x0006,0x0007,0x0006,0x0007,0x0006,0x0007,0x0006,0x0007
	.hword 0x0407,0x0406,0x0407,0x0406,0x0407,0x0406,0x0006,0x0007
	.hword 0x0006,0x0007,0x0407,0x0406,0x0006,0x0007,0x0006,0x0007
	.hword 0x0407,0x0406,0x0407,0x0406,0x0006,0x0007,0x0006,0x0007
	.hword 0x0006,0x0007,0x0006,0x0007,0x0006,0x0007,0x0006,0x0007
	.hword 0x0006,0x0007,0x0006,0x0007,0x0006,0x0007,0x0006,0x0007
	.hword 0x0006,0x0007,0x0006,0x0007,0x0006,0x0007,0x0006,0x0007
	.hword 0x0006,0x0007,0x0006,0x0007,0x0006,0x0007,0x0006,0x0007

	.hword 0x0407,0x0406,0x0407,0x0406,0x0407,0x0406,0x0006,0x0007
	.hword 0x0006,0x0007,0x0006,0x0007,0x0006,0x0007,0x0006,0x0007
	.hword 0x0006,0x0007,0x0006,0x0007,0x0006,0x0007,0x0006,0x0007
	.hword 0x0407,0x0406,0x0407,0x0406,0x0407,0x0406,0x0006,0x0007
	.hword 0x0006,0x0007,0x0006,0x0007,0x0006,0x0007,0x0006,0x0007
	.hword 0x0407,0x0406,0x0407,0x0406,0x0407,0x0406,0x0006,0x0007
	.hword 0x0006,0x0007,0x0407,0x0406,0x0006,0x0007,0x0006,0x0007
	.hword 0x0407,0x0406,0x0407,0x0406,0x0407,0x0406,0x0457,0x0456

	.hword 0x005C,0x005D,0x006E,0x006F,0x006E,0x006F,0x006E,0x006F
	.hword 0x006E,0x006F,0x006E,0x006F,0x006E,0x006F,0x006E,0x006F
	.hword 0x006E,0x006F,0x006E,0x006F,0x006E,0x006F,0x006E,0x006F
	.hword 0x006E,0x006F,0x006E,0x006F,0x006E,0x006F,0x006E,0x006F
	.hword 0x046F,0x046E,0x046F,0x046E,0x046F,0x046E,0x006E,0x006F
	.hword 0x006E,0x006F,0x006E,0x006F,0x006E,0x006F,0x006E,0x006F
	.hword 0x006E,0x006F,0x006E,0x006F,0x006E,0x006F,0x006E,0x006F
	.hword 0x046F,0x046E,0x046F,0x046E,0x046F,0x046E,0x006E,0x006F

	.hword 0x006E,0x006F,0x006E,0x006F,0x006E,0x006F,0x006E,0x006F
	.hword 0x046F,0x046E,0x046F,0x046E,0x046F,0x046E,0x006E,0x006F
	.hword 0x006E,0x006F,0x046F,0x046E,0x006E,0x006F,0x006E,0x006F
	.hword 0x046F,0x046E,0x046F,0x046E,0x006E,0x006F,0x006E,0x006F
	.hword 0x006E,0x006F,0x006E,0x006F,0x006E,0x006F,0x006E,0x006F
	.hword 0x006E,0x006F,0x006E,0x006F,0x006E,0x006F,0x006E,0x006F
	.hword 0x006E,0x006F,0x006E,0x006F,0x006E,0x006F,0x006E,0x006F
	.hword 0x006E,0x006F,0x006E,0x006F,0x006E,0x006F,0x006E,0x006F

	.hword 0x046F,0x046E,0x046F,0x046E,0x046F,0x046E,0x006E,0x006F
	.hword 0x006E,0x006F,0x006E,0x006F,0x006E,0x006F,0x006E,0x006F
	.hword 0x006E,0x006F,0x006E,0x006F,0x006E,0x006F,0x006E,0x006F
	.hword 0x046F,0x046E,0x046F,0x046E,0x046F,0x046E,0x006E,0x006F
	.hword 0x006E,0x006F,0x006E,0x006F,0x006E,0x006F,0x006E,0x006F
	.hword 0x046F,0x046E,0x046F,0x046E,0x046F,0x046E,0x006E,0x006F
	.hword 0x006E,0x006F,0x046F,0x046E,0x006E,0x006F,0x006E,0x006F
	.hword 0x046F,0x046E,0x046F,0x046E,0x046F,0x046E,0x045D,0x045C

	.section .rodata
	.align	2
	.global s1_bn_gfxPal		@ 32 unsigned chars
	.hidden s1_bn_gfxPal
s1_bn_gfxPal:
	.hword 0x7C1F,0x2532,0x29B6,0x327B,0x2CC7,0x28ED,0x20A6,0x2924
	.hword 0x21C7,0x3CEA,0x1ECC,0x2F76,0x2F76,0x2DE8,0x0000,0x0000

@}}BLOCK(s1_bn_gfx)
