
@{{BLOCK(s2_bn_gfx)

@=======================================================================
@
@	s2_bn_gfx, 1536x512@4, 
@	+ palette 16 entries, not compressed
@	+ 246 tiles (t|f|p reduced) not compressed
@	+ regular map (flat), not compressed, 192x64 
@	Total size: 32 + 7872 + 24576 = 32480
@
@	Time-stamp: 2026-09-25, 20:43:14
@	Exported by Cearn's GBA Image Transmogrifier, v0.9.2
@	( http://www.coranac.com/projects/#grit )
@
@=======================================================================

	.section .rodata
	.align	2
	.global s2_bn_gfxTiles		@ 7872 unsigned chars
	.hidden s2_bn_gfxTiles
s2_bn_gfxTiles:
	.word 0x00000000,0x00000000,0x00000000,0x00000000,0x00000000,0x00000000,0x00000000,0x00000000
	.word 0x22222200,0xDDDDDD20,0x2222DDD2,0xAAAA2DD2,0xAAAAA2D2,0xAAAAA2D2,0xAAAAA2D2,0xAAAAA2D2
	.word 0x22222222,0xDDDDDDDD,0x22222222,0xAAAAAAAA,0xAAAAAAAA,0xAAAAAAAA,0xAAAAAAAA,0xAAAAAAAA
	.word 0xAAAAA2D2,0xAAAAA2D2,0xAAAAA2D2,0xAAAAA2D2,0xAAAAA2D2,0xAAAAA2D2,0xAAAAA2D2,0xAAAAA2D2
	.word 0xAAAAAAAA,0xAAAAAAAA,0xAAAAAAAA,0xAAAAAAAA,0xAAAAAAAA,0xAAAAAAAA,0xAAAAAAAA,0xAAAAAAAA
	.word 0xAAAAA2D4,0xAAAAA2D4,0xAAAAA2D4,0xAAAA2DD4,0x2222DDD4,0xDDDDDD64,0x66666640,0x44444400
	.word 0xAAAAAAAA,0xAAAAAAAA,0xAAAAAAAA,0xAAAAAAAA,0x22222222,0xDDDDDDDD,0x66666666,0x44444444
	.word 0x11111111,0xBBBBBBB1,0xBBBBBBB1,0x8BBBBBB1,0x18888BB1,0x211188B1,0x622218B1,0x666618B1

	.word 0x11111111,0x1BBBBBBB,0x1BBBB888,0x1BBB8111,0x1BB81222,0x1B8826AA,0x1B8166AA,0x1B816666
	.word 0x666618B1,0x666618B1,0x611188B1,0x18888BB1,0x8BBBBBB1,0xBBBBBBB1,0xBBBBBBB1,0x11111111
	.word 0x1B816666,0x1B816666,0x1B8866A6,0x1BB81666,0x1BBB8111,0x1BBBB888,0x1BBBBBBB,0x11111111
	.word 0x00000000,0x00000000,0x00000000,0x00000000,0x00000000,0x00000000,0x00000000,0x44000000
	.word 0x00000000,0x00000000,0x00000000,0x00000000,0x00000000,0x00000000,0x00000000,0x00000444
	.word 0x00000000,0x44000000,0x85440000,0x88854000,0x8BB84000,0x8BB84400,0x88738540,0x8833B884
	.word 0x00000000,0x00000044,0x00004458,0x0004588B,0x00458873,0x0048BB33,0x0048BB88,0x04578588
	.word 0x00000000,0x00000000,0x00000000,0x00000000,0x00000000,0x44000000,0x91400000,0xCC400000

	.word 0x00000000,0x00000000,0x00000000,0x00000000,0x00044444,0x00419991,0x0049CCCC,0x049CCCCC
	.word 0x00000000,0x44000000,0x85440000,0x88854000,0x8BB84000,0x8BB84400,0x88888540,0x8858B884
	.word 0x00000000,0x00000044,0x00004458,0x0004588B,0x00458888,0x0048BB88,0x0048BB88,0x04588588
	.word 0x00000000,0x00000000,0x00000000,0x00000000,0x00000000,0x00000000,0x00000000,0x11001110
	.word 0xAA400000,0x66400000,0x66400000,0x66400000,0x66240000,0x62224000,0x22224000,0x22222400
	.word 0x00004AAA,0x00004666,0x00004666,0x00004666,0x00004666,0x00042266,0x00422222,0x04222222
	.word 0x85588854,0x55588554,0x55555514,0x55355140,0x55551140,0x11114400,0x22440000,0x24000000
	.word 0x488B8558,0x45888555,0x45557355,0x04553355,0x04115551,0x00441112,0x00004422,0x00004666

	.word 0x00000000,0x40000000,0x44400000,0x99140000,0x99944000,0x99CCC400,0x999FC400,0x99999400
	.word 0x00044444,0x00419991,0x04CCCCC9,0x049FCCCC,0x0499CFF9,0x049999F9,0x049999C9,0x049999C9
	.word 0xCC140000,0xC9940000,0x99914400,0x9CCCC140,0xCCCCCC40,0xCFFCFC14,0xCFCCCC94,0xCCCCCC94
	.word 0x04CCCCCC,0x419FCCCC,0x4999FFCF,0x49999999,0x49999999,0x49999999,0x49999999,0x49999999
	.word 0x85588854,0x55588554,0x55555514,0x55555140,0x55551140,0x11114400,0x22440000,0x24000000
	.word 0x488B8558,0x45888555,0x45555555,0x04555555,0x04115551,0x00441112,0x00004422,0x00004666
	.word 0x00000000,0x11100000,0x58510000,0x88851000,0xBB881100,0xBBB88810,0xBBBB8851,0xBBBB8851
	.word 0x00000000,0x10000000,0x11100101,0x88511518,0x88881888,0x88BB888B,0x88BB88BB,0xB88888BB

	.word 0x55115851,0x58BBB885,0x88BBBBB8,0x8BBBBBBB,0x8BBBBBBB,0x88BBBBBB,0x88BBBBB8,0xB888888B
	.word 0x00000001,0x00000001,0x00000011,0x00000158,0x00000188,0x0000018B,0x00011588,0x0015888B
	.word 0x11111111,0xBBBBBBB1,0x888BBBB1,0x1188BBB1,0x2218BBB1,0x6618BBB1,0x6618BBB1,0x66218BB1
	.word 0x11111111,0xBBBBBBBB,0x88BBBBBB,0x118BBBB8,0x22188881,0x66211112,0x66622226,0x66666666
	.word 0x11111111,0xBBBBBBBB,0x888BBBB8,0x11188881,0x22211112,0x66622226,0x66666666,0x666666A6
	.word 0xBBBB8814,0xBBBB8514,0xBBB88140,0x88888514,0x88511140,0x88144400,0xBB511400,0xBBB85140
	.word 0xBBBB88BB,0xBBBBB8BB,0xBBBBB88B,0xBBBB8888,0xBBB88B88,0xBB888888,0x88558888,0x85555888
	.word 0xBB888BBB,0xBB88BBBB,0xBB8BBBBB,0xBB8BBBBB,0xB888BBBB,0x8888888B,0x88BBBB88,0x8BBBBB88

	.word 0x0018BBBB,0x011BBBBB,0x158BBBBB,0x188BBBBB,0x0158BBBB,0x00155888,0x01555588,0x01555555
	.word 0x6AA218B1,0x6AA618B1,0x666618B1,0x66618BB1,0x66618BB1,0x66618BB1,0x66618BB1,0x666218B1
	.word 0x666A6666,0x66666666,0x66666666,0x66666666,0x66666A66,0x66666666,0x66666666,0x66666666
	.word 0x6AA66666,0x6AA66666,0x66666666,0x6666A666,0x66666666,0x66666666,0x66666666,0x66666666
	.word 0x8BB88514,0x88885514,0x55555554,0x55555554,0x55555514,0x55555540,0x55555554,0x55555514
	.word 0x55555558,0x55555555,0x55555555,0x55555555,0x51455555,0x44245555,0x22224555,0x66224155
	.word 0x8BBBB888,0x58888855,0x55555555,0x55555555,0x55555555,0x55555554,0x55555142,0x55544442
	.word 0x15555555,0x15555555,0x15555555,0x41555555,0x04555555,0x04155555,0x00445555,0x00041555

	.word 0x00000000,0x00000000,0x00000000,0x00000000,0x00000000,0x00000000,0x00000000,0x44444000
	.word 0x00000000,0x00000000,0x00000000,0x00000000,0x00000000,0x44440000,0x77734000,0xF77FF400
	.word 0x00000000,0x00000000,0x00000000,0x00000000,0x00000000,0x00004444,0x00043777,0x004F7777
	.word 0x00000000,0x00000000,0x00000000,0x44400000,0xAAA40000,0x666A4000,0x66666400,0x66662400
	.word 0x00000000,0x00000000,0x00000000,0x44444444,0xA6666A6A,0x66666666,0x66666666,0x66666666
	.word 0x04400000,0x46400000,0x04240000,0x04240000,0x44444444,0x22666666,0x22266666,0x22226666
	.word 0x00000000,0x00000000,0x00000000,0x00000000,0x00004444,0x00046622,0x0046AA62,0x046AAAA6
	.word 0x15514440,0x44440000,0x00000000,0x00000000,0x00000000,0x00000000,0x00000000,0x00000000

	.word 0x66640444,0xAA640000,0xAA640000,0x66240000,0x66400000,0x62400000,0x64000000,0x24000000
	.word 0x51400426,0x44000466,0x00004666,0x00046666,0x0042666A,0x00466666,0x04666666,0x42666666
	.word 0x00004415,0x00000044,0x00000000,0x00000000,0x00000000,0x00000000,0x00000000,0x00000000
	.word 0x77773400,0x7F77FF40,0x7777FF34,0x77777734,0x44444440,0xA4000000,0xA4000000,0xF4000000
	.word 0x00437777,0x04F77777,0x4FF77777,0x4377F777,0x04444444,0x0000004A,0x0000004A,0x0000004F
	.word 0x777FF340,0x77777340,0x7F773440,0x44444000,0xA4000000,0xA4000000,0xF4000000,0xF4000000
	.word 0x04FF7777,0x04377F77,0x04437777,0x00044444,0x0000004A,0x0000004A,0x0000004F,0x0000004F
	.word 0x66222240,0x22222240,0x22222240,0x22222240,0x22222240,0x22222240,0x22224400,0x44440000

	.word 0x66666666,0x66666666,0x22222222,0x22222222,0x22222222,0x22222222,0x22222222,0x44444444
	.word 0x22222666,0x62222226,0x62222222,0x62222222,0x22222222,0x22222222,0x22222222,0x22222222
	.word 0x046AAAA6,0x46AAAAAA,0x46AAAAAA,0x42AAAAAA,0x046AAAA6,0x042AAAA6,0x0046AA62,0x00046622
	.word 0x40000000,0x40000000,0x00000000,0x00000000,0x00000000,0x40000000,0x24000000,0x22400000
	.word 0x46666666,0x26222662,0x62222264,0x62222264,0x64222464,0x66444662,0x26666622,0x22222222
	.word 0x00000000,0x00000444,0x00004224,0x00004444,0x00000004,0x00000004,0x00000042,0x00000042
	.word 0x00000000,0x00000000,0x00000000,0x00000000,0x00000000,0x00000000,0x44400000,0x99140000
	.word 0x00000000,0x00000000,0x00000000,0x00000000,0x00000000,0x00000000,0x00000044,0x00004419

	.word 0xCC940000,0xCCC94000,0xCCCC4000,0x1CF91400,0xC1999400,0x99999400,0x99999400,0x99999400
	.word 0x000419CC,0x0004CCCC,0x00041111,0x00419999,0x04CCCCC9,0x049FCCCC,0x0499CFF9,0x049999F9
	.word 0x666618B1,0x666618B1,0x66618BB1,0x6618BBB1,0x6618BBB1,0x6618BBB1,0x6618BBB1,0x66218BB1
	.word 0x66666666,0x66666666,0x66666666,0x6666666A,0x66666666,0x666A6666,0x66666666,0x66666666
	.word 0x66666666,0x66666666,0x66666666,0xA6666666,0xA66AA666,0xA66AA666,0x66666666,0x666666A6
	.word 0x66666666,0x66666666,0x66666666,0x666666AA,0x6666A6AA,0x666666AA,0x66666666,0x66666666
	.word 0x66666666,0x66666666,0x66666666,0x66666666,0x66666666,0x66666666,0x66666666,0x66666666
	.word 0xBB816666,0xB8166666,0x81666666,0x16666666,0x66666666,0x66666666,0x66666666,0x6A666666

	.word 0x666218B1,0x666618B1,0x666618B1,0x66618BB1,0x66618BB1,0x66618BB1,0xA6618BB1,0x666218B1
	.word 0x66666666,0x666666AA,0x666666AA,0x66666666,0x6666A666,0x66666666,0x66666666,0x66666666
	.word 0x11111111,0xBBBBBBBB,0x888BBBB8,0x11188881,0x22211112,0xAA622226,0xAA666666,0x66666666
	.word 0x666618B1,0x66618BB1,0x66618BB1,0x66618BB1,0x66618BB1,0x666218B1,0x6AA618B1,0x6AA618B1
	.word 0x6AA66666,0x6AA66666,0x66666666,0x66611116,0x11188881,0x888BBBB8,0xBBBBBBBB,0x11111111
	.word 0x666A6666,0x66666666,0x66611116,0x66188881,0x118BBBB8,0x88BBBBBB,0xBBBBBBBB,0x11111111
	.word 0x66666666,0x66666666,0x6A666666,0x66611116,0x11188881,0x888BBBB8,0xBBBBBBBB,0x11111111
	.word 0x66618BB1,0x6618BBB1,0x6618BBB1,0x6618BBB1,0x1188BBB1,0x888BBBB1,0xBBBBBBB1,0x11111111

	.word 0x66666666,0x66666666,0x66611116,0x66188881,0x118BBBB8,0x88BBBBBB,0xBBBBBBBB,0x11111111
	.word 0x666666A6,0x66666666,0x66666666,0x66611116,0x11188881,0x888BBBB8,0xBBBBBBBB,0x11111111
	.word 0x11911000,0x19991000,0x19991000,0x11110000,0x99911000,0x99991000,0x99991000,0x11110000
	.word 0x11999991,0x19999999,0x19999999,0x11111111,0x99911199,0x99991999,0x99991999,0x11111111
	.word 0x00001191,0x00001999,0x00001999,0x00000111,0x00001199,0x00001999,0x00001999,0x11111111
	.word 0x00000000,0x00000000,0x00000000,0x00000000,0x00000000,0x00000000,0x00000000,0x00000111
	.word 0x00000000,0x00000000,0x00000000,0x00000000,0x00000000,0x00000000,0x00000000,0x11101110
	.word 0x11911000,0x49994000,0x49994000,0x44440000,0x99911000,0x99994000,0x99994000,0x44444000

	.word 0x11999991,0x49999999,0x49999999,0x44444444,0x99914199,0x99994999,0x99994999,0x44444444
	.word 0x00001191,0x00004999,0x00004999,0x00000444,0x00001199,0x00001999,0x00004999,0x00004444
	.word 0x99111911,0x99949994,0x99949994,0x44444440,0x19999911,0x99999994,0x99999994,0x44444444
	.word 0x00001199,0x00004999,0x00004999,0x44444444,0x41999914,0x49999994,0x49999994,0x44444444
	.word 0x22222200,0xDDDDDD20,0x2222DDD2,0xEEEA2DD2,0xEEEEA2D2,0xEEEEE2D2,0xEEEEE2D2,0xEEEEA2D2
	.word 0x22222222,0xDDDDDDDD,0x22222222,0xEEEEEEEE,0xEEEEEEEE,0xEEEEEEEE,0xEEEEEEEE,0xEEEEEEEE
	.word 0x00000000,0x11000000,0xB8100000,0xB8100000,0x85100000,0x81000000,0x51000000,0x10001110
	.word 0x00000000,0x00000001,0x0000001B,0x000001BB,0x000001BB,0x011118BB,0x01851888,0x01551BB8

	.word 0xEEAAA2D4,0xAAAAA2D4,0xAAAAA2D4,0xAAAA2DD4,0x2222DDD4,0xDDDDDD64,0x66666640,0x44444400
	.word 0xEEEEEEEE,0xEEEEEEEA,0xAAAAAAAA,0xAAAAAAAA,0x22222222,0xDDDDDDDD,0x66666666,0x44444444
	.word 0xEEEEEEEE,0xEEEEEEEE,0xAAAAAAAA,0xAAAAAAAA,0x22222222,0xDDDDDDDD,0x66666666,0x44444444
	.word 0x10018810,0x84155810,0x88455100,0x88B41000,0x88840000,0x88840000,0x88840000,0x88540000
	.word 0x00111BB8,0x00004888,0x00004588,0x00000458,0x00000045,0x00000004,0x00000004,0x00000004
	.word 0x00000000,0x00000000,0x44400000,0x77740000,0x77774000,0x77773400,0x77777400,0x77777740
	.word 0x00000000,0x04444400,0x43777344,0x77777777,0x77777777,0x77777777,0x77777777,0x77777777
	.word 0x00000000,0x00000000,0x00000000,0x00000004,0x00000043,0x00000047,0x00000047,0x00000043

	.word 0x00000000,0x00000000,0x00000000,0x40000000,0x34000000,0x74400000,0x77340000,0x77774000
	.word 0x00000000,0x00044440,0x00437734,0x04777777,0x47777777,0x77777777,0x77777777,0x77777777
	.word 0x00000000,0x00000000,0x00000000,0x00000000,0x00000004,0x00000043,0x00000477,0x00004377
	.word 0x88400000,0x88410000,0x88451100,0x88458100,0x85411100,0x84000000,0x54000000,0x40000000
	.word 0x00000048,0x00000048,0x00000048,0x000004B8,0x01110488,0x01854B88,0x01554888,0x00114888
	.word 0x00000000,0x00000000,0x00000000,0x00000000,0x40000000,0x74000000,0x77400000,0x77740000
	.word 0x77777734,0x77777774,0x77777774,0x77777774,0x77777777,0x77777777,0x77777777,0x77777777
	.word 0x37777777,0x47777777,0x47777777,0x77777777,0x77777777,0x77777777,0x77777777,0x77777777

	.word 0x00000004,0x00000000,0x00000000,0x00000004,0x00000047,0x00000047,0x00000047,0x00000043
	.word 0x77777400,0x77777740,0x77777340,0x77777400,0x77774000,0x77774000,0x77777400,0x77773400
	.word 0x77777777,0x77777777,0x77777777,0x77777777,0x77777777,0x77777777,0x77777777,0x77777777
	.word 0x00004777,0x00047777,0x00047777,0x00043777,0x00004777,0x00004777,0x00047777,0x00477777
	.word 0x40000000,0xB4000000,0x8B400000,0x88B40000,0x88841000,0x88845100,0x88841000,0x88840000
	.word 0x00004888,0x00004888,0x00004588,0x00000458,0x00000045,0x00000004,0x00000004,0x00000004
	.word 0x77774000,0x77774000,0x77774000,0x77734000,0x77340000,0x77334000,0x73334000,0x33334000
	.word 0x77777777,0x77777777,0x77777777,0x77777777,0x77777777,0x77333777,0x33333377,0x33333333

	.word 0x77777777,0x77777777,0x77777777,0x77777777,0x77773777,0x77733377,0x37333333,0x33333333
	.word 0x00000004,0x00000047,0x00000477,0x00004777,0x00004377,0x00004337,0x00004333,0x00000433
	.word 0x77774000,0x77774000,0x77777400,0x77777740,0x77777740,0x77777340,0x77773340,0x77333400
	.word 0x77777777,0x77777777,0x77777777,0x77777777,0x77777777,0x77777777,0x77777377,0x77773337
	.word 0x04777777,0x47777777,0x43777777,0x04777777,0x04777377,0x43777377,0x33373377,0x33333337
	.word 0x00000000,0x00000000,0x00000000,0x00000000,0x00000000,0x00000000,0x00000004,0x00000004
	.word 0x44400000,0x77340000,0x77734000,0x77774000,0x77774000,0x77774000,0x77740000,0x77740000
	.word 0x00000044,0x00000437,0x00004377,0x00004777,0x00043777,0x00047777,0x00004777,0x00043777

	.word 0x00000000,0x00000000,0x00000000,0x00000000,0x00000000,0x00000000,0x44400000,0x99144400
	.word 0x00000000,0x00000000,0x00000000,0x00000000,0x00000000,0x00000000,0x00000044,0x00000419
	.word 0x00000000,0x00000000,0x00000000,0x04000000,0x00000000,0x00000000,0x00000000,0x00000000
	.word 0x33334000,0x33340000,0x33340000,0x33340000,0x33400000,0x34000000,0x40000000,0x00000000
	.word 0x33333333,0x33333333,0x33333333,0x33333333,0x33333333,0x33333333,0x3C333333,0xCC444444
	.word 0x33333333,0x33333333,0x33333333,0x33333333,0x33333333,0x33333333,0x33333333,0x43333CCC
	.word 0x00000433,0x00000433,0x00000433,0x00000043,0x00000043,0x00000043,0x00000004,0x00000000
	.word 0x33334000,0x33334000,0x33334000,0x33334000,0x33340000,0x33400000,0x44000000,0x00000000

	.word 0x77733333,0x33333333,0x33333333,0x33333333,0x33333333,0x33333333,0xC3333444,0xCCCC1000
	.word 0x33333333,0x33333333,0x43333333,0x04333333,0x00433333,0x00043333,0x0000444C,0x00000011
	.word 0x77734000,0x77774000,0x77777400,0x37777400,0x33773400,0x33333400,0x33333400,0x33333400
	.word 0x00047777,0x00047777,0x00047777,0x00047777,0x00433773,0x00433333,0x00433333,0x00433333
	.word 0x00000000,0x00000000,0x00000000,0x00000000,0x00000000,0x00000000,0x00000000,0x44440000
	.word 0x00000000,0x40000000,0x40000000,0x40000000,0x40000000,0x40000000,0x40044440,0x40419914
	.word 0xCCC99144,0xCCCCCC91,0xCCCCCCC9,0xCCCCCCC9,0xCCCCCCCC,0xCCCCCCC9,0xCCCCFC99,0xFFF99999
	.word 0x000049CC,0x00041CCC,0x0004CCCC,0x0004CCCC,0x0004CCCC,0x0004CCCC,0x00049CFC,0x0004999C

	.word 0xFCCC1000,0xFFFF1000,0xFF991000,0xFFFF1000,0xFFFF1000,0xFFFF1000,0xFFFF1000,0xFFF94000
	.word 0x0000001F,0x0000001F,0x0000001F,0x0000001F,0x0000001F,0x0000001F,0x000001CF,0x000004FF
	.word 0x33334000,0xCC140000,0x1C100000,0xFF100000,0xCFF10000,0x1F910000,0x1FF10000,0x4FF40000
	.word 0x00043333,0x00004441,0x00000001,0x00000001,0x00000001,0x00000000,0x00000000,0x00000000
	.word 0x99914000,0xCCCC1400,0xCCCC9400,0xCCCCC940,0xFFCC9940,0x99999940,0x99999940,0x99999940
	.word 0x4049CCC9,0x4049CCCC,0x441CCCCC,0x119CCCCC,0x1999CFCF,0x19999999,0x19999999,0x19999999
	.word 0x99999999,0x99999999,0x99999991,0x99999911,0x99999111,0x99111111,0x11111111,0x11111111
	.word 0x00049999,0x00049999,0x00419999,0x00419999,0x00411999,0x04111119,0x04111111,0x04111111

	.word 0xFFFF4000,0xFFFF4000,0xFFFF4000,0x9FFC4000,0xFFF40000,0xFFC40000,0xCCC40000,0xCCCC4000
	.word 0x000004FF,0x000004FF,0x000004FF,0x000004F9,0x000004FF,0x00004CCF,0x000041CC,0x00004CCC
	.word 0x4FF40000,0x4FF40000,0xFFC40000,0x9F400000,0xFF400000,0xFC400000,0xC4000000,0xC4000000
	.word 0x00000000,0x00000000,0x00000004,0x00000004,0x00000004,0x0000004F,0x000004CC,0x00004CCC
	.word 0x99999940,0x99999940,0x99999940,0x99999140,0x99991140,0x11111140,0x11111140,0x11111140
	.word 0x11999999,0x11999999,0x11199999,0x11119999,0x11111199,0x11111111,0x11111111,0x11111111
	.word 0xC9111111,0xCCC11111,0xCC911111,0xF9911111,0x99911111,0x99911111,0x99911111,0x99911111
	.word 0x04119CCC,0x041CCCCC,0x0419CCCC,0x04199FFC,0x041999F9,0x041999C9,0x041999F9,0x041999C9

	.word 0x00041881,0x00041881,0x00041881,0x00418881,0x00418881,0x44188851,0x11888510,0x88885400
	.word 0x1B814000,0x1BB14000,0x1BBB1400,0x18BB1400,0x15888144,0x0158B811,0x00158888,0x00445888
	.word 0x1B814000,0x1BB14000,0x1BBB1000,0x18BB1000,0x15888144,0x0158B811,0x00158888,0x00445888
	.word 0x88854000,0x55540000,0x44400000,0x00000000,0x00000000,0x00000000,0x00000000,0x00000000
	.word 0x00454555,0x00455444,0x00485400,0x00488400,0x00488400,0x00485400,0x00454000,0x00040000
	.word 0x88854000,0x55540000,0x44400000,0x45840000,0x04540000,0x00400000,0x00000000,0x00000000
	.word 0x00454555,0x00455444,0x00485400,0x00040000,0x00000000,0x00000000,0x00000000,0x00000000
	.word 0x00000000,0x00000000,0x00000000,0x00000000,0x44400000,0x77340000,0xF7FF4000,0x77FF3400

	.word 0x00000000,0x00000000,0x00000000,0x00000000,0x00000444,0x00004377,0x0004F777,0x004FF777
	.word 0x77773400,0x77773400,0x7F734400,0x44440000,0xA4000000,0xA4000000,0xF4000000,0xF4000000
	.word 0x00437777,0x004377F7,0x00443777,0x00004444,0x0000004A,0x0000004A,0x0000004F,0x0000004F
	.word 0x00000000,0x00000000,0x00000000,0x00044000,0x00411400,0x00499400,0x00499400,0x004CC400
	.word 0x00000000,0x00000000,0x00000000,0x00044000,0x00411400,0x00499400,0x00499400,0x00499400
	.word 0x444CC400,0x11499400,0x444CC400,0x00499400,0x00499400,0x00499400,0x00499400,0x00499400
	.word 0x44499444,0x11499411,0x44499444,0x00499400,0x00499400,0x00499400,0x00499400,0x00499400
	.word 0x444CC444,0x11499411,0x444CC444,0x00499400,0x00499400,0x00499400,0x00499400,0x00499400

	.word 0x00499400,0x00499400,0x00499400,0x00499400,0x00499400,0x00499400,0x00499400,0x004CC400
	.word 0x00499400,0x00499400,0x00499400,0x00499400,0x00499400,0x00499400,0x00499400,0x00499400
	.word 0x00000000,0x10000000,0xB1000000,0xB8100000,0xBB510000,0xBB810000,0xBB810000,0xBB510000
	.word 0x11111111,0x58888885,0x8888BBBB,0xBB8BBBBB,0xBB8BBBBB,0xBB8BBBBB,0xB88BBBBB,0x8BB8BBBB
	.word 0x00000000,0x00110011,0x11551158,0x58BB8888,0x88BBBB8B,0xB8BBBB8B,0xBB8BBB58,0xBB8BB855
	.word 0x00000000,0x00000000,0x00001110,0x00015851,0x00188888,0x0188BBBB,0x158BBBBB,0x188BBBBB
	.word 0x00000000,0x00000000,0x00000000,0x00000000,0x00000000,0x00000000,0x00000000,0x00044000
	.word 0x00000000,0x00000000,0x00000000,0x00000000,0x00000000,0x44000000,0x46400000,0x46400000

	.word 0xB8100000,0x85100000,0x51000000,0x81000000,0xB8110000,0xB8551000,0xBB855100,0xBB855510
	.word 0x8BBB8BBB,0x58BB8888,0x55888555,0x85555588,0x855558BB,0xB85588BB,0xB8888BBB,0x8888BBBB
	.word 0xBB888555,0xB8885555,0x88555888,0x555588BB,0x88858BBB,0xBB888BBB,0xBBB88BBB,0xBBB88888
	.word 0x158BBBBB,0x018BBBBB,0x015888BB,0x01555588,0x00155888,0x00158BBB,0x00018BBB,0x00188BBB
	.word 0x00000000,0x00000000,0x00000000,0x00000000,0x00000000,0x00000000,0x00000000,0x11000000
	.word 0x00000000,0x00000000,0x11000000,0x85110000,0x88551000,0x88885100,0xB8BB8510,0xBBBB8811
	.word 0x00000000,0x00000000,0x00000111,0x00001588,0x00015888,0x10158888,0x5118888B,0x8818888B
	.word 0x00000000,0x00000000,0x00000000,0x00000000,0x00000000,0x00000011,0x00000155,0x00001588

	.word 0x00464000,0x00464000,0x00464000,0x04624000,0x04640000,0x04640000,0x04640000,0x04640000
	.word 0x42640000,0x04640000,0x04640000,0x04640000,0x04640000,0x04664000,0x04264000,0x00464000
	.word 0xBB855510,0x88555510,0x55555510,0x55555540,0x55551400,0x51444000,0x14000000,0x40000000
	.word 0xBB8BBBBB,0xBB8BBBB8,0x8888B885,0x58888555,0x55555555,0x55555555,0x55555555,0x55555554
	.word 0xBBB8B8B8,0xBB88B888,0x88888555,0x58885555,0x55555555,0x55555555,0x55555555,0x55555555
	.word 0x01588BBB,0x155888BB,0x15558888,0x45555555,0x45555555,0x41555555,0x04555555,0x00415555
	.word 0x85100000,0x88510000,0xBB851000,0xBBB85100,0xBBB88100,0xBBB88100,0x88888100,0x88885100
	.word 0xBBB88888,0x88888888,0x8888888B,0x8B888B8B,0x8885888B,0x5558888B,0x55588BB8,0x85558BB8

	.word 0x888BB888,0xB88BBB88,0xB888BB88,0x88888888,0x88885555,0x88555555,0x55588888,0x88888888
	.word 0x00015888,0x0001888B,0x0001888B,0x00158888,0x01588888,0x01888888,0x01888885,0x01888888
	.word 0x00000000,0x00000000,0x00004400,0x00046400,0x00046400,0x00462400,0x00464000,0x00464000
	.word 0x00000000,0x00000000,0x00000000,0x00000000,0x00000000,0x00000000,0x00044000,0x00046400
	.word 0x04640000,0x46640000,0x46640000,0x46240000,0x46400000,0x46400000,0x46400000,0x66400000
	.word 0x00000000,0x00000000,0x00000000,0x00000000,0x00000000,0x00000000,0x00000000,0x00000004
	.word 0x00000464,0x00000424,0x00004640,0x00004240,0x00046400,0x00046400,0x00462400,0x00464000
	.word 0x00464000,0x00464000,0x00466400,0x00466400,0x00466400,0x00426400,0x00046400,0x00046400

	.word 0x55555514,0x41555140,0x24444400,0x24000000,0x64000000,0x64000000,0x64000000,0x62400000
	.word 0x55555555,0x55555514,0x44444442,0x00004222,0x00004226,0x00004666,0x00004AA6,0x00004AA6
	.word 0x00044415,0x00000041,0x00000004,0x00000000,0x00000000,0x00000000,0x00000000,0x00000000
	.word 0x58851000,0x55510000,0x85510000,0x88551000,0x88851000,0x88851000,0x88851000,0x88851000
	.word 0x88885888,0x88888555,0x88888888,0x888BBBB8,0x888BBBBB,0x88BBBBBB,0x588BBBBB,0x5588BBB8
	.word 0xBB888888,0xBBBB8888,0xBBBBB888,0xBBBBB888,0xBBBBB888,0xBBBB8888,0xBBB88855,0x88888555
	.word 0x01588888,0x0018888B,0x001888BB,0x001888BB,0x001888BB,0x0015888B,0x00155888,0x01555588
	.word 0x00464000,0x04664000,0x04664000,0x44624000,0x44640000,0x46240000,0x42240000,0x22240000

	.word 0x00004640,0x00004240,0x00000464,0x00000426,0x00000046,0x00000042,0x00000004,0x00000004
	.word 0x66400000,0x66400000,0x66400000,0x62400000,0x64000000,0x24000000,0x24000000,0x24000000
	.word 0x00000004,0x00000004,0x00000004,0x00000004,0x00000004,0x00000042,0x00000042,0x00000042
	.word 0x04624000,0x04640000,0x46640000,0x46240000,0x62400000,0x22400000,0x24000000,0x24000000
	.word 0x00046640,0x00046640,0x00046640,0x00042640,0x00004644,0x00004224,0x00004224,0x00004224
	.word 0x66400000,0x66400000,0x66400000,0x66400000,0x66240000,0x62224000,0x22224000,0x22222400
	.word 0x00004666,0x00004666,0x0000466A,0x00004666,0x00004666,0x00042266,0x00422222,0x04222222
	.word 0x88510000,0x55510000,0x55540000,0x55400000,0x14000000,0x40000000,0x00000000,0x00000000

	.word 0x55558888,0x55555555,0x55555555,0x55555555,0x55555555,0x55555554,0x15555140,0x44444400
	.word 0x88855555,0x55555555,0x55555555,0x55555555,0x55555555,0x55555555,0x55555514,0x41555142
	.word 0x01555558,0x01555555,0x04555555,0x00455555,0x00041555,0x00004441,0x00000004,0x00000000
	.word 0xCF100000,0xFF100000,0xFF100000,0xFF100000,0xF9100000,0xFF100000,0xFF100000,0xFF400000
	.word 0x04444CCC,0x00001FFF,0x00001FFF,0x0000199F,0x00001FFF,0x00001FFF,0x00001FFF,0x00004CFF
	.word 0x40000000,0x54000000,0x88400000,0x88540000,0x88540000,0x88540000,0x55400000,0x54000000
	.word 0x44444444,0x44444455,0x44444588,0x44445888,0x44445888,0x42245588,0x64444555,0x64000455
	.word 0x04444422,0x00422224,0x00422264,0x00466664,0x0046AA66,0x0046AA66,0x0046AAA6,0x00426AA6

	.word 0x40000044,0x00000455,0x00004588,0x00045888,0x44445888,0x42245588,0x64444555,0x64000455
	.word 0xFFF40000,0xFFF40000,0x9FF40000,0xFFF40000,0xFFC40000,0xCCCC4000,0xCCCC4000,0xCCCC4000
	.word 0x000004FF,0x000004FF,0x000004F9,0x000004FF,0x000004CF,0x000004CC,0x000004CC,0x000004CC
	.word 0x40000000,0x00000000,0x00000000,0x00000000,0x00000000,0x40000000,0x24000000,0x24000000
	.word 0x66400044,0x66640000,0xA6664000,0x66666440,0x66666224,0x26662222,0x22222222,0x22222222
	.word 0x00046666,0x00004666,0x00000426,0x00000046,0x00000042,0x00000042,0x00000422,0x00004222

	.section .rodata
	.align	2
	.global s2_bn_gfxMap		@ 24576 unsigned chars
	.hidden s2_bn_gfxMap
s2_bn_gfxMap:
	.hword 0x0000,0x0000,0x0000,0x0000,0x0000,0x0000,0x0000,0x0000
	.hword 0x0000,0x0000,0x0000,0x0000,0x0000,0x0000,0x0000,0x0000
	.hword 0x0000,0x0000,0x0000,0x0000,0x0000,0x0000,0x0000,0x0000
	.hword 0x0000,0x0000,0x0000,0x0000,0x0000,0x0000,0x0000,0x0000
	.hword 0x0000,0x0000,0x0000,0x0000,0x0000,0x0000,0x0000,0x0000
	.hword 0x0000,0x0000,0x0000,0x0000,0x0000,0x0000,0x0000,0x0000
	.hword 0x0000,0x0000,0x0000,0x0000,0x0000,0x0000,0x0000,0x0000
	.hword 0x0000,0x0000,0x0000,0x0000,0x0000,0x0000,0x0000,0x0000

	.hword 0x0000,0x0000,0x0000,0x0000,0x0000,0x0000,0x0000,0x0000
	.hword 0x0000,0x0000,0x0000,0x0000,0x0000,0x0000,0x0000,0x0000
	.hword 0x0000,0x0000,0x0000,0x0000,0x0000,0x0000,0x0000,0x0000
	.hword 0x0000,0x0000,0x0000,0x0000,0x0000,0x0000,0x0000,0x0000
	.hword 0x0000,0x0000,0x0000,0x0000,0x0000,0x0000,0x0000,0x0000
	.hword 0x0000,0x0000,0x0000,0x0000,0x0000,0x0000,0x0000,0x0000
	.hword 0x0000,0x0000,0x0000,0x0000,0x0000,0x0000,0x0000,0x0000
	.hword 0x0000,0x0000,0x0000,0x0000,0x0000,0x0000,0x0000,0x0000

	.hword 0x0000,0x0000,0x0000,0x0000,0x0000,0x0000,0x0000,0x0000
	.hword 0x0000,0x0000,0x0000,0x0000,0x0000,0x0000,0x0000,0x0000
	.hword 0x0000,0x0000,0x0000,0x0000,0x0000,0x0000,0x0000,0x0000
	.hword 0x0000,0x0000,0x0000,0x0000,0x0000,0x0000,0x0000,0x0000
	.hword 0x0000,0x0000,0x0000,0x0000,0x0000,0x0000,0x0000,0x0000
	.hword 0x0000,0x0000,0x0000,0x0000,0x0000,0x0000,0x0000,0x0000
	.hword 0x0000,0x0000,0x0000,0x0000,0x0000,0x0000,0x0000,0x0000
	.hword 0x0000,0x0000,0x0000,0x0000,0x0000,0x0000,0x0000,0x0000

	.hword 0x0000,0x0000,0x0000,0x0000,0x0000,0x0000,0x0000,0x0000
	.hword 0x0000,0x0000,0x0000,0x0000,0x0000,0x0000,0x0000,0x0000
	.hword 0x0000,0x0000,0x0000,0x0000,0x0000,0x0000,0x0000,0x0000
	.hword 0x0000,0x0000,0x0000,0x0000,0x0000,0x0000,0x0000,0x0000
	.hword 0x0000,0x0000,0x0000,0x0000,0x0000,0x0000,0x0000,0x0000
	.hword 0x0000,0x0000,0x0000,0x0000,0x0000,0x0000,0x0000,0x0000
	.hword 0x0000,0x0000,0x0000,0x0000,0x0000,0x0000,0x0000,0x0000
	.hword 0x0000,0x0000,0x0000,0x0000,0x0000,0x0000,0x0000,0x0000

	.hword 0x0000,0x0000,0x0000,0x0000,0x0000,0x0000,0x0000,0x0000
	.hword 0x0000,0x0000,0x0000,0x0000,0x0000,0x0000,0x0000,0x0000
	.hword 0x0000,0x0000,0x0000,0x0000,0x0000,0x0000,0x0000,0x0000
	.hword 0x0000,0x0000,0x0000,0x0000,0x0000,0x0000,0x0000,0x0000
	.hword 0x0000,0x0000,0x0000,0x0000,0x0000,0x0000,0x0000,0x0000
	.hword 0x0000,0x0000,0x0000,0x0000,0x0000,0x0000,0x0000,0x0000
	.hword 0x0000,0x0000,0x0000,0x0000,0x0000,0x0000,0x0000,0x0000
	.hword 0x0000,0x0000,0x0000,0x0000,0x0000,0x0000,0x0000,0x0000

	.hword 0x0000,0x0000,0x0000,0x0000,0x0000,0x0000,0x0000,0x0000
	.hword 0x0000,0x0000,0x0000,0x0000,0x0000,0x0000,0x0000,0x0000
	.hword 0x0000,0x0000,0x0000,0x0000,0x0000,0x0000,0x0000,0x0000
	.hword 0x0000,0x0000,0x0000,0x0000,0x0000,0x0000,0x0000,0x0000
	.hword 0x0000,0x0000,0x0000,0x0000,0x0000,0x0000,0x0000,0x0000
	.hword 0x0000,0x0000,0x0000,0x0000,0x0000,0x0000,0x0000,0x0000
	.hword 0x0000,0x0000,0x0000,0x0000,0x0000,0x0000,0x0000,0x0000
	.hword 0x0000,0x0000,0x0000,0x0000,0x0000,0x0000,0x0000,0x0000

	.hword 0x0000,0x0000,0x0000,0x0000,0x0000,0x0000,0x0000,0x0000
	.hword 0x0000,0x0000,0x0000,0x0000,0x0000,0x0000,0x0000,0x0000
	.hword 0x0000,0x0000,0x0000,0x0000,0x0000,0x0000,0x0000,0x0000
	.hword 0x0000,0x0000,0x0000,0x0000,0x0000,0x0000,0x0000,0x0000
	.hword 0x0000,0x0000,0x0000,0x0000,0x0000,0x0000,0x0000,0x0000
	.hword 0x0000,0x0000,0x0000,0x0000,0x0000,0x0000,0x0000,0x0000
	.hword 0x0000,0x0000,0x0000,0x0000,0x0000,0x0000,0x0000,0x0000
	.hword 0x0000,0x0000,0x0000,0x0000,0x0000,0x0000,0x0000,0x0000

	.hword 0x0000,0x0000,0x0000,0x0000,0x0000,0x0000,0x0000,0x0000
	.hword 0x0000,0x0000,0x0000,0x0000,0x0000,0x0000,0x0000,0x0000
	.hword 0x0000,0x0000,0x0000,0x0000,0x0000,0x0000,0x0000,0x0000
	.hword 0x0000,0x0000,0x0000,0x0000,0x0000,0x0000,0x0000,0x0000
	.hword 0x0000,0x0000,0x0000,0x0000,0x0000,0x0000,0x0000,0x0000
	.hword 0x0000,0x0000,0x0000,0x0000,0x0000,0x0000,0x0000,0x0000
	.hword 0x0000,0x0000,0x0000,0x0000,0x0000,0x0000,0x0000,0x0000
	.hword 0x0000,0x0000,0x0000,0x0000,0x0000,0x0000,0x0000,0x0000

	.hword 0x0000,0x0000,0x0000,0x0000,0x0000,0x0000,0x0000,0x0000
	.hword 0x0000,0x0000,0x0000,0x0000,0x0000,0x0000,0x0000,0x0000
	.hword 0x0000,0x0000,0x0000,0x0000,0x0000,0x0000,0x0000,0x0000
	.hword 0x0000,0x0000,0x0000,0x0000,0x0000,0x0000,0x0000,0x0000
	.hword 0x0000,0x0000,0x0000,0x0000,0x0000,0x0000,0x0000,0x0000
	.hword 0x0000,0x0000,0x0000,0x0000,0x0000,0x0000,0x0000,0x0000
	.hword 0x0000,0x0000,0x0000,0x0000,0x0000,0x0000,0x0000,0x0000
	.hword 0x0000,0x0000,0x0000,0x0000,0x0000,0x0000,0x0000,0x0000

	.hword 0x0000,0x0000,0x0000,0x0000,0x0000,0x0000,0x0000,0x0000
	.hword 0x0000,0x0000,0x0000,0x0000,0x0000,0x0000,0x0000,0x0000
	.hword 0x0000,0x0000,0x0000,0x0000,0x0000,0x0000,0x0000,0x0000
	.hword 0x0000,0x0000,0x0000,0x0000,0x0000,0x0000,0x0000,0x0000
	.hword 0x0000,0x0000,0x0000,0x0000,0x0000,0x0000,0x0000,0x0000
	.hword 0x0000,0x0000,0x0000,0x0000,0x0000,0x0000,0x0000,0x0000
	.hword 0x0000,0x0000,0x0000,0x0000,0x0000,0x0000,0x0000,0x0000
	.hword 0x0000,0x0000,0x0000,0x0000,0x0000,0x0000,0x0000,0x0000

	.hword 0x0000,0x0000,0x0000,0x0000,0x0000,0x0000,0x0000,0x0000
	.hword 0x0000,0x0000,0x0000,0x0000,0x0000,0x0000,0x0000,0x0000
	.hword 0x0000,0x0000,0x0000,0x0000,0x0000,0x0000,0x0000,0x0000
	.hword 0x0000,0x0000,0x0000,0x0000,0x0000,0x0000,0x0000,0x0000
	.hword 0x0000,0x0000,0x0000,0x0000,0x0000,0x0000,0x0000,0x0000
	.hword 0x0000,0x0000,0x0000,0x0000,0x0000,0x0000,0x0000,0x0000
	.hword 0x0000,0x0000,0x0000,0x0000,0x0000,0x0000,0x0000,0x0000
	.hword 0x0000,0x0000,0x0000,0x0000,0x0000,0x0000,0x0000,0x0000

	.hword 0x0000,0x0000,0x0000,0x0000,0x0000,0x0000,0x0000,0x0000
	.hword 0x0000,0x0000,0x0000,0x0000,0x0000,0x0000,0x0000,0x0000
	.hword 0x0000,0x0000,0x0000,0x0000,0x0000,0x0000,0x0000,0x0000
	.hword 0x0000,0x0000,0x0000,0x0000,0x0000,0x0000,0x0000,0x0000
	.hword 0x0000,0x0000,0x0000,0x0000,0x0000,0x0000,0x0000,0x0000
	.hword 0x0000,0x0000,0x0000,0x0000,0x0000,0x0000,0x0000,0x0000
	.hword 0x0000,0x0000,0x0000,0x0000,0x0000,0x0000,0x0000,0x0000
	.hword 0x0000,0x0000,0x0000,0x0000,0x0000,0x0000,0x0000,0x0000

	.hword 0x0000,0x0000,0x0000,0x0000,0x0000,0x0000,0x0000,0x0000
	.hword 0x0000,0x0000,0x0000,0x0000,0x0000,0x0000,0x0000,0x0000
	.hword 0x0000,0x0000,0x0000,0x0000,0x0000,0x0000,0x0000,0x0000
	.hword 0x0000,0x0000,0x0000,0x0000,0x0000,0x0000,0x0000,0x0000
	.hword 0x0000,0x0000,0x0001,0x0002,0x0002,0x0002,0x0002,0x0401
	.hword 0x0000,0x0000,0x0000,0x0000,0x0000,0x0000,0x0000,0x0000
	.hword 0x0000,0x0000,0x0000,0x0000,0x0000,0x0000,0x0000,0x0000
	.hword 0x0000,0x0000,0x0000,0x0000,0x0000,0x0000,0x0000,0x0000

	.hword 0x0000,0x0000,0x0000,0x0000,0x0000,0x0000,0x0000,0x0000
	.hword 0x0000,0x0000,0x0000,0x0000,0x0000,0x0000,0x0000,0x0000
	.hword 0x0000,0x0000,0x0000,0x0000,0x0000,0x0000,0x0000,0x0000
	.hword 0x0000,0x0000,0x0000,0x0000,0x0000,0x0000,0x0000,0x0000
	.hword 0x0000,0x0000,0x0000,0x0000,0x0000,0x0000,0x0000,0x0000
	.hword 0x0000,0x0000,0x0000,0x0000,0x0000,0x0000,0x0000,0x0000
	.hword 0x0000,0x0000,0x0000,0x0000,0x0000,0x0000,0x0000,0x0000
	.hword 0x0000,0x0000,0x0000,0x0000,0x0000,0x0000,0x0000,0x0000

	.hword 0x0000,0x0000,0x0000,0x0000,0x0000,0x0000,0x0000,0x0000
	.hword 0x0000,0x0000,0x0000,0x0000,0x0000,0x0000,0x0000,0x0000
	.hword 0x0000,0x0000,0x0000,0x0000,0x0000,0x0000,0x0000,0x0000
	.hword 0x0000,0x0000,0x0000,0x0000,0x0000,0x0000,0x0000,0x0000
	.hword 0x0000,0x0000,0x0000,0x0000,0x0000,0x0000,0x0000,0x0000
	.hword 0x0000,0x0000,0x0000,0x0000,0x0000,0x0000,0x0000,0x0000
	.hword 0x0000,0x0000,0x0000,0x0000,0x0000,0x0000,0x0000,0x0000
	.hword 0x0000,0x0000,0x0000,0x0000,0x0000,0x0000,0x0000,0x0000

	.hword 0x0000,0x0000,0x0000,0x0000,0x0000,0x0000,0x0000,0x0000
	.hword 0x0000,0x0000,0x0000,0x0000,0x0000,0x0000,0x0000,0x0000
	.hword 0x0000,0x0000,0x0000,0x0000,0x0000,0x0000,0x0000,0x0000
	.hword 0x0000,0x0000,0x0000,0x0000,0x0000,0x0000,0x0000,0x0000
	.hword 0x0000,0x0000,0x0003,0x0004,0x0004,0x0004,0x0004,0x0403
	.hword 0x0000,0x0000,0x0000,0x0000,0x0000,0x0000,0x0000,0x0000
	.hword 0x0000,0x0000,0x0000,0x0000,0x0000,0x0000,0x0000,0x0000
	.hword 0x0000,0x0000,0x0000,0x0000,0x0000,0x0000,0x0000,0x0000

	.hword 0x0000,0x0000,0x0000,0x0000,0x0000,0x0000,0x0000,0x0000
	.hword 0x0000,0x0000,0x0000,0x0000,0x0000,0x0000,0x0000,0x0000
	.hword 0x0000,0x0000,0x0000,0x0000,0x0000,0x0000,0x0000,0x0000
	.hword 0x0000,0x0000,0x0000,0x0000,0x0000,0x0000,0x0000,0x0000
	.hword 0x0000,0x0000,0x0000,0x0000,0x0000,0x0000,0x0000,0x0000
	.hword 0x0000,0x0000,0x0000,0x0000,0x0000,0x0000,0x0000,0x0000
	.hword 0x0000,0x0000,0x0000,0x0000,0x0000,0x0000,0x0000,0x0000
	.hword 0x0000,0x0000,0x0000,0x0000,0x0000,0x0000,0x0000,0x0000

	.hword 0x0000,0x0000,0x0000,0x0000,0x0000,0x0000,0x0000,0x0000
	.hword 0x0000,0x0000,0x0000,0x0000,0x0000,0x0000,0x0000,0x0000
	.hword 0x0000,0x0000,0x0000,0x0000,0x0000,0x0000,0x0000,0x0000
	.hword 0x0000,0x0000,0x0000,0x0000,0x0000,0x0000,0x0000,0x0000
	.hword 0x0000,0x0000,0x0000,0x0000,0x0000,0x0000,0x0000,0x0000
	.hword 0x0000,0x0000,0x0000,0x0000,0x0000,0x0000,0x0000,0x0000
	.hword 0x0000,0x0000,0x0000,0x0000,0x0000,0x0000,0x0000,0x0000
	.hword 0x0000,0x0000,0x0000,0x0000,0x0000,0x0000,0x0000,0x0000

	.hword 0x0000,0x0000,0x0000,0x0000,0x0000,0x0000,0x0000,0x0000
	.hword 0x0000,0x0000,0x0000,0x0000,0x0000,0x0000,0x0000,0x0000
	.hword 0x0000,0x0000,0x0000,0x0000,0x0000,0x0000,0x0000,0x0000
	.hword 0x0000,0x0000,0x0000,0x0000,0x0000,0x0000,0x0000,0x0000
	.hword 0x0000,0x0000,0x0003,0x0004,0x0004,0x0004,0x0004,0x0403
	.hword 0x0000,0x0000,0x0000,0x0000,0x0000,0x0000,0x0000,0x0000
	.hword 0x0000,0x0000,0x0000,0x0000,0x0000,0x0000,0x0000,0x0000
	.hword 0x0000,0x0000,0x0000,0x0000,0x0000,0x0000,0x0000,0x0000

	.hword 0x0000,0x0000,0x0000,0x0000,0x0000,0x0000,0x0000,0x0000
	.hword 0x0000,0x0000,0x0000,0x0000,0x0000,0x0000,0x0000,0x0000
	.hword 0x0000,0x0000,0x0000,0x0000,0x0000,0x0000,0x0000,0x0000
	.hword 0x0000,0x0000,0x0000,0x0000,0x0000,0x0000,0x0000,0x0000
	.hword 0x0000,0x0000,0x0000,0x0000,0x0000,0x0000,0x0000,0x0000
	.hword 0x0000,0x0000,0x0000,0x0000,0x0000,0x0000,0x0000,0x0000
	.hword 0x0000,0x0000,0x0000,0x0000,0x0000,0x0000,0x0000,0x0000
	.hword 0x0000,0x0000,0x0000,0x0000,0x0000,0x0000,0x0000,0x0000

	.hword 0x0000,0x0000,0x0000,0x0000,0x0000,0x0000,0x0000,0x0000
	.hword 0x0000,0x0000,0x0000,0x0000,0x0000,0x0000,0x0000,0x0000
	.hword 0x0000,0x0000,0x0000,0x0000,0x0000,0x0000,0x0000,0x0000
	.hword 0x0000,0x0000,0x0000,0x0000,0x0000,0x0000,0x0000,0x0000
	.hword 0x0000,0x0000,0x0000,0x0000,0x0000,0x0000,0x0000,0x0000
	.hword 0x0000,0x0000,0x0000,0x0000,0x0000,0x0000,0x0000,0x0000
	.hword 0x0000,0x0000,0x0000,0x0000,0x0000,0x0000,0x0000,0x0000
	.hword 0x0000,0x0000,0x0000,0x0000,0x0000,0x0000,0x0000,0x0000

	.hword 0x0000,0x0000,0x0000,0x0000,0x0000,0x0000,0x0000,0x0000
	.hword 0x0000,0x0000,0x0000,0x0000,0x0000,0x0000,0x0000,0x0000
	.hword 0x0000,0x0000,0x0000,0x0000,0x0000,0x0000,0x0000,0x0000
	.hword 0x0000,0x0000,0x0000,0x0000,0x0000,0x0000,0x0000,0x0000
	.hword 0x0000,0x0000,0x0003,0x0004,0x0004,0x0004,0x0004,0x0403
	.hword 0x0000,0x0000,0x0000,0x0000,0x0000,0x0000,0x0000,0x0000
	.hword 0x0000,0x0000,0x0000,0x0000,0x0000,0x0000,0x0000,0x0000
	.hword 0x0000,0x0000,0x0000,0x0000,0x0000,0x0000,0x0000,0x0000

	.hword 0x0000,0x0000,0x0000,0x0000,0x0000,0x0000,0x0000,0x0000
	.hword 0x0000,0x0000,0x0000,0x0000,0x0000,0x0000,0x0000,0x0000
	.hword 0x0000,0x0000,0x0000,0x0000,0x0000,0x0000,0x0000,0x0000
	.hword 0x0000,0x0000,0x0000,0x0000,0x0000,0x0000,0x0000,0x0000
	.hword 0x0000,0x0000,0x0000,0x0000,0x0000,0x0000,0x0000,0x0000
	.hword 0x0000,0x0000,0x0000,0x0000,0x0000,0x0000,0x0000,0x0000
	.hword 0x0000,0x0000,0x0000,0x0000,0x0000,0x0000,0x0000,0x0000
	.hword 0x0000,0x0000,0x0000,0x0000,0x0000,0x0000,0x0000,0x0000

	.hword 0x0000,0x0000,0x0000,0x0000,0x0000,0x0000,0x0000,0x0000
	.hword 0x0000,0x0000,0x0000,0x0000,0x0000,0x0000,0x0000,0x0000
	.hword 0x0000,0x0000,0x0000,0x0000,0x0000,0x0000,0x0000,0x0000
	.hword 0x0000,0x0000,0x0000,0x0000,0x0000,0x0000,0x0000,0x0000
	.hword 0x0000,0x0000,0x0000,0x0000,0x0000,0x0000,0x0000,0x0000
	.hword 0x0000,0x0000,0x0000,0x0000,0x0000,0x0000,0x0000,0x0000
	.hword 0x0000,0x0000,0x0000,0x0000,0x0000,0x0000,0x0000,0x0000
	.hword 0x0000,0x0000,0x0000,0x0000,0x0000,0x0000,0x0000,0x0000

	.hword 0x0000,0x0000,0x0000,0x0000,0x0000,0x0000,0x0000,0x0000
	.hword 0x0000,0x0000,0x0000,0x0000,0x0000,0x0000,0x0000,0x0000
	.hword 0x0000,0x0000,0x0000,0x0000,0x0000,0x0000,0x0000,0x0000
	.hword 0x0000,0x0000,0x0000,0x0000,0x0000,0x0000,0x0000,0x0000
	.hword 0x0000,0x0000,0x0003,0x0004,0x0004,0x0004,0x0004,0x0403
	.hword 0x0000,0x0000,0x0000,0x0000,0x0000,0x0000,0x0000,0x0000
	.hword 0x0000,0x0000,0x0000,0x0000,0x0000,0x0000,0x0000,0x0000
	.hword 0x0000,0x0000,0x0000,0x0000,0x0000,0x0000,0x0000,0x0000

	.hword 0x0000,0x0000,0x0000,0x0000,0x0000,0x0000,0x0000,0x0000
	.hword 0x0000,0x0000,0x0000,0x0000,0x0000,0x0000,0x0000,0x0000
	.hword 0x0000,0x0000,0x0000,0x0000,0x0000,0x0000,0x0000,0x0000
	.hword 0x0000,0x0000,0x0000,0x0000,0x0000,0x0000,0x0000,0x0000
	.hword 0x0000,0x0000,0x0000,0x0000,0x0000,0x0000,0x0000,0x0000
	.hword 0x0000,0x0000,0x0000,0x0000,0x0000,0x0000,0x0000,0x0000
	.hword 0x0000,0x0000,0x0000,0x0000,0x0000,0x0000,0x0000,0x0000
	.hword 0x0000,0x0000,0x0000,0x0000,0x0000,0x0000,0x0000,0x0000

	.hword 0x0000,0x0000,0x0000,0x0000,0x0000,0x0000,0x0000,0x0000
	.hword 0x0000,0x0000,0x0000,0x0000,0x0000,0x0000,0x0000,0x0000
	.hword 0x0000,0x0000,0x0000,0x0000,0x0000,0x0000,0x0000,0x0000
	.hword 0x0000,0x0000,0x0000,0x0000,0x0000,0x0000,0x0000,0x0000
	.hword 0x0000,0x0000,0x0000,0x0000,0x0000,0x0000,0x0000,0x0000
	.hword 0x0000,0x0000,0x0000,0x0000,0x0000,0x0000,0x0000,0x0000
	.hword 0x0000,0x0000,0x0000,0x0000,0x0000,0x0000,0x0000,0x0000
	.hword 0x0000,0x0000,0x0000,0x0000,0x0000,0x0000,0x0000,0x0000

	.hword 0x0000,0x0000,0x0000,0x0000,0x0000,0x0000,0x0000,0x0000
	.hword 0x0000,0x0000,0x0000,0x0000,0x0000,0x0000,0x0000,0x0000
	.hword 0x0000,0x0000,0x0000,0x0000,0x0000,0x0000,0x0000,0x0000
	.hword 0x0000,0x0000,0x0000,0x0000,0x0000,0x0000,0x0000,0x0000
	.hword 0x0000,0x0000,0x0005,0x0006,0x0006,0x0006,0x0006,0x0405
	.hword 0x0000,0x0000,0x0000,0x0000,0x0000,0x0000,0x0000,0x0000
	.hword 0x0000,0x0000,0x0000,0x0000,0x0000,0x0000,0x0000,0x0000
	.hword 0x0000,0x0000,0x0000,0x0000,0x0000,0x0000,0x0000,0x0000

	.hword 0x0000,0x0000,0x0000,0x0000,0x0000,0x0000,0x0000,0x0000
	.hword 0x0000,0x0000,0x0000,0x0000,0x0000,0x0000,0x0000,0x0000
	.hword 0x0000,0x0000,0x0000,0x0000,0x0000,0x0000,0x0000,0x0000
	.hword 0x0000,0x0000,0x0000,0x0000,0x0000,0x0000,0x0000,0x0000
	.hword 0x0000,0x0000,0x0000,0x0000,0x0000,0x0000,0x0000,0x0000
	.hword 0x0000,0x0000,0x0000,0x0000,0x0000,0x0000,0x0000,0x0000
	.hword 0x0000,0x0000,0x0000,0x0000,0x0000,0x0000,0x0000,0x0000
	.hword 0x0000,0x0000,0x0000,0x0000,0x0000,0x0000,0x0000,0x0000

	.hword 0x0000,0x0000,0x0000,0x0000,0x0000,0x0000,0x0000,0x0000
	.hword 0x0000,0x0000,0x0000,0x0000,0x0000,0x0000,0x0000,0x0000
	.hword 0x0000,0x0000,0x0000,0x0000,0x0000,0x0000,0x0000,0x0000
	.hword 0x0000,0x0000,0x0000,0x0000,0x0000,0x0000,0x0000,0x0000
	.hword 0x0000,0x0000,0x0000,0x0000,0x0000,0x0000,0x0000,0x0000
	.hword 0x0000,0x0000,0x0000,0x0000,0x0000,0x0000,0x0000,0x0000
	.hword 0x0000,0x0000,0x0000,0x0000,0x0000,0x0000,0x0000,0x0000
	.hword 0x0000,0x0000,0x0000,0x0000,0x0000,0x0000,0x0000,0x0000

	.hword 0x0000,0x0000,0x0000,0x0000,0x0000,0x0000,0x0000,0x0000
	.hword 0x0000,0x0000,0x0000,0x0000,0x0000,0x0000,0x0000,0x0000
	.hword 0x0000,0x0000,0x0000,0x0000,0x0000,0x0000,0x0000,0x0000
	.hword 0x0000,0x0000,0x0000,0x0000,0x0000,0x0000,0x0000,0x0000
	.hword 0x0000,0x0000,0x0000,0x0000,0x0000,0x0000,0x0000,0x0000
	.hword 0x0000,0x0000,0x0000,0x0000,0x0000,0x0000,0x0000,0x0000
	.hword 0x0000,0x0000,0x0000,0x0000,0x0000,0x0000,0x0000,0x0000
	.hword 0x0000,0x0000,0x0000,0x0000,0x0000,0x0000,0x0000,0x0000

	.hword 0x0000,0x0000,0x0000,0x0000,0x0000,0x0000,0x0000,0x0000
	.hword 0x0000,0x0000,0x0000,0x0000,0x0000,0x0000,0x0000,0x0000
	.hword 0x0000,0x0000,0x0000,0x0000,0x0000,0x0000,0x0000,0x0000
	.hword 0x0000,0x0000,0x0000,0x0000,0x0000,0x0000,0x0000,0x0000
	.hword 0x0000,0x0000,0x0000,0x0000,0x0000,0x0000,0x0007,0x0008
	.hword 0x0000,0x0000,0x0000,0x0000,0x0000,0x0000,0x0000,0x0000
	.hword 0x0000,0x0000,0x0000,0x0000,0x0000,0x0000,0x0000,0x0000
	.hword 0x0000,0x0000,0x0000,0x0000,0x0000,0x0000,0x0000,0x0000

	.hword 0x0000,0x0000,0x0000,0x0000,0x0000,0x0000,0x0000,0x0000
	.hword 0x0000,0x0000,0x0000,0x0000,0x0000,0x0000,0x0000,0x0000
	.hword 0x0000,0x0000,0x0000,0x0000,0x0000,0x0000,0x0000,0x0000
	.hword 0x0000,0x0000,0x0000,0x0000,0x0000,0x0000,0x0000,0x0000
	.hword 0x0000,0x0000,0x0000,0x0000,0x0000,0x0000,0x0000,0x0000
	.hword 0x0000,0x0000,0x0000,0x0000,0x0000,0x0000,0x0000,0x0000
	.hword 0x0000,0x0000,0x0000,0x0000,0x0000,0x0000,0x0000,0x0000
	.hword 0x0000,0x0000,0x0000,0x0000,0x0000,0x0000,0x0000,0x0000

	.hword 0x0000,0x0000,0x0000,0x0000,0x0000,0x0000,0x0000,0x0000
	.hword 0x0000,0x0000,0x0000,0x0000,0x0000,0x0000,0x0000,0x0000
	.hword 0x0000,0x0000,0x0000,0x0000,0x0000,0x0000,0x0000,0x0000
	.hword 0x0000,0x0000,0x0000,0x0000,0x0000,0x0000,0x0000,0x0000
	.hword 0x0000,0x0000,0x0000,0x0000,0x0000,0x0000,0x0000,0x0000
	.hword 0x0000,0x0000,0x0000,0x0000,0x0000,0x0000,0x0000,0x0000
	.hword 0x0000,0x0000,0x0000,0x0000,0x0000,0x0000,0x0000,0x0000
	.hword 0x0000,0x0000,0x0000,0x0000,0x0000,0x0000,0x0000,0x0000

	.hword 0x0000,0x0000,0x0000,0x0000,0x0000,0x0000,0x0000,0x0000
	.hword 0x0000,0x0000,0x0000,0x0000,0x0000,0x0000,0x0000,0x0000
	.hword 0x0000,0x0000,0x0000,0x0000,0x0000,0x0000,0x0000,0x0000
	.hword 0x0000,0x0000,0x0000,0x0000,0x0000,0x0000,0x0000,0x0000
	.hword 0x0000,0x0000,0x0000,0x0000,0x0000,0x0000,0x0009,0x000A
	.hword 0x0000,0x0000,0x0000,0x0000,0x0000,0x0000,0x0000,0x0000
	.hword 0x0000,0x0000,0x0000,0x0000,0x0000,0x0000,0x0000,0x0000
	.hword 0x0000,0x0000,0x0000,0x0000,0x0000,0x0000,0x0000,0x0000

	.hword 0x0000,0x0000,0x0000,0x0000,0x0000,0x0000,0x0000,0x0000
	.hword 0x0000,0x0000,0x0000,0x0000,0x0000,0x0000,0x0000,0x0000
	.hword 0x0000,0x0000,0x0000,0x0000,0x0000,0x0000,0x0000,0x0000
	.hword 0x0000,0x0000,0x0000,0x0000,0x0000,0x0000,0x0000,0x0000
	.hword 0x0000,0x0000,0x0000,0x0000,0x0000,0x0000,0x0000,0x0000
	.hword 0x0000,0x0000,0x0000,0x0000,0x0000,0x0000,0x0000,0x0000
	.hword 0x0000,0x0000,0x0000,0x0000,0x0000,0x0000,0x0000,0x0000
	.hword 0x0000,0x0000,0x0000,0x0000,0x0000,0x0000,0x0000,0x0000

	.hword 0x0000,0x0000,0x0000,0x0000,0x0000,0x0000,0x0000,0x0000
	.hword 0x0000,0x0000,0x0000,0x0000,0x0000,0x0000,0x0000,0x0000
	.hword 0x0000,0x0000,0x0000,0x0000,0x0000,0x0000,0x0000,0x0000
	.hword 0x0000,0x0000,0x0000,0x0000,0x0000,0x0000,0x0000,0x0000
	.hword 0x0000,0x0000,0x0000,0x0000,0x0000,0x0000,0x0000,0x0000
	.hword 0x0000,0x0000,0x0000,0x0000,0x0000,0x0000,0x0000,0x0000
	.hword 0x0000,0x0000,0x0000,0x0000,0x0000,0x0000,0x0000,0x0000
	.hword 0x0000,0x0000,0x0000,0x0000,0x0000,0x0000,0x0000,0x0000

	.hword 0x0000,0x0000,0x0000,0x0000,0x0000,0x0000,0x0000,0x0000
	.hword 0x0000,0x0000,0x0000,0x0000,0x0000,0x0000,0x0000,0x0000
	.hword 0x0000,0x0000,0x0000,0x0000,0x0000,0x0000,0x0000,0x0000
	.hword 0x0000,0x0000,0x0000,0x0000,0x0000,0x0000,0x0000,0x0000
	.hword 0x0000,0x0000,0x0000,0x0000,0x0000,0x0000,0x0000,0x0000
	.hword 0x0000,0x0000,0x0000,0x0000,0x0000,0x0000,0x0000,0x0000
	.hword 0x0000,0x0000,0x0000,0x0000,0x0000,0x0000,0x0000,0x0000
	.hword 0x0000,0x0000,0x0000,0x0000,0x000B,0x000C,0x000D,0x000E

	.hword 0x0000,0x0000,0x000F,0x0010,0x000D,0x000E,0x0000,0x0000
	.hword 0x000F,0x0010,0x0011,0x0012,0x0000,0x0000,0x0000,0x0000
	.hword 0x0000,0x0000,0x0000,0x0000,0x0000,0x0000,0x0000,0x0000
	.hword 0x0000,0x0000,0x0000,0x0000,0x0000,0x0000,0x0000,0x0000
	.hword 0x0000,0x0000,0x0000,0x0000,0x0000,0x0000,0x0000,0x0000
	.hword 0x0000,0x0000,0x0000,0x0000,0x0000,0x0000,0x0000,0x0000
	.hword 0x0000,0x0000,0x0000,0x0000,0x0000,0x0000,0x0000,0x0000
	.hword 0x0013,0x0000,0x0000,0x0000,0x0000,0x0000,0x0000,0x0000

	.hword 0x0000,0x0000,0x0000,0x0000,0x0000,0x0000,0x0000,0x0000
	.hword 0x0000,0x0000,0x0000,0x0000,0x0000,0x0000,0x0000,0x0000
	.hword 0x0000,0x0000,0x0000,0x0000,0x0000,0x0000,0x0000,0x0000
	.hword 0x0000,0x0000,0x0000,0x0000,0x0000,0x0000,0x0000,0x0000
	.hword 0x0000,0x0000,0x0000,0x0000,0x0000,0x0000,0x0000,0x0000
	.hword 0x0000,0x0000,0x0000,0x0000,0x0000,0x0000,0x0000,0x0000
	.hword 0x0000,0x0000,0x0000,0x0000,0x0000,0x0000,0x0000,0x0000
	.hword 0x0000,0x0000,0x0000,0x0000,0x0000,0x0000,0x0000,0x0000

	.hword 0x0000,0x0000,0x0000,0x0000,0x0000,0x0000,0x0000,0x0000
	.hword 0x0000,0x0000,0x0000,0x0000,0x0000,0x0000,0x0000,0x0000
	.hword 0x0000,0x0000,0x0000,0x0000,0x0000,0x0000,0x0000,0x0000
	.hword 0x0000,0x0000,0x0000,0x0000,0x0000,0x0000,0x0000,0x0000
	.hword 0x0000,0x0000,0x0000,0x0000,0x0000,0x0000,0x0000,0x0000
	.hword 0x0000,0x0000,0x0000,0x0000,0x0000,0x0000,0x0000,0x0000
	.hword 0x0000,0x0000,0x0000,0x0000,0x0000,0x0000,0x0000,0x0000
	.hword 0x0000,0x0000,0x0000,0x0000,0x0014,0x0015,0x0016,0x0017

	.hword 0x0018,0x0019,0x001A,0x001B,0x0016,0x0017,0x0018,0x0019
	.hword 0x001A,0x001B,0x001C,0x001D,0x0000,0x0000,0x0000,0x0000
	.hword 0x0000,0x0000,0x0000,0x0000,0x0000,0x0000,0x0000,0x0000
	.hword 0x0000,0x0000,0x0000,0x0000,0x0000,0x0000,0x0000,0x0000
	.hword 0x0000,0x0000,0x0000,0x0000,0x0000,0x0000,0x0000,0x0000
	.hword 0x0000,0x0000,0x0000,0x0000,0x0000,0x0000,0x0000,0x0000
	.hword 0x0000,0x0000,0x0000,0x0000,0x0000,0x0000,0x001E,0x001F
	.hword 0x0020,0x0021,0x0000,0x0000,0x0000,0x0000,0x0000,0x0000

	.hword 0x0000,0x0000,0x0000,0x0000,0x0000,0x0000,0x0000,0x0000
	.hword 0x0000,0x0000,0x0000,0x0000,0x0000,0x0000,0x0000,0x0000
	.hword 0x0000,0x0000,0x0000,0x0000,0x0000,0x0000,0x0000,0x0000
	.hword 0x0000,0x0000,0x0000,0x0000,0x0000,0x0000,0x0000,0x0000
	.hword 0x0000,0x0000,0x0000,0x0000,0x0000,0x0000,0x0000,0x0000
	.hword 0x0000,0x0000,0x0000,0x0000,0x0000,0x0000,0x0000,0x0000
	.hword 0x0000,0x0000,0x0000,0x0000,0x0000,0x0000,0x0000,0x0000
	.hword 0x0000,0x0000,0x0000,0x0000,0x0000,0x0000,0x0000,0x0000

	.hword 0x0000,0x0000,0x0000,0x0000,0x0000,0x0000,0x0000,0x0000
	.hword 0x0000,0x0000,0x0000,0x0000,0x0000,0x0000,0x0000,0x0000
	.hword 0x0000,0x0000,0x0000,0x0000,0x0000,0x0000,0x0000,0x0000
	.hword 0x0000,0x0000,0x0000,0x0000,0x0000,0x0000,0x0000,0x0000
	.hword 0x0000,0x0000,0x0000,0x0000,0x0000,0x0000,0x0000,0x0000
	.hword 0x0000,0x0000,0x0000,0x0000,0x0000,0x0000,0x0000,0x0000
	.hword 0x0000,0x0000,0x0000,0x0000,0x0000,0x0000,0x0000,0x0000
	.hword 0x0000,0x0000,0x0022,0x0023,0x0024,0x0023,0x0024,0x0023

	.hword 0x0024,0x0023,0x0024,0x0023,0x0024,0x0023,0x0024,0x0023
	.hword 0x0024,0x0023,0x0024,0x0023,0x0423,0x0424,0x0423,0x0422
	.hword 0x0000,0x0000,0x0000,0x0000,0x0000,0x0000,0x0000,0x0000
	.hword 0x0000,0x0000,0x0000,0x0000,0x0000,0x0000,0x0000,0x0000
	.hword 0x0000,0x0000,0x0000,0x0000,0x0000,0x0000,0x0000,0x0000
	.hword 0x0000,0x0000,0x0000,0x0000,0x0000,0x0000,0x0000,0x0000
	.hword 0x0000,0x0000,0x0000,0x0000,0x0000,0x0000,0x0025,0x0026
	.hword 0x0027,0x0028,0x0000,0x0000,0x0000,0x0000,0x0000,0x0000

	.hword 0x0000,0x0000,0x0000,0x0000,0x0000,0x0000,0x0000,0x0000
	.hword 0x0000,0x0000,0x0000,0x0000,0x0000,0x0000,0x0000,0x0000
	.hword 0x0000,0x0000,0x0000,0x0000,0x0000,0x0000,0x0000,0x0000
	.hword 0x0000,0x0000,0x0000,0x0000,0x0000,0x0000,0x0000,0x0000
	.hword 0x0000,0x0000,0x0000,0x0000,0x0000,0x0000,0x0000,0x0000
	.hword 0x0000,0x0000,0x0000,0x0000,0x0000,0x0000,0x0000,0x0000
	.hword 0x0000,0x0000,0x0000,0x0000,0x0000,0x0000,0x0000,0x0000
	.hword 0x0000,0x0000,0x0000,0x0000,0x0000,0x0000,0x0000,0x0000

	.hword 0x0000,0x0000,0x0000,0x0000,0x0000,0x0000,0x0000,0x0000
	.hword 0x0000,0x0000,0x0000,0x0000,0x0000,0x0000,0x0000,0x0000
	.hword 0x0000,0x0000,0x0000,0x0000,0x0000,0x0000,0x0000,0x0000
	.hword 0x0000,0x0000,0x0000,0x0000,0x0000,0x0000,0x0000,0x0000
	.hword 0x0000,0x0000,0x0000,0x0000,0x0000,0x0000,0x0000,0x0000
	.hword 0x0000,0x0000,0x0000,0x0000,0x0000,0x0000,0x0000,0x0000
	.hword 0x0000,0x0000,0x0000,0x0000,0x0000,0x0000,0x0000,0x0000
	.hword 0x0000,0x0000,0x0029,0x002A,0x002B,0x002A,0x002B,0x002A

	.hword 0x002B,0x002A,0x002B,0x002A,0x002B,0x002A,0x002B,0x002A
	.hword 0x002B,0x002A,0x002B,0x002A,0x042A,0x042B,0x042A,0x0429
	.hword 0x0000,0x0000,0x0000,0x0000,0x0000,0x0000,0x0000,0x0000
	.hword 0x0000,0x0000,0x0000,0x0000,0x0000,0x0000,0x0000,0x0000
	.hword 0x0000,0x0000,0x0000,0x0000,0x0000,0x0000,0x0000,0x0000
	.hword 0x0000,0x0000,0x0000,0x0000,0x0000,0x0000,0x0000,0x0000
	.hword 0x0000,0x0000,0x0000,0x0000,0x0000,0x0000,0x002C,0x002D
	.hword 0x002E,0x002F,0x0000,0x0000,0x0000,0x0000,0x0000,0x0000

	.hword 0x0000,0x0000,0x0000,0x0000,0x0000,0x0000,0x0000,0x0000
	.hword 0x0000,0x0000,0x0000,0x0000,0x0000,0x0000,0x0030,0x0430
	.hword 0x0031,0x0032,0x0000,0x0000,0x0000,0x0000,0x0000,0x0000
	.hword 0x0000,0x0000,0x0000,0x0000,0x0000,0x0000,0x0000,0x0000
	.hword 0x0000,0x0000,0x0000,0x0000,0x0000,0x0000,0x0000,0x0000
	.hword 0x0000,0x0000,0x0000,0x0000,0x0000,0x0000,0x0000,0x0000
	.hword 0x0000,0x0000,0x0000,0x0000,0x0000,0x0000,0x0000,0x0000
	.hword 0x0000,0x0000,0x0000,0x0000,0x0000,0x0000,0x0000,0x0000

	.hword 0x0000,0x0000,0x0000,0x0000,0x0000,0x0000,0x0000,0x0000
	.hword 0x0000,0x0000,0x0000,0x0000,0x0000,0x0000,0x0000,0x0000
	.hword 0x0000,0x0000,0x0000,0x0000,0x0000,0x0000,0x0000,0x0000
	.hword 0x0000,0x0000,0x0000,0x0000,0x0000,0x0000,0x0000,0x0000
	.hword 0x0000,0x0000,0x0000,0x0000,0x0000,0x0000,0x0000,0x0000
	.hword 0x0000,0x0000,0x0000,0x0000,0x0000,0x0000,0x0000,0x0000
	.hword 0x0000,0x0000,0x0000,0x0000,0x0000,0x0000,0x0000,0x0000
	.hword 0x0000,0x0000,0x0829,0x082A,0x082B,0x082A,0x082B,0x082A

	.hword 0x082B,0x082A,0x082B,0x082A,0x082B,0x082A,0x082B,0x082A
	.hword 0x082B,0x082A,0x082B,0x082A,0x0C2A,0x0C2B,0x0C2A,0x0C29
	.hword 0x0000,0x0000,0x0000,0x0000,0x0000,0x0000,0x0000,0x0000
	.hword 0x0000,0x0000,0x0000,0x0000,0x0000,0x0000,0x000D,0x000E
	.hword 0x0000,0x0000,0x000F,0x0010,0x0000,0x0000,0x0000,0x0000
	.hword 0x0000,0x0000,0x0000,0x0000,0x0000,0x0000,0x0000,0x0000
	.hword 0x0033,0x0034,0x0035,0x0036,0x000B,0x000C,0x0037,0x0038
	.hword 0x0039,0x003A,0x0000,0x0000,0x0000,0x0000,0x0000,0x0000

	.hword 0x0000,0x0000,0x0000,0x0000,0x0000,0x0000,0x0000,0x0000
	.hword 0x0000,0x0000,0x0000,0x0000,0x0000,0x0000,0x003B,0x003C
	.hword 0x003D,0x003E,0x0000,0x0000,0x0000,0x0000,0x0000,0x0000
	.hword 0x0000,0x0000,0x0000,0x0000,0x0000,0x0000,0x0000,0x0000
	.hword 0x0000,0x0000,0x0000,0x0000,0x0000,0x0000,0x0000,0x0000
	.hword 0x0000,0x0000,0x0000,0x0000,0x0000,0x0000,0x0000,0x0000
	.hword 0x0000,0x0000,0x0000,0x0000,0x0000,0x0000,0x0000,0x0000
	.hword 0x0000,0x0000,0x0000,0x0000,0x0000,0x0000,0x0000,0x0000

	.hword 0x0000,0x0000,0x0000,0x0000,0x0000,0x0000,0x0000,0x0000
	.hword 0x0000,0x0000,0x0000,0x0000,0x0000,0x0000,0x0000,0x0000
	.hword 0x0000,0x0000,0x0000,0x0000,0x0000,0x0000,0x0000,0x0000
	.hword 0x0000,0x0000,0x0000,0x0000,0x0000,0x0000,0x0000,0x0000
	.hword 0x0000,0x0000,0x0000,0x0000,0x0000,0x0000,0x0000,0x0000
	.hword 0x0000,0x0000,0x0000,0x0000,0x0000,0x0000,0x0000,0x0000
	.hword 0x0000,0x0000,0x0000,0x0000,0x0000,0x0000,0x0000,0x0000
	.hword 0x0000,0x0000,0x0822,0x0823,0x0824,0x0823,0x0824,0x0823

	.hword 0x0824,0x0823,0x0824,0x0823,0x0824,0x0823,0x0824,0x0823
	.hword 0x0824,0x0823,0x0824,0x0823,0x0C23,0x0C24,0x0C23,0x0C22
	.hword 0x0000,0x0000,0x0000,0x0000,0x0000,0x0000,0x0000,0x0000
	.hword 0x0000,0x0000,0x0000,0x0000,0x0000,0x0000,0x0016,0x0017
	.hword 0x0018,0x0019,0x001A,0x001B,0x0000,0x0000,0x0000,0x0000
	.hword 0x0000,0x0000,0x0000,0x0000,0x0000,0x0000,0x0000,0x0000
	.hword 0x003F,0x0040,0x0041,0x0042,0x0014,0x0015,0x0000,0x0043
	.hword 0x0044,0x0045,0x0000,0x0000,0x0000,0x0000,0x0000,0x0000

	.hword 0x0000,0x0000,0x0000,0x0000,0x0000,0x0000,0x0000,0x0000
	.hword 0x0000,0x0000,0x0000,0x0000,0x0022,0x0023,0x0024,0x0023
	.hword 0x0024,0x0023,0x0423,0x0422,0x0000,0x0000,0x0000,0x0000
	.hword 0x0000,0x0000,0x000F,0x0010,0x0046,0x0047,0x0011,0x0012
	.hword 0x000D,0x000E,0x0046,0x0047,0x0011,0x0012,0x000D,0x000E
	.hword 0x0046,0x0047,0x0011,0x0012,0x000D,0x000E,0x0046,0x0047
	.hword 0x0011,0x0012,0x000D,0x000E,0x0000,0x0000,0x0000,0x0000
	.hword 0x0000,0x0000,0x0000,0x0000,0x0000,0x0000,0x0000,0x0000

	.hword 0x0000,0x0000,0x0000,0x0000,0x0000,0x0000,0x0000,0x0000
	.hword 0x0000,0x0000,0x0000,0x0000,0x0000,0x0000,0x0000,0x0000
	.hword 0x0000,0x0000,0x0000,0x0000,0x0000,0x0000,0x0000,0x0000
	.hword 0x0000,0x0000,0x0000,0x0000,0x0000,0x0000,0x0007,0x0008
	.hword 0x0000,0x0000,0x0000,0x0000,0x0000,0x0000,0x0000,0x0000
	.hword 0x0000,0x0000,0x0000,0x0000,0x0000,0x0000,0x0000,0x0000
	.hword 0x0000,0x0000,0x0000,0x0000,0x0000,0x0000,0x0000,0x0000
	.hword 0x0000,0x0000,0x0000,0x0000,0x0000,0x0000,0x0000,0x0000

	.hword 0x0000,0x0000,0x0000,0x0000,0x0000,0x0000,0x0000,0x0000
	.hword 0x0000,0x0000,0x0000,0x0000,0x0000,0x0000,0x0000,0x0000
	.hword 0x0000,0x0000,0x0000,0x0000,0x0000,0x0000,0x0000,0x0000
	.hword 0x0000,0x0000,0x0022,0x0023,0x0024,0x0023,0x0024,0x0023
	.hword 0x0024,0x0023,0x0024,0x0023,0x0024,0x0023,0x0024,0x0023
	.hword 0x0024,0x0023,0x0024,0x0023,0x0024,0x0023,0x0024,0x0023
	.hword 0x0024,0x0023,0x0024,0x0023,0x0024,0x0023,0x0024,0x0023
	.hword 0x0024,0x0023,0x0423,0x0422,0x0000,0x0000,0x0000,0x0000

	.hword 0x0000,0x0000,0x0000,0x0000,0x0000,0x0000,0x0000,0x0000
	.hword 0x0000,0x0000,0x0000,0x0000,0x0029,0x002A,0x002B,0x002A
	.hword 0x002B,0x002A,0x042A,0x0429,0x0000,0x0000,0x0000,0x0000
	.hword 0x0018,0x0019,0x001A,0x001B,0x0048,0x0049,0x001C,0x001D
	.hword 0x0016,0x0017,0x0048,0x0049,0x001C,0x001D,0x0016,0x0017
	.hword 0x0048,0x0049,0x001C,0x001D,0x0016,0x0017,0x0048,0x0049
	.hword 0x001C,0x001D,0x0016,0x0017,0x0000,0x0000,0x0000,0x0000
	.hword 0x0000,0x0000,0x0000,0x0000,0x0000,0x0000,0x0000,0x0000

	.hword 0x0000,0x0000,0x0000,0x0000,0x0000,0x0000,0x0000,0x0000
	.hword 0x0000,0x0000,0x0000,0x0000,0x0000,0x0000,0x0000,0x0000
	.hword 0x0000,0x0000,0x0000,0x0000,0x0000,0x0000,0x0000,0x0000
	.hword 0x0000,0x0000,0x0000,0x0000,0x0000,0x0000,0x0009,0x000A
	.hword 0x0000,0x0000,0x0000,0x0000,0x0000,0x0000,0x0000,0x0000
	.hword 0x0000,0x0000,0x0000,0x0000,0x0000,0x0000,0x0000,0x0000
	.hword 0x0000,0x0000,0x0000,0x0000,0x0000,0x0000,0x0000,0x0000
	.hword 0x0000,0x0000,0x0000,0x0000,0x0000,0x0000,0x0000,0x0000

	.hword 0x0000,0x0000,0x0000,0x0000,0x0000,0x0000,0x0000,0x0000
	.hword 0x0000,0x0000,0x0000,0x0000,0x0000,0x0000,0x0000,0x0000
	.hword 0x0000,0x0000,0x0000,0x0000,0x0000,0x0000,0x0000,0x0000
	.hword 0x0000,0x0000,0x0029,0x002A,0x002B,0x002A,0x002B,0x002A
	.hword 0x002B,0x002A,0x002B,0x002A,0x002B,0x002A,0x002B,0x002A
	.hword 0x002B,0x002A,0x002B,0x002A,0x002B,0x002A,0x002B,0x002A
	.hword 0x002B,0x002A,0x002B,0x002A,0x002B,0x002A,0x002B,0x002A
	.hword 0x002B,0x002A,0x042A,0x0429,0x0000,0x0000,0x0000,0x0000

	.hword 0x0000,0x0000,0x0000,0x0000,0x0000,0x0000,0x0000,0x0000
	.hword 0x0000,0x0000,0x0000,0x0000,0x004A,0x004B,0x004C,0x004D
	.hword 0x004C,0x004D,0x004E,0x004F,0x0024,0x0023,0x0024,0x0023
	.hword 0x0024,0x0023,0x0024,0x0023,0x0024,0x0023,0x0024,0x0023
	.hword 0x0024,0x0023,0x0024,0x0023,0x0024,0x0023,0x0024,0x0023
	.hword 0x0024,0x0023,0x0024,0x0023,0x0024,0x0023,0x0024,0x0023
	.hword 0x0024,0x0023,0x0024,0x0023,0x0423,0x0422,0x0000,0x0000
	.hword 0x0000,0x0000,0x0000,0x0000,0x0000,0x0000,0x0000,0x0000

	.hword 0x0000,0x0000,0x0000,0x0000,0x0000,0x0000,0x0000,0x0000
	.hword 0x0000,0x0000,0x0000,0x0000,0x0000,0x0000,0x0000,0x0000
	.hword 0x0000,0x0000,0x0000,0x0000,0x0000,0x0000,0x0000,0x0000
	.hword 0x0000,0x0000,0x0000,0x0000,0x0000,0x0000,0x0000,0x0000
	.hword 0x0000,0x0000,0x0000,0x0000,0x0000,0x0000,0x0000,0x0000
	.hword 0x0000,0x0000,0x0000,0x0000,0x0000,0x0000,0x0000,0x0000
	.hword 0x0000,0x0000,0x0000,0x0000,0x0000,0x0000,0x0000,0x0000
	.hword 0x0000,0x0000,0x0000,0x0000,0x0000,0x0000,0x0000,0x0000

	.hword 0x0000,0x0000,0x0000,0x0000,0x0000,0x0000,0x0000,0x0000
	.hword 0x0000,0x0000,0x0000,0x0000,0x0000,0x0000,0x0000,0x0000
	.hword 0x0000,0x0000,0x0000,0x0000,0x0000,0x0000,0x0000,0x0000
	.hword 0x0000,0x0000,0x004A,0x004B,0x004C,0x004D,0x004C,0x004D
	.hword 0x004C,0x004D,0x004C,0x004D,0x004C,0x004D,0x004C,0x004D
	.hword 0x004C,0x004D,0x004C,0x004D,0x004C,0x004D,0x004C,0x004D
	.hword 0x004C,0x004D,0x004C,0x004D,0x004C,0x004D,0x004C,0x004D
	.hword 0x004C,0x004D,0x044B,0x044A,0x0000,0x0000,0x0000,0x0000

	.hword 0x0000,0x0000,0x0000,0x0000,0x0000,0x0000,0x0000,0x0000
	.hword 0x0000,0x0000,0x0000,0x0000,0x0050,0x0051,0x002B,0x002A
	.hword 0x002B,0x002A,0x042A,0x042B,0x002B,0x002A,0x002B,0x002A
	.hword 0x002B,0x002A,0x002B,0x002A,0x002B,0x002A,0x002B,0x002A
	.hword 0x002B,0x002A,0x002B,0x002A,0x002B,0x002A,0x002B,0x002A
	.hword 0x002B,0x002A,0x002B,0x002A,0x002B,0x002A,0x002B,0x002A
	.hword 0x002B,0x002A,0x002B,0x002A,0x042A,0x0429,0x0000,0x0000
	.hword 0x0000,0x0000,0x0000,0x0000,0x0000,0x0000,0x0000,0x0000

	.hword 0x0000,0x0000,0x0000,0x0000,0x0000,0x0000,0x0000,0x0000
	.hword 0x0000,0x0000,0x0000,0x0000,0x0000,0x0000,0x0000,0x0000
	.hword 0x0000,0x0000,0x0000,0x0000,0x0000,0x0000,0x0000,0x0000
	.hword 0x0000,0x0000,0x0000,0x0000,0x0000,0x0000,0x0000,0x0000
	.hword 0x0000,0x0000,0x0000,0x0000,0x0000,0x0000,0x0000,0x0000
	.hword 0x0000,0x0000,0x0000,0x0000,0x0000,0x0000,0x0000,0x0000
	.hword 0x0000,0x0000,0x0000,0x0000,0x0000,0x0000,0x0000,0x0000
	.hword 0x0000,0x0000,0x0000,0x0000,0x0000,0x0000,0x0000,0x0000

	.hword 0x0000,0x0000,0x0000,0x0000,0x0000,0x0000,0x0000,0x0000
	.hword 0x0000,0x0000,0x0000,0x0000,0x0000,0x0000,0x0000,0x0000
	.hword 0x0000,0x0000,0x0000,0x0000,0x0000,0x0000,0x0000,0x0000
	.hword 0x0000,0x0000,0x0050,0x0051,0x002B,0x002A,0x002B,0x002A
	.hword 0x002B,0x002A,0x002B,0x002A,0x002B,0x002A,0x002B,0x002A
	.hword 0x002B,0x002A,0x002B,0x002A,0x002B,0x002A,0x002B,0x002A
	.hword 0x002B,0x002A,0x002B,0x002A,0x002B,0x002A,0x002B,0x002A
	.hword 0x002B,0x002A,0x0451,0x0450,0x0000,0x0000,0x0000,0x0000

	.hword 0x0000,0x0000,0x0000,0x0000,0x0000,0x0000,0x0000,0x0000
	.hword 0x0000,0x0000,0x0000,0x0000,0x0850,0x0851,0x082B,0x082A
	.hword 0x082B,0x082A,0x082B,0x082A,0x082B,0x082A,0x082B,0x082A
	.hword 0x082B,0x082A,0x082B,0x082A,0x082B,0x082A,0x082B,0x082A
	.hword 0x082B,0x082A,0x082B,0x082A,0x082B,0x082A,0x082B,0x082A
	.hword 0x082B,0x082A,0x082B,0x082A,0x082B,0x082A,0x082B,0x082A
	.hword 0x082B,0x082A,0x082B,0x082A,0x0C2A,0x0C2B,0x0024,0x0023
	.hword 0x0024,0x0023,0x0024,0x0023,0x0024,0x0023,0x0024,0x0023

	.hword 0x0024,0x0023,0x0024,0x0023,0x0024,0x0023,0x0024,0x0023
	.hword 0x0024,0x0023,0x0024,0x0023,0x0024,0x0023,0x0024,0x0023
	.hword 0x0052,0x0407,0x0000,0x0000,0x0000,0x0000,0x0000,0x0000
	.hword 0x0000,0x0000,0x0000,0x0000,0x0000,0x0000,0x0000,0x0000
	.hword 0x0000,0x0000,0x0000,0x0000,0x0000,0x0000,0x0000,0x0000
	.hword 0x0000,0x0000,0x0000,0x0000,0x0000,0x0000,0x0000,0x0000
	.hword 0x0000,0x0000,0x0000,0x0000,0x0000,0x0000,0x0000,0x0000
	.hword 0x0000,0x0000,0x0000,0x0000,0x0000,0x0000,0x0000,0x0000

	.hword 0x0000,0x0000,0x0000,0x0000,0x0000,0x0000,0x0000,0x0000
	.hword 0x0000,0x0000,0x0000,0x0000,0x0000,0x0000,0x0000,0x0000
	.hword 0x0000,0x0000,0x0000,0x0000,0x0000,0x0000,0x0000,0x0000
	.hword 0x0000,0x0000,0x0053,0x082A,0x082B,0x082A,0x082B,0x082A
	.hword 0x082B,0x082A,0x082B,0x082A,0x082B,0x082A,0x082B,0x082A
	.hword 0x082B,0x082A,0x082B,0x082A,0x082B,0x082A,0x082B,0x082A
	.hword 0x082B,0x082A,0x082B,0x082A,0x082B,0x082A,0x082B,0x082A
	.hword 0x082B,0x082A,0x0C2A,0x0453,0x0000,0x0000,0x0000,0x0000

	.hword 0x0000,0x0000,0x0000,0x0000,0x0000,0x0000,0x0000,0x0000
	.hword 0x0000,0x0000,0x0000,0x0000,0x084A,0x084B,0x084C,0x084D
	.hword 0x084C,0x084D,0x084C,0x084D,0x084C,0x084D,0x084C,0x084D
	.hword 0x084C,0x084D,0x084C,0x084D,0x084C,0x084D,0x084C,0x084D
	.hword 0x084C,0x084D,0x084C,0x084D,0x084C,0x084D,0x084C,0x084D
	.hword 0x084C,0x084D,0x084C,0x084D,0x084C,0x084D,0x084C,0x084D
	.hword 0x084C,0x084D,0x084C,0x084D,0x004E,0x084F,0x0054,0x0055
	.hword 0x0054,0x0055,0x0054,0x0055,0x0054,0x0055,0x0054,0x0055

	.hword 0x0054,0x0055,0x0054,0x0055,0x0054,0x0055,0x0054,0x0055
	.hword 0x0054,0x0055,0x0054,0x0055,0x0054,0x0055,0x0054,0x0055
	.hword 0x0056,0x0409,0x0000,0x0000,0x0000,0x0000,0x0000,0x0000
	.hword 0x0000,0x0000,0x0000,0x0000,0x0000,0x0000,0x0000,0x0000
	.hword 0x0000,0x0000,0x0000,0x0000,0x0000,0x0000,0x0000,0x0000
	.hword 0x0000,0x0000,0x0000,0x0000,0x0000,0x0000,0x0000,0x0000
	.hword 0x0000,0x0000,0x0000,0x0000,0x0000,0x0000,0x0000,0x0000
	.hword 0x0000,0x0000,0x0000,0x0000,0x0000,0x0000,0x0000,0x0000

	.hword 0x0000,0x0000,0x0000,0x0000,0x0000,0x0000,0x0000,0x0000
	.hword 0x0000,0x0000,0x0000,0x0000,0x0000,0x0000,0x0000,0x0000
	.hword 0x0000,0x0000,0x0000,0x0000,0x0000,0x0000,0x0000,0x0000
	.hword 0x0000,0x0000,0x0057,0x0058,0x0059,0x0058,0x0059,0x0058
	.hword 0x0059,0x0058,0x0059,0x0058,0x0059,0x0058,0x0059,0x0058
	.hword 0x0059,0x0058,0x0059,0x0058,0x0059,0x0058,0x0059,0x0058
	.hword 0x0059,0x0058,0x0059,0x0058,0x0059,0x0058,0x0059,0x0058
	.hword 0x0059,0x0058,0x0458,0x0457,0x0000,0x0000,0x0000,0x0000

	.hword 0x0000,0x0000,0x0000,0x0000,0x0000,0x0000,0x0000,0x0000
	.hword 0x0000,0x0000,0x0000,0x0000,0x0850,0x0851,0x082B,0x082A
	.hword 0x082B,0x082A,0x0C2A,0x0C2B,0x082B,0x082A,0x082B,0x082A
	.hword 0x082B,0x082A,0x082B,0x082A,0x082B,0x082A,0x082B,0x082A
	.hword 0x082B,0x082A,0x082B,0x082A,0x082B,0x082A,0x082B,0x082A
	.hword 0x082B,0x082A,0x082B,0x082A,0x082B,0x082A,0x082B,0x082A
	.hword 0x082B,0x082A,0x082B,0x082A,0x0C2A,0x0C29,0x0000,0x0000
	.hword 0x0000,0x0000,0x0000,0x0000,0x0000,0x0000,0x0000,0x0000

	.hword 0x0000,0x0000,0x0000,0x0000,0x0000,0x0000,0x0000,0x0000
	.hword 0x0000,0x0000,0x0000,0x0000,0x0000,0x0000,0x0000,0x0000
	.hword 0x0000,0x0000,0x0000,0x0000,0x0000,0x0000,0x0000,0x0000
	.hword 0x0000,0x0000,0x0000,0x0000,0x0000,0x0000,0x0000,0x0000
	.hword 0x0000,0x0000,0x0000,0x0000,0x0000,0x0000,0x005A,0x005B
	.hword 0x005C,0x005D,0x005E,0x005D,0x0000,0x0000,0x0000,0x0000
	.hword 0x005A,0x005B,0x005C,0x005D,0x005E,0x005D,0x0000,0x0000
	.hword 0x0000,0x0000,0x0000,0x0000,0x0000,0x0000,0x0000,0x0000

	.hword 0x0000,0x0000,0x0000,0x0000,0x0000,0x0000,0x0000,0x0000
	.hword 0x0000,0x0000,0x0000,0x0000,0x0000,0x0000,0x0000,0x0000
	.hword 0x0000,0x0000,0x0000,0x0000,0x0000,0x0000,0x0000,0x0000
	.hword 0x0000,0x0000,0x0000,0x0000,0x0000,0x0000,0x0000,0x0000
	.hword 0x0000,0x0000,0x0000,0x0000,0x0000,0x0000,0x0000,0x0000
	.hword 0x0000,0x0000,0x0000,0x0000,0x0000,0x0000,0x0000,0x0000
	.hword 0x0000,0x0000,0x0000,0x0000,0x0000,0x0000,0x0000,0x0000
	.hword 0x0000,0x0000,0x0000,0x0000,0x0000,0x0000,0x0000,0x0000

	.hword 0x0000,0x0000,0x0000,0x0000,0x0000,0x0000,0x0000,0x0000
	.hword 0x0000,0x0000,0x0000,0x0000,0x084A,0x084B,0x084C,0x084D
	.hword 0x084C,0x084D,0x004E,0x084F,0x0824,0x0823,0x0824,0x0823
	.hword 0x0824,0x0823,0x0824,0x0823,0x0824,0x0823,0x0824,0x0823
	.hword 0x0824,0x0823,0x0824,0x0823,0x0824,0x0823,0x0824,0x0823
	.hword 0x0824,0x0823,0x0824,0x0823,0x0824,0x0823,0x0824,0x0823
	.hword 0x0824,0x0823,0x0824,0x0823,0x0C23,0x0C22,0x0000,0x0000
	.hword 0x0000,0x0000,0x0000,0x0000,0x0000,0x0000,0x0000,0x0000

	.hword 0x0000,0x0000,0x0000,0x0000,0x0000,0x0000,0x0000,0x0000
	.hword 0x0000,0x0000,0x0000,0x0000,0x0000,0x0000,0x0000,0x0000
	.hword 0x0000,0x0000,0x0000,0x0000,0x0000,0x0000,0x0000,0x0000
	.hword 0x0000,0x0000,0x0000,0x0000,0x0000,0x0000,0x0000,0x0000
	.hword 0x0000,0x0000,0x0000,0x0000,0x0000,0x0000,0x005F,0x0060
	.hword 0x0060,0x0061,0x0062,0x0063,0x0000,0x0000,0x0000,0x0000
	.hword 0x005F,0x0060,0x0060,0x0061,0x0062,0x0063,0x0000,0x0000
	.hword 0x0000,0x0000,0x0000,0x0000,0x0000,0x0000,0x0000,0x0000

	.hword 0x0000,0x0000,0x0000,0x0000,0x0000,0x0000,0x0000,0x0000
	.hword 0x0000,0x0000,0x0000,0x0000,0x0000,0x0000,0x0000,0x0000
	.hword 0x0000,0x0000,0x0000,0x0000,0x0000,0x0000,0x0000,0x0000
	.hword 0x0000,0x0000,0x0000,0x0000,0x0000,0x0000,0x0000,0x0000
	.hword 0x0000,0x0000,0x0000,0x0000,0x0000,0x0000,0x0000,0x0000
	.hword 0x0000,0x0000,0x0000,0x0000,0x0000,0x0000,0x0000,0x0000
	.hword 0x0000,0x0000,0x0000,0x0000,0x0000,0x0000,0x0000,0x0000
	.hword 0x0000,0x0000,0x0000,0x0000,0x0000,0x0000,0x0000,0x0000

	.hword 0x0000,0x0000,0x0000,0x0000,0x0000,0x0000,0x0000,0x0000
	.hword 0x0000,0x0000,0x0000,0x0000,0x0829,0x082A,0x082B,0x082A
	.hword 0x082B,0x082A,0x0C2A,0x0C29,0x0000,0x0000,0x0000,0x0000
	.hword 0x0000,0x0000,0x0000,0x0000,0x0000,0x0000,0x0000,0x0000
	.hword 0x0000,0x0000,0x0000,0x0000,0x0000,0x0000,0x0000,0x0000
	.hword 0x0000,0x0000,0x0000,0x0000,0x0000,0x0000,0x0000,0x0000
	.hword 0x0000,0x0000,0x0000,0x0000,0x0000,0x0000,0x0000,0x0000
	.hword 0x0000,0x0000,0x0000,0x0000,0x0000,0x0000,0x0000,0x0000

	.hword 0x0000,0x0000,0x0000,0x0000,0x0000,0x0000,0x0000,0x0000
	.hword 0x0000,0x0000,0x0000,0x0000,0x0000,0x0000,0x0000,0x0000
	.hword 0x0000,0x0000,0x0000,0x0000,0x0000,0x0000,0x0000,0x0000
	.hword 0x0000,0x0000,0x0000,0x0000,0x0000,0x0000,0x0000,0x0000
	.hword 0x0000,0x0000,0x0000,0x0000,0x0007,0x0452,0x0024,0x0023
	.hword 0x0024,0x0023,0x0024,0x0023,0x0024,0x0023,0x0024,0x0023
	.hword 0x0024,0x0023,0x0024,0x0023,0x0024,0x0023,0x0024,0x0023
	.hword 0x0052,0x0407,0x0000,0x0000,0x0000,0x0000,0x0000,0x0000

	.hword 0x0000,0x0000,0x0000,0x0000,0x0000,0x0000,0x0000,0x0000
	.hword 0x0000,0x0000,0x0000,0x0000,0x0000,0x0000,0x0000,0x0000
	.hword 0x0000,0x0000,0x0000,0x0000,0x0000,0x0000,0x0000,0x0000
	.hword 0x0000,0x0000,0x0000,0x0000,0x0000,0x0000,0x0000,0x0000
	.hword 0x0000,0x0000,0x0000,0x0000,0x0000,0x0000,0x0000,0x0000
	.hword 0x0000,0x0000,0x0000,0x0000,0x0000,0x0000,0x0000,0x0000
	.hword 0x0000,0x0000,0x0000,0x0000,0x0000,0x0000,0x0000,0x0000
	.hword 0x0000,0x0000,0x0000,0x0000,0x0000,0x0000,0x0000,0x0000

	.hword 0x0000,0x0000,0x0000,0x0000,0x0000,0x0000,0x0000,0x0000
	.hword 0x0000,0x0000,0x0000,0x0000,0x0822,0x0823,0x0824,0x0823
	.hword 0x0824,0x0823,0x0C23,0x0C22,0x0000,0x0000,0x0000,0x0000
	.hword 0x0000,0x0000,0x0000,0x0000,0x0000,0x0000,0x0000,0x0000
	.hword 0x0000,0x0000,0x0000,0x0000,0x0000,0x0000,0x0000,0x0000
	.hword 0x0000,0x0000,0x0000,0x0000,0x0000,0x0000,0x0000,0x0000
	.hword 0x0000,0x0000,0x0000,0x0000,0x0000,0x0000,0x0000,0x0000
	.hword 0x0000,0x0000,0x0000,0x0000,0x0000,0x0000,0x0000,0x0000

	.hword 0x0000,0x0000,0x0000,0x0000,0x0000,0x0000,0x0000,0x0000
	.hword 0x0000,0x0000,0x0000,0x0000,0x0000,0x0000,0x0000,0x0000
	.hword 0x0000,0x0000,0x0000,0x0000,0x0000,0x0000,0x0000,0x0000
	.hword 0x0000,0x0000,0x0000,0x0000,0x0000,0x0000,0x0000,0x0000
	.hword 0x0000,0x0000,0x0000,0x0000,0x0009,0x0456,0x0054,0x0055
	.hword 0x0054,0x0055,0x0054,0x0055,0x0054,0x0055,0x0054,0x0055
	.hword 0x0054,0x0055,0x0054,0x0055,0x0054,0x0055,0x0054,0x0055
	.hword 0x0056,0x0409,0x0000,0x0000,0x0000,0x0000,0x0000,0x0000

	.hword 0x0000,0x0000,0x0000,0x0000,0x0000,0x0000,0x0000,0x0000
	.hword 0x0000,0x0000,0x0000,0x0000,0x0000,0x0000,0x0000,0x0000
	.hword 0x0000,0x0000,0x0000,0x0000,0x0000,0x0000,0x0000,0x0000
	.hword 0x0000,0x0000,0x0000,0x0000,0x0000,0x0000,0x0000,0x0000
	.hword 0x0000,0x0000,0x0000,0x0000,0x0000,0x0000,0x0000,0x0000
	.hword 0x0000,0x0000,0x0000,0x0000,0x0000,0x0000,0x0000,0x0000
	.hword 0x0000,0x0000,0x0000,0x0000,0x0000,0x0000,0x0000,0x0000
	.hword 0x0000,0x0000,0x0000,0x0000,0x0000,0x0000,0x0000,0x0000

	.hword 0x0000,0x0000,0x0000,0x0000,0x0000,0x0000,0x0000,0x0000
	.hword 0x0000,0x0000,0x0000,0x0000,0x0000,0x0000,0x0000,0x0000
	.hword 0x0000,0x0000,0x0000,0x0000,0x0000,0x0000,0x0000,0x0000
	.hword 0x0000,0x0000,0x0000,0x0000,0x0000,0x0000,0x0000,0x0000
	.hword 0x0000,0x0000,0x0000,0x0000,0x0000,0x0000,0x0000,0x0000
	.hword 0x0000,0x0000,0x0000,0x0000,0x0000,0x0000,0x0000,0x0000
	.hword 0x0000,0x0000,0x0000,0x0000,0x0000,0x0000,0x0000,0x0000
	.hword 0x0000,0x0000,0x0000,0x0000,0x0000,0x0000,0x0000,0x0000

	.hword 0x0000,0x0000,0x0000,0x0000,0x0000,0x0000,0x0000,0x0000
	.hword 0x0000,0x0000,0x0000,0x0000,0x0000,0x0000,0x0000,0x0000
	.hword 0x0000,0x0000,0x0000,0x0000,0x0000,0x0000,0x0000,0x0000
	.hword 0x0000,0x0000,0x0000,0x0000,0x0000,0x0000,0x0000,0x0000
	.hword 0x0000,0x0000,0x0000,0x0000,0x0000,0x0000,0x0000,0x0000
	.hword 0x0000,0x0000,0x0000,0x0000,0x0000,0x0000,0x0000,0x0000
	.hword 0x0000,0x0000,0x0000,0x0000,0x0000,0x0000,0x0000,0x0000
	.hword 0x0000,0x0000,0x0000,0x0000,0x0000,0x0000,0x0000,0x0000

	.hword 0x0000,0x0000,0x0000,0x0000,0x0000,0x0000,0x0000,0x0000
	.hword 0x0000,0x0000,0x0000,0x0000,0x0000,0x0000,0x0000,0x0000
	.hword 0x0064,0x0065,0x0065,0x0065,0x0065,0x0464,0x0000,0x0000
	.hword 0x0000,0x0000,0x0000,0x0000,0x0000,0x0000,0x0000,0x0000
	.hword 0x0000,0x0000,0x0000,0x0000,0x0000,0x0000,0x0000,0x0000
	.hword 0x0000,0x0000,0x0000,0x0000,0x0000,0x0000,0x0000,0x0000
	.hword 0x0000,0x0000,0x0000,0x0000,0x0000,0x0000,0x0000,0x0000
	.hword 0x0000,0x0000,0x0000,0x0000,0x0066,0x0067,0x0000,0x0000

	.hword 0x0000,0x0000,0x0000,0x0000,0x0000,0x0000,0x0000,0x0000
	.hword 0x0000,0x0000,0x0000,0x0000,0x0000,0x0000,0x0000,0x0000
	.hword 0x0000,0x0000,0x0000,0x0000,0x0000,0x0000,0x0000,0x0000
	.hword 0x0000,0x0000,0x0000,0x0000,0x0000,0x0000,0x0000,0x0000
	.hword 0x0000,0x0000,0x0000,0x0000,0x0000,0x0000,0x0000,0x0000
	.hword 0x0000,0x0000,0x0000,0x0000,0x0000,0x0000,0x0000,0x0000
	.hword 0x0000,0x0000,0x0000,0x0000,0x0000,0x0000,0x0000,0x0000
	.hword 0x0000,0x0000,0x0000,0x0000,0x0000,0x0000,0x0000,0x0000

	.hword 0x0000,0x0000,0x0000,0x0000,0x0000,0x0000,0x0000,0x0000
	.hword 0x0000,0x0000,0x0000,0x0000,0x0000,0x0000,0x0000,0x0000
	.hword 0x0000,0x0000,0x0000,0x0000,0x0000,0x0000,0x0000,0x0000
	.hword 0x0000,0x0000,0x0000,0x0000,0x0000,0x0000,0x0000,0x0000
	.hword 0x0000,0x0000,0x0000,0x0000,0x0000,0x0000,0x0000,0x0000
	.hword 0x0000,0x0000,0x0000,0x0000,0x0000,0x0000,0x0000,0x0000
	.hword 0x0000,0x0000,0x0000,0x0000,0x0000,0x0000,0x0000,0x0000
	.hword 0x0000,0x0000,0x0000,0x0000,0x0000,0x0000,0x0000,0x0000

	.hword 0x0000,0x0000,0x0000,0x0000,0x0000,0x0000,0x0000,0x0000
	.hword 0x0000,0x0000,0x0000,0x0000,0x0000,0x0000,0x0000,0x0000
	.hword 0x0068,0x0069,0x006A,0x006A,0x0469,0x0468,0x0000,0x0000
	.hword 0x0000,0x0000,0x0000,0x0000,0x0000,0x0000,0x0000,0x0000
	.hword 0x0000,0x0000,0x0000,0x0000,0x0000,0x0000,0x0000,0x0000
	.hword 0x0000,0x0000,0x0000,0x0000,0x0000,0x0000,0x0000,0x0000
	.hword 0x0000,0x0000,0x0000,0x0000,0x0000,0x0000,0x0000,0x0000
	.hword 0x0000,0x0000,0x0000,0x0000,0x006B,0x006C,0x0000,0x0000

	.hword 0x0000,0x0000,0x0000,0x0000,0x0000,0x0000,0x0000,0x0000
	.hword 0x0000,0x0000,0x0000,0x0000,0x0000,0x0000,0x0000,0x0000
	.hword 0x0000,0x0000,0x0000,0x0000,0x0000,0x0000,0x0000,0x0000
	.hword 0x0000,0x0000,0x0000,0x0000,0x0000,0x0000,0x0000,0x0000
	.hword 0x0000,0x0000,0x0000,0x0000,0x0000,0x0000,0x0000,0x0000
	.hword 0x0000,0x0000,0x0000,0x0000,0x0000,0x0000,0x0000,0x0000
	.hword 0x0000,0x0000,0x0000,0x0000,0x0000,0x0000,0x0000,0x0000
	.hword 0x0000,0x0000,0x0000,0x0000,0x0000,0x0000,0x0000,0x0000

	.hword 0x0000,0x0000,0x0000,0x0000,0x0000,0x0000,0x0000,0x0000
	.hword 0x0000,0x0000,0x0000,0x0000,0x0000,0x0000,0x0000,0x0000
	.hword 0x0000,0x0000,0x0000,0x0000,0x0000,0x0000,0x0000,0x0000
	.hword 0x0000,0x0000,0x0000,0x0000,0x0000,0x0000,0x0000,0x0000
	.hword 0x0000,0x0000,0x0000,0x0000,0x0000,0x0000,0x0000,0x0000
	.hword 0x0000,0x0000,0x0000,0x0000,0x0000,0x0000,0x0000,0x0000
	.hword 0x0000,0x0000,0x0000,0x0000,0x0000,0x0000,0x0000,0x0000
	.hword 0x0000,0x0000,0x0000,0x0000,0x0000,0x0000,0x0000,0x0000

	.hword 0x0000,0x0000,0x0000,0x0000,0x0000,0x0000,0x0000,0x0000
	.hword 0x0000,0x0000,0x0000,0x0000,0x0000,0x0000,0x0000,0x0000
	.hword 0x0000,0x0000,0x0000,0x0000,0x0000,0x0000,0x0000,0x0000
	.hword 0x0000,0x0000,0x0000,0x0000,0x0000,0x0000,0x0064,0x0065
	.hword 0x0065,0x0065,0x0065,0x0464,0x0000,0x0000,0x0000,0x0000
	.hword 0x0000,0x0000,0x0000,0x0000,0x0000,0x006D,0x006E,0x006F
	.hword 0x0070,0x0071,0x0072,0x0000,0x0000,0x0000,0x0000,0x0000
	.hword 0x0000,0x0000,0x0000,0x0000,0x0073,0x0074,0x0000,0x0000

	.hword 0x0000,0x0000,0x0000,0x0000,0x0000,0x0000,0x0000,0x0000
	.hword 0x0000,0x0000,0x0000,0x0000,0x0000,0x0000,0x0000,0x0000
	.hword 0x0000,0x0000,0x0000,0x0000,0x0000,0x0000,0x0000,0x0000
	.hword 0x0000,0x0000,0x0000,0x0000,0x0000,0x0000,0x0000,0x0000
	.hword 0x0000,0x0000,0x0000,0x0000,0x0000,0x0000,0x0000,0x0000
	.hword 0x0000,0x0000,0x0000,0x0000,0x0000,0x0000,0x0000,0x0000
	.hword 0x0000,0x0000,0x0000,0x0000,0x0000,0x0000,0x0000,0x0000
	.hword 0x0000,0x0000,0x0000,0x0000,0x0000,0x0000,0x0000,0x0000

	.hword 0x0000,0x0000,0x0000,0x0000,0x0000,0x0000,0x0000,0x0000
	.hword 0x0000,0x0000,0x0000,0x0000,0x0000,0x0000,0x0000,0x0000
	.hword 0x0000,0x0000,0x0000,0x0000,0x0000,0x0000,0x0000,0x0000
	.hword 0x0000,0x0000,0x0000,0x0000,0x0000,0x0000,0x0000,0x0000
	.hword 0x0000,0x0000,0x0000,0x0000,0x0000,0x0000,0x0000,0x0000
	.hword 0x0000,0x0000,0x0000,0x0000,0x0000,0x0000,0x0000,0x0000
	.hword 0x0000,0x0000,0x0000,0x0000,0x0000,0x0000,0x0000,0x0000
	.hword 0x0000,0x0000,0x0000,0x0000,0x0000,0x0000,0x0000,0x0000

	.hword 0x0000,0x0000,0x0000,0x0000,0x0000,0x0000,0x0000,0x0000
	.hword 0x0000,0x0000,0x0000,0x0000,0x0000,0x0000,0x0000,0x0000
	.hword 0x0000,0x0000,0x0000,0x0000,0x0000,0x0000,0x0000,0x0000
	.hword 0x0000,0x0000,0x0000,0x0000,0x0000,0x0000,0x0068,0x0069
	.hword 0x006A,0x006A,0x0469,0x0468,0x0000,0x0000,0x0000,0x0000
	.hword 0x0000,0x0000,0x0000,0x0000,0x0075,0x0076,0x0077,0x0078
	.hword 0x0079,0x007A,0x007B,0x0000,0x0000,0x0000,0x0000,0x0000
	.hword 0x0000,0x0000,0x0000,0x0000,0x007C,0x007D,0x0000,0x0000

	.hword 0x0000,0x0000,0x0000,0x0000,0x0000,0x0000,0x0000,0x0000
	.hword 0x0000,0x0000,0x0000,0x0000,0x0000,0x0000,0x0000,0x0000
	.hword 0x0000,0x0000,0x0000,0x0000,0x0000,0x0000,0x0000,0x0000
	.hword 0x0000,0x0000,0x0000,0x0000,0x0001,0x0002,0x0002,0x0002
	.hword 0x0002,0x0401,0x0000,0x0000,0x0000,0x0000,0x0000,0x0000
	.hword 0x0000,0x0000,0x0000,0x0000,0x0000,0x0000,0x0000,0x0000
	.hword 0x0000,0x0000,0x0000,0x0000,0x0000,0x0000,0x0000,0x0000
	.hword 0x0000,0x0000,0x0000,0x0000,0x0000,0x0000,0x0000,0x0000

	.hword 0x0000,0x0000,0x0000,0x0000,0x0000,0x0000,0x0000,0x0000
	.hword 0x0000,0x0000,0x0000,0x0000,0x0000,0x0000,0x0000,0x0000
	.hword 0x0000,0x0000,0x0000,0x0000,0x0000,0x0000,0x0000,0x0000
	.hword 0x0000,0x0000,0x0000,0x0000,0x0000,0x0000,0x0000,0x0000
	.hword 0x0000,0x0000,0x0000,0x0000,0x0000,0x0000,0x0000,0x0000
	.hword 0x0000,0x0000,0x0000,0x0000,0x0000,0x0000,0x0000,0x0000
	.hword 0x0000,0x0000,0x0000,0x0000,0x0000,0x0000,0x0000,0x0000
	.hword 0x0000,0x0000,0x0000,0x0000,0x0000,0x0000,0x0000,0x0000

	.hword 0x0000,0x0000,0x0000,0x0000,0x0000,0x0000,0x0000,0x0000
	.hword 0x0000,0x0000,0x0000,0x0000,0x0000,0x0000,0x0000,0x0000
	.hword 0x0000,0x0000,0x0000,0x0000,0x0000,0x0000,0x0000,0x0000
	.hword 0x0000,0x0000,0x0000,0x0000,0x0000,0x0000,0x0000,0x0000
	.hword 0x0000,0x0000,0x0000,0x0000,0x0000,0x0000,0x0000,0x0000
	.hword 0x0000,0x0000,0x0000,0x0000,0x007E,0x007F,0x0080,0x0081
	.hword 0x0082,0x0083,0x0084,0x0085,0x0086,0x0087,0x0000,0x0000
	.hword 0x0088,0x0089,0x0000,0x0000,0x0073,0x0074,0x0000,0x0000

	.hword 0x0000,0x0000,0x0000,0x0000,0x0000,0x0000,0x0000,0x0000
	.hword 0x0000,0x0000,0x0000,0x0000,0x0000,0x0000,0x0000,0x0000
	.hword 0x0000,0x0000,0x0000,0x0000,0x0000,0x0000,0x0000,0x0000
	.hword 0x0000,0x0000,0x0000,0x0000,0x0003,0x0004,0x0004,0x0004
	.hword 0x0004,0x0403,0x0000,0x0000,0x0000,0x0000,0x0000,0x0000
	.hword 0x0000,0x0000,0x0000,0x0000,0x0000,0x0000,0x0000,0x0000
	.hword 0x0000,0x0000,0x0000,0x0000,0x0000,0x0000,0x0000,0x0000
	.hword 0x0000,0x0000,0x0000,0x0000,0x0000,0x0000,0x0000,0x0000

	.hword 0x0000,0x0000,0x0000,0x0000,0x0000,0x0000,0x0000,0x0000
	.hword 0x0000,0x0000,0x0000,0x0000,0x0000,0x0000,0x0000,0x0000
	.hword 0x0000,0x0000,0x0000,0x0000,0x0000,0x0000,0x0000,0x0000
	.hword 0x0000,0x0000,0x0000,0x0000,0x0000,0x0000,0x0000,0x0000
	.hword 0x0000,0x0000,0x0000,0x0000,0x0000,0x0000,0x0000,0x0000
	.hword 0x008A,0x0000,0x0000,0x0000,0x0000,0x0000,0x0000,0x0000
	.hword 0x0000,0x0000,0x0000,0x0000,0x0000,0x0000,0x0000,0x0000
	.hword 0x0000,0x0000,0x0000,0x0000,0x0000,0x0000,0x0000,0x0000

	.hword 0x0000,0x0000,0x0000,0x0000,0x0000,0x0000,0x0000,0x0000
	.hword 0x0000,0x0000,0x0000,0x0000,0x0000,0x0000,0x0000,0x0000
	.hword 0x0000,0x0000,0x0000,0x0000,0x0000,0x0000,0x0000,0x0000
	.hword 0x0000,0x0000,0x0000,0x0000,0x0000,0x0000,0x0000,0x0000
	.hword 0x0000,0x0000,0x0000,0x0000,0x0000,0x0000,0x0000,0x0000
	.hword 0x0000,0x0000,0x0000,0x0000,0x008B,0x008C,0x008D,0x008E
	.hword 0x008F,0x0090,0x0091,0x0885,0x0092,0x0093,0x0094,0x0095
	.hword 0x0096,0x0097,0x0000,0x0000,0x007C,0x007D,0x0000,0x0000

	.hword 0x0000,0x0000,0x0000,0x0000,0x0000,0x0000,0x0000,0x0000
	.hword 0x0000,0x0000,0x0000,0x0000,0x0000,0x0000,0x0000,0x0000
	.hword 0x0000,0x0000,0x0000,0x0000,0x0000,0x0000,0x0000,0x0000
	.hword 0x0000,0x0000,0x0000,0x0000,0x0003,0x0004,0x0004,0x0004
	.hword 0x0004,0x0403,0x0000,0x0000,0x0000,0x0000,0x0000,0x0000
	.hword 0x0000,0x0000,0x0000,0x0000,0x0000,0x0000,0x0000,0x0000
	.hword 0x0000,0x0000,0x0000,0x0000,0x0000,0x0000,0x0000,0x0000
	.hword 0x0000,0x0000,0x0000,0x0000,0x0000,0x0000,0x0000,0x0000

	.hword 0x0000,0x0000,0x0000,0x0000,0x0000,0x0000,0x0000,0x0000
	.hword 0x0000,0x0000,0x0000,0x0000,0x0000,0x0000,0x0000,0x0000
	.hword 0x0000,0x0000,0x0000,0x0000,0x0000,0x0000,0x0000,0x0000
	.hword 0x0000,0x0000,0x0000,0x0000,0x0000,0x0000,0x0000,0x0000
	.hword 0x0000,0x0000,0x0000,0x0000,0x0000,0x0000,0x0000,0x0000
	.hword 0x0000,0x0000,0x0000,0x0000,0x0000,0x0000,0x0000,0x0000
	.hword 0x0000,0x0000,0x0000,0x0000,0x0000,0x0000,0x0000,0x0000
	.hword 0x0000,0x0000,0x0000,0x0000,0x0000,0x0000,0x0000,0x0000

	.hword 0x0000,0x0000,0x0000,0x0000,0x0000,0x0000,0x0000,0x0000
	.hword 0x0000,0x0000,0x0000,0x0000,0x0000,0x0000,0x0000,0x0000
	.hword 0x0000,0x0000,0x0000,0x0000,0x0000,0x0000,0x0000,0x0000
	.hword 0x0000,0x0000,0x0000,0x0000,0x0000,0x0000,0x0000,0x0000
	.hword 0x0000,0x0000,0x0000,0x0000,0x0000,0x0000,0x0000,0x0000
	.hword 0x0000,0x0000,0x0000,0x0000,0x000F,0x0010,0x0046,0x0047
	.hword 0x0000,0x0098,0x0099,0x0000,0x009A,0x009B,0x009C,0x009D
	.hword 0x009E,0x009F,0x0000,0x0000,0x0073,0x0074,0x0000,0x0000

	.hword 0x0000,0x0000,0x0000,0x0000,0x0000,0x0000,0x0000,0x0000
	.hword 0x0000,0x0000,0x0000,0x0000,0x0000,0x0000,0x0000,0x0000
	.hword 0x0000,0x0000,0x0000,0x0000,0x0000,0x0000,0x0000,0x0000
	.hword 0x0000,0x0000,0x0000,0x0000,0x0003,0x0004,0x0004,0x0004
	.hword 0x0004,0x0403,0x0000,0x0000,0x0000,0x0000,0x0000,0x0000
	.hword 0x0000,0x0000,0x0000,0x0000,0x0000,0x0000,0x0000,0x0000
	.hword 0x0000,0x0000,0x0000,0x0000,0x0000,0x0000,0x0000,0x0000
	.hword 0x0000,0x0000,0x0000,0x0000,0x0000,0x0000,0x0000,0x0000

	.hword 0x0000,0x0000,0x0000,0x0000,0x0000,0x0000,0x0000,0x0000
	.hword 0x0000,0x0000,0x0000,0x0000,0x0000,0x0000,0x0000,0x0000
	.hword 0x0000,0x0000,0x0000,0x0000,0x0000,0x0000,0x0000,0x0000
	.hword 0x0000,0x0000,0x0000,0x0000,0x0000,0x0000,0x0000,0x0000
	.hword 0x0000,0x0000,0x0000,0x0000,0x0000,0x0000,0x0000,0x0000
	.hword 0x0000,0x0000,0x0000,0x0000,0x0000,0x0000,0x0000,0x0000
	.hword 0x0000,0x0000,0x0000,0x0000,0x0000,0x0000,0x0000,0x0000
	.hword 0x0000,0x0000,0x0000,0x0000,0x0000,0x0000,0x0000,0x0000

	.hword 0x0000,0x0000,0x0000,0x0000,0x0000,0x0000,0x0000,0x0000
	.hword 0x0000,0x0000,0x0000,0x0000,0x0000,0x0000,0x0000,0x0000
	.hword 0x0000,0x0000,0x0000,0x0000,0x0000,0x0000,0x0000,0x0000
	.hword 0x0000,0x0000,0x0000,0x0000,0x0000,0x0000,0x0000,0x0000
	.hword 0x0000,0x0000,0x0000,0x0000,0x0000,0x0000,0x0000,0x0000
	.hword 0x0000,0x0000,0x0018,0x0019,0x001A,0x001B,0x0048,0x0049
	.hword 0x0000,0x00A0,0x00A1,0x0000,0x00A2,0x00A3,0x00A4,0x00A5
	.hword 0x00A6,0x00A7,0x0000,0x0000,0x007C,0x007D,0x0000,0x0000

	.hword 0x0000,0x0000,0x0000,0x0000,0x0001,0x0002,0x0002,0x0002
	.hword 0x0002,0x0401,0x0000,0x0000,0x0000,0x0000,0x0000,0x0000
	.hword 0x0000,0x0000,0x0000,0x0000,0x0000,0x0000,0x0000,0x0000
	.hword 0x0000,0x0000,0x0000,0x0000,0x0003,0x0004,0x0004,0x0004
	.hword 0x0004,0x0403,0x0000,0x0000,0x0000,0x0000,0x0000,0x0000
	.hword 0x0000,0x0000,0x0000,0x0000,0x0000,0x0000,0x0000,0x0000
	.hword 0x0000,0x0000,0x0000,0x0000,0x0000,0x0000,0x0000,0x0000
	.hword 0x0000,0x0000,0x0000,0x0000,0x0000,0x0000,0x0000,0x0000

	.hword 0x0000,0x0000,0x0000,0x0000,0x0000,0x0000,0x0000,0x0000
	.hword 0x0000,0x0000,0x0000,0x0000,0x0000,0x0000,0x0000,0x0000
	.hword 0x0001,0x0002,0x0002,0x0002,0x0002,0x0401,0x0000,0x0000
	.hword 0x0000,0x0000,0x0000,0x0000,0x0000,0x0000,0x0000,0x0000
	.hword 0x0000,0x0000,0x0000,0x0000,0x0000,0x0000,0x0000,0x0000
	.hword 0x0000,0x0000,0x0000,0x0000,0x0000,0x0000,0x0000,0x0000
	.hword 0x0000,0x0000,0x0000,0x0000,0x0000,0x0000,0x0000,0x0000
	.hword 0x0000,0x0000,0x0000,0x0000,0x0000,0x0000,0x0000,0x0000

	.hword 0x0000,0x0000,0x0000,0x0000,0x0000,0x0000,0x0000,0x0000
	.hword 0x0000,0x0000,0x0000,0x0000,0x0000,0x0000,0x0000,0x0000
	.hword 0x0000,0x0000,0x0000,0x0000,0x0064,0x0065,0x0065,0x0065
	.hword 0x0065,0x0464,0x0000,0x0000,0x0000,0x0000,0x0000,0x0000
	.hword 0x0000,0x0000,0x0000,0x0000,0x0030,0x0430,0x0031,0x0032
	.hword 0x0022,0x0023,0x0024,0x0023,0x0024,0x0023,0x0024,0x0023
	.hword 0x0024,0x0023,0x0024,0x0023,0x0024,0x0023,0x0024,0x0023
	.hword 0x0024,0x0023,0x0024,0x0023,0x0024,0x0023,0x0024,0x0023

	.hword 0x0000,0x0000,0x0000,0x0000,0x0003,0x0004,0x0004,0x0004
	.hword 0x0004,0x0403,0x0000,0x0000,0x0000,0x0000,0x0000,0x0000
	.hword 0x0000,0x0000,0x0000,0x0000,0x0000,0x0000,0x0000,0x0000
	.hword 0x0000,0x0000,0x0000,0x0000,0x0005,0x0006,0x0006,0x0006
	.hword 0x0006,0x0405,0x0000,0x0000,0x0000,0x0000,0x0000,0x0000
	.hword 0x0000,0x0000,0x0000,0x0000,0x0000,0x0000,0x0000,0x0000
	.hword 0x0000,0x0000,0x0000,0x0000,0x0000,0x0000,0x0000,0x0000
	.hword 0x0000,0x0000,0x0000,0x0000,0x0000,0x0000,0x0000,0x0000

	.hword 0x0000,0x0000,0x0000,0x0000,0x0000,0x0000,0x0000,0x0000
	.hword 0x0000,0x0000,0x0000,0x0000,0x0000,0x0000,0x0000,0x0000
	.hword 0x0003,0x0004,0x0004,0x0004,0x0004,0x0403,0x0000,0x0000
	.hword 0x0000,0x0000,0x0000,0x0000,0x0000,0x0000,0x0000,0x0000
	.hword 0x0000,0x0000,0x0000,0x0000,0x0000,0x0000,0x0000,0x0000
	.hword 0x0000,0x0000,0x0000,0x0000,0x0000,0x0000,0x0000,0x0000
	.hword 0x0000,0x0000,0x0000,0x0000,0x0000,0x0000,0x0000,0x0000
	.hword 0x0000,0x0000,0x0000,0x0000,0x0000,0x0000,0x0000,0x0000

	.hword 0x0000,0x0000,0x0000,0x0000,0x0000,0x0000,0x0000,0x0000
	.hword 0x0000,0x0000,0x0000,0x0000,0x0000,0x0000,0x0000,0x0000
	.hword 0x0000,0x0000,0x0000,0x0000,0x0068,0x0069,0x006A,0x006A
	.hword 0x0469,0x0468,0x0000,0x0000,0x0000,0x0000,0x0000,0x0000
	.hword 0x0000,0x0000,0x0000,0x0000,0x003B,0x003C,0x003D,0x003E
	.hword 0x0029,0x002A,0x002B,0x002A,0x002B,0x002A,0x002B,0x002A
	.hword 0x002B,0x002A,0x002B,0x002A,0x002B,0x002A,0x002B,0x002A
	.hword 0x002B,0x002A,0x002B,0x002A,0x002B,0x002A,0x002B,0x002A

	.hword 0x0000,0x0000,0x0000,0x0000,0x0003,0x0004,0x0004,0x0004
	.hword 0x0004,0x0403,0x0000,0x0000,0x0000,0x0000,0x0000,0x0000
	.hword 0x0000,0x0000,0x0000,0x0000,0x0000,0x0000,0x0000,0x0000
	.hword 0x0000,0x0000,0x0000,0x0000,0x0000,0x0000,0x0000,0x0000
	.hword 0x0000,0x0000,0x0000,0x0000,0x0000,0x0000,0x0000,0x0000
	.hword 0x0000,0x0000,0x0000,0x0000,0x0000,0x0000,0x0000,0x0000
	.hword 0x0000,0x0000,0x0000,0x0000,0x0000,0x0000,0x0000,0x0000
	.hword 0x0000,0x0000,0x0000,0x0000,0x0000,0x0000,0x0000,0x0000

	.hword 0x0000,0x0000,0x0000,0x0000,0x0000,0x0000,0x0000,0x0000
	.hword 0x0000,0x0000,0x0000,0x0000,0x0000,0x0000,0x0000,0x0000
	.hword 0x0003,0x0004,0x0004,0x0004,0x0004,0x0403,0x0000,0x0000
	.hword 0x0000,0x0000,0x0000,0x0000,0x0000,0x0000,0x0000,0x0000
	.hword 0x0000,0x0000,0x0000,0x0000,0x0000,0x0000,0x0000,0x0000
	.hword 0x0000,0x0000,0x0000,0x0000,0x0000,0x0000,0x0000,0x0000
	.hword 0x0000,0x0000,0x0000,0x0000,0x0000,0x0000,0x0000,0x0000
	.hword 0x0000,0x0000,0x0000,0x0000,0x0000,0x0000,0x0000,0x0000

	.hword 0x0000,0x0000,0x0000,0x0000,0x0000,0x0000,0x0000,0x0000
	.hword 0x0000,0x0000,0x0000,0x0000,0x0000,0x0000,0x0000,0x0000
	.hword 0x0000,0x0000,0x0000,0x0000,0x0000,0x0000,0x0000,0x0000
	.hword 0x0000,0x0000,0x0000,0x0000,0x0000,0x0000,0x0000,0x0000
	.hword 0x0000,0x0000,0x0000,0x0000,0x0022,0x0023,0x0024,0x0023
	.hword 0x044F,0x004E,0x004C,0x004D,0x004C,0x004D,0x004C,0x004D
	.hword 0x004C,0x004D,0x004C,0x004D,0x004C,0x004D,0x004C,0x004D
	.hword 0x004C,0x004D,0x004C,0x004D,0x004C,0x004D,0x004C,0x004D

	.hword 0x0000,0x0000,0x0000,0x0000,0x0003,0x0004,0x0004,0x0004
	.hword 0x0004,0x0403,0x0000,0x0000,0x0000,0x0000,0x0000,0x0000
	.hword 0x0000,0x0000,0x0000,0x0000,0x0000,0x0000,0x0000,0x0000
	.hword 0x0000,0x0000,0x0000,0x0000,0x0000,0x0000,0x0000,0x0000
	.hword 0x0000,0x0000,0x0000,0x0000,0x0000,0x0000,0x0000,0x0000
	.hword 0x0000,0x0000,0x0000,0x0000,0x0000,0x0000,0x0000,0x0000
	.hword 0x0000,0x0000,0x0000,0x0000,0x0000,0x0000,0x0000,0x0000
	.hword 0x0000,0x0000,0x0000,0x0000,0x0000,0x0000,0x0000,0x0000

	.hword 0x0000,0x0000,0x0000,0x0000,0x0000,0x0000,0x0000,0x0000
	.hword 0x0000,0x0000,0x0000,0x0000,0x0000,0x0000,0x0000,0x0000
	.hword 0x0003,0x0004,0x0004,0x0004,0x0004,0x0403,0x0000,0x0000
	.hword 0x0000,0x0000,0x0000,0x0000,0x0000,0x0000,0x0000,0x0000
	.hword 0x0000,0x0000,0x0000,0x0000,0x0000,0x0000,0x0000,0x0000
	.hword 0x0000,0x0000,0x0000,0x0000,0x0000,0x0000,0x0000,0x0000
	.hword 0x0000,0x0000,0x0000,0x0000,0x0000,0x0000,0x0000,0x0000
	.hword 0x0000,0x0000,0x0000,0x0000,0x0000,0x0000,0x0000,0x0000

	.hword 0x0000,0x0000,0x0000,0x0000,0x0000,0x0000,0x0000,0x0000
	.hword 0x0000,0x0000,0x0000,0x0000,0x0000,0x0000,0x0000,0x0000
	.hword 0x0000,0x0000,0x0000,0x0000,0x0000,0x0000,0x0000,0x0000
	.hword 0x0000,0x0000,0x0000,0x0000,0x0000,0x0000,0x0000,0x0000
	.hword 0x0000,0x0000,0x0000,0x0000,0x0029,0x002A,0x002B,0x002A
	.hword 0x002B,0x002A,0x002B,0x002A,0x002B,0x002A,0x002B,0x002A
	.hword 0x002B,0x002A,0x002B,0x002A,0x002B,0x002A,0x002B,0x002A
	.hword 0x002B,0x002A,0x002B,0x002A,0x002B,0x002A,0x002B,0x002A

	.hword 0x0000,0x0000,0x0000,0x0000,0x0003,0x0004,0x0004,0x0004
	.hword 0x0004,0x0403,0x0000,0x0000,0x0000,0x0000,0x0000,0x0000
	.hword 0x0000,0x0000,0x0000,0x0000,0x0000,0x0000,0x0000,0x0000
	.hword 0x0000,0x0000,0x0000,0x0000,0x0000,0x0000,0x0000,0x0000
	.hword 0x0000,0x0000,0x0000,0x0000,0x0000,0x0000,0x0000,0x0000
	.hword 0x0000,0x0000,0x0000,0x0000,0x0001,0x0002,0x0002,0x0002
	.hword 0x0002,0x0401,0x0000,0x0000,0x0000,0x0000,0x0000,0x0000
	.hword 0x0000,0x0000,0x0000,0x0000,0x0000,0x0000,0x0000,0x0000

	.hword 0x0000,0x0000,0x0000,0x0000,0x0000,0x0000,0x0000,0x0000
	.hword 0x0000,0x0000,0x0000,0x0000,0x0000,0x0000,0x0000,0x0000
	.hword 0x0003,0x0004,0x0004,0x0004,0x0004,0x0403,0x0000,0x0000
	.hword 0x0000,0x0000,0x0000,0x0000,0x0000,0x0000,0x0000,0x0000
	.hword 0x0000,0x0000,0x0000,0x0000,0x0000,0x0000,0x0000,0x0000
	.hword 0x0000,0x0000,0x0001,0x0002,0x0002,0x0002,0x0002,0x0401
	.hword 0x0000,0x0000,0x0000,0x0000,0x0000,0x0000,0x0000,0x0000
	.hword 0x0000,0x0000,0x0000,0x0000,0x0000,0x0000,0x0000,0x0000

	.hword 0x0000,0x0000,0x0000,0x0000,0x0000,0x0000,0x0000,0x0000
	.hword 0x0000,0x0000,0x0000,0x0000,0x0000,0x0000,0x0000,0x0000
	.hword 0x0000,0x0000,0x0000,0x0000,0x0000,0x0000,0x0000,0x0000
	.hword 0x0000,0x0000,0x0000,0x0000,0x0000,0x0000,0x0000,0x0000
	.hword 0x0000,0x0000,0x0000,0x0000,0x0053,0x082A,0x082B,0x082A
	.hword 0x082B,0x082A,0x082B,0x082A,0x082B,0x082A,0x082B,0x082A
	.hword 0x082B,0x082A,0x082B,0x082A,0x082B,0x082A,0x082B,0x082A
	.hword 0x082B,0x082A,0x082B,0x082A,0x082B,0x082A,0x082B,0x082A

	.hword 0x0000,0x0000,0x0000,0x0000,0x0005,0x0006,0x0006,0x0006
	.hword 0x0006,0x0405,0x0000,0x0000,0x0000,0x0000,0x0000,0x0000
	.hword 0x0000,0x0000,0x0000,0x0000,0x0000,0x0000,0x0000,0x0000
	.hword 0x0000,0x0000,0x0000,0x0000,0x0000,0x0000,0x0000,0x0000
	.hword 0x0000,0x0000,0x0000,0x0000,0x0000,0x0000,0x0000,0x0000
	.hword 0x0000,0x0000,0x0000,0x0000,0x0003,0x0004,0x0004,0x0004
	.hword 0x0004,0x0403,0x0000,0x0000,0x0000,0x0000,0x0000,0x0000
	.hword 0x0000,0x0000,0x0000,0x0000,0x0000,0x0000,0x0000,0x0000

	.hword 0x0000,0x0000,0x0000,0x0000,0x0000,0x0000,0x0000,0x0000
	.hword 0x0000,0x0000,0x0000,0x0000,0x0000,0x0000,0x0000,0x0000
	.hword 0x0005,0x0006,0x0006,0x0006,0x0006,0x0405,0x0000,0x0000
	.hword 0x0000,0x0000,0x0000,0x0000,0x0000,0x0000,0x0000,0x0000
	.hword 0x0000,0x0000,0x0000,0x0000,0x0000,0x0000,0x0000,0x0000
	.hword 0x0000,0x0000,0x0003,0x0004,0x0004,0x0004,0x0004,0x0403
	.hword 0x0000,0x0000,0x0000,0x0000,0x0000,0x0000,0x0000,0x0000
	.hword 0x0000,0x0000,0x0000,0x0000,0x0000,0x0000,0x0000,0x0000

	.hword 0x0000,0x0000,0x0000,0x0000,0x0000,0x0000,0x0000,0x0000
	.hword 0x0000,0x0000,0x0000,0x0000,0x0000,0x0000,0x0000,0x0000
	.hword 0x0000,0x0000,0x0000,0x0000,0x0000,0x0000,0x0000,0x0000
	.hword 0x0000,0x0000,0x0000,0x0000,0x0000,0x0000,0x0000,0x0000
	.hword 0x0000,0x0000,0x0000,0x0000,0x0057,0x0058,0x0059,0x0058
	.hword 0x0059,0x0058,0x0059,0x0058,0x0059,0x0058,0x0059,0x0058
	.hword 0x0059,0x0058,0x0059,0x0058,0x0059,0x0058,0x0059,0x0058
	.hword 0x0059,0x0058,0x0059,0x0058,0x0059,0x0058,0x0059,0x0058

	.hword 0x0000,0x0000,0x0000,0x0000,0x0000,0x0000,0x0000,0x0000
	.hword 0x0000,0x0000,0x0000,0x0000,0x0000,0x0000,0x0000,0x0000
	.hword 0x0000,0x0000,0x0000,0x0000,0x0000,0x0000,0x0000,0x0000
	.hword 0x0000,0x0000,0x0000,0x0000,0x0000,0x0000,0x0000,0x0000
	.hword 0x0000,0x0000,0x0000,0x0000,0x0000,0x0000,0x0000,0x0000
	.hword 0x0000,0x0000,0x0000,0x0000,0x0003,0x0004,0x0004,0x0004
	.hword 0x0004,0x0403,0x0000,0x0000,0x0000,0x0000,0x0000,0x0000
	.hword 0x0000,0x0000,0x0000,0x0000,0x0000,0x0000,0x0000,0x0000

	.hword 0x0000,0x0000,0x0000,0x0000,0x0000,0x0000,0x0000,0x0000
	.hword 0x0000,0x0000,0x0000,0x0000,0x0000,0x0000,0x0000,0x0000
	.hword 0x0000,0x0000,0x0000,0x0000,0x0000,0x0000,0x0000,0x0000
	.hword 0x0000,0x0000,0x0000,0x0000,0x0000,0x0000,0x0000,0x0000
	.hword 0x0000,0x0000,0x0000,0x0000,0x0000,0x0000,0x0000,0x0000
	.hword 0x0000,0x0000,0x0003,0x0004,0x0004,0x0004,0x0004,0x0403
	.hword 0x0000,0x0000,0x0000,0x0000,0x0000,0x0000,0x0000,0x0000
	.hword 0x0000,0x0000,0x0000,0x0000,0x0000,0x0000,0x0000,0x0000

	.hword 0x0000,0x0000,0x0000,0x0000,0x0000,0x0000,0x0000,0x0000
	.hword 0x0000,0x0000,0x0000,0x0000,0x0064,0x0065,0x0065,0x0065
	.hword 0x0065,0x0464,0x0000,0x0000,0x0000,0x0000,0x0000,0x0000
	.hword 0x0000,0x0000,0x0000,0x0000,0x0000,0x0000,0x0000,0x0000
	.hword 0x0000,0x0000,0x0000,0x0000,0x0000,0x0000,0x0000,0x0000
	.hword 0x00A8,0x00A9,0x00A8,0x00A9,0x00A8,0x00AA,0x00A8,0x00A9
	.hword 0x00A8,0x00A9,0x00A8,0x00A9,0x00A8,0x00A9,0x00A8,0x00A9
	.hword 0x00A8,0x00A9,0x00A8,0x00A9,0x00A8,0x00A9,0x00A8,0x00A9

	.hword 0x0000,0x0000,0x0000,0x0000,0x0000,0x0000,0x0000,0x0000
	.hword 0x0000,0x0000,0x0000,0x0000,0x0000,0x0000,0x0000,0x0000
	.hword 0x0000,0x0000,0x0000,0x0000,0x0000,0x0000,0x0000,0x0000
	.hword 0x0000,0x0000,0x0000,0x0000,0x0000,0x0000,0x0000,0x0000
	.hword 0x0000,0x0000,0x0000,0x0000,0x0000,0x0000,0x0000,0x0000
	.hword 0x0000,0x0000,0x0000,0x0000,0x0003,0x0004,0x0004,0x0004
	.hword 0x0004,0x0403,0x0000,0x0000,0x0000,0x0000,0x0000,0x0000
	.hword 0x0000,0x0000,0x0000,0x0000,0x0000,0x0000,0x0000,0x0000

	.hword 0x0000,0x0000,0x0000,0x0000,0x0000,0x0000,0x0000,0x0000
	.hword 0x0000,0x0000,0x0000,0x0000,0x0000,0x0000,0x0000,0x0000
	.hword 0x0000,0x0000,0x0000,0x0000,0x0000,0x0000,0x0000,0x0000
	.hword 0x0000,0x0000,0x0000,0x0000,0x0000,0x0000,0x0000,0x0000
	.hword 0x0000,0x0000,0x0000,0x0000,0x0000,0x0000,0x0000,0x0000
	.hword 0x0000,0x0000,0x0003,0x0004,0x0004,0x0004,0x0004,0x0403
	.hword 0x0000,0x0000,0x0000,0x0000,0x0000,0x0000,0x0000,0x0000
	.hword 0x0000,0x0000,0x0000,0x0000,0x0000,0x0000,0x0000,0x0000

	.hword 0x0000,0x0000,0x0000,0x0000,0x0000,0x0000,0x0000,0x0000
	.hword 0x0000,0x0000,0x0000,0x0000,0x0068,0x0069,0x006A,0x006A
	.hword 0x0469,0x0468,0x0000,0x0000,0x0000,0x0000,0x0000,0x0000
	.hword 0x0000,0x0000,0x0000,0x0000,0x0000,0x0000,0x0000,0x0000
	.hword 0x0000,0x0000,0x0000,0x0000,0x0000,0x0000,0x0000,0x0000
	.hword 0x00AB,0x00AC,0x00AD,0x00AE,0x00AB,0x00AC,0x00AD,0x00AE
	.hword 0x00AB,0x00AC,0x00AD,0x00AE,0x00AB,0x00AC,0x00AD,0x00AE
	.hword 0x00AB,0x00AC,0x00AB,0x00AC,0x00AB,0x00AC,0x00AB,0x00AC

	.hword 0x0000,0x0000,0x0000,0x0000,0x0000,0x0000,0x0000,0x0000
	.hword 0x0000,0x0000,0x0000,0x0000,0x0000,0x0000,0x0000,0x0000
	.hword 0x0000,0x0000,0x0000,0x0000,0x0000,0x0000,0x0000,0x0000
	.hword 0x0000,0x0000,0x0000,0x0000,0x0000,0x0000,0x0000,0x0000
	.hword 0x0000,0x0000,0x0000,0x0000,0x0000,0x0000,0x0000,0x0000
	.hword 0x0000,0x0000,0x0000,0x0000,0x0003,0x0004,0x0004,0x0004
	.hword 0x0004,0x0403,0x0000,0x0000,0x0000,0x0000,0x0000,0x0000
	.hword 0x0000,0x0000,0x0000,0x0000,0x0000,0x0000,0x0000,0x0000

	.hword 0x0000,0x0000,0x0000,0x0000,0x0000,0x0000,0x0000,0x0000
	.hword 0x0000,0x0000,0x0000,0x0000,0x0000,0x0000,0x0000,0x0000
	.hword 0x0000,0x0000,0x0000,0x0000,0x0000,0x0000,0x0000,0x0000
	.hword 0x0000,0x0000,0x0000,0x0000,0x0000,0x0000,0x0000,0x0000
	.hword 0x0000,0x0000,0x0000,0x0000,0x0000,0x0000,0x0000,0x0000
	.hword 0x0000,0x0000,0x0003,0x0004,0x0004,0x0004,0x0004,0x0403
	.hword 0x0000,0x0000,0x0000,0x0000,0x0000,0x0000,0x0000,0x0000
	.hword 0x0000,0x0000,0x0000,0x0000,0x0000,0x0000,0x0000,0x0000

	.hword 0x0000,0x0000,0x0064,0x0065,0x0065,0x0065,0x0065,0x0464
	.hword 0x0000,0x0000,0x0000,0x0000,0x0000,0x0000,0x0000,0x0000
	.hword 0x0000,0x0000,0x0000,0x0000,0x0000,0x0000,0x0000,0x0000
	.hword 0x0000,0x0000,0x0000,0x0000,0x0000,0x0000,0x0000,0x0000
	.hword 0x0030,0x0430,0x0031,0x0032,0x00AF,0x00B0,0x0000,0x0000
	.hword 0x0000,0x0000,0x0000,0x0000,0x0000,0x0000,0x0000,0x0000
	.hword 0x0000,0x0000,0x0000,0x0000,0x0033,0x0034,0x0035,0x0036
	.hword 0x0000,0x0000,0x0000,0x0000,0x0000,0x0000,0x0000,0x0000

	.hword 0x0000,0x0000,0x0000,0x0000,0x0000,0x0000,0x0000,0x0000
	.hword 0x0000,0x0000,0x0000,0x0000,0x0000,0x0000,0x0000,0x0000
	.hword 0x0000,0x0000,0x0000,0x0000,0x0000,0x0000,0x0000,0x0000
	.hword 0x0000,0x0000,0x0000,0x0000,0x0000,0x0000,0x0000,0x0000
	.hword 0x0000,0x0000,0x0000,0x0000,0x0000,0x0000,0x0000,0x0000
	.hword 0x0000,0x0000,0x0000,0x0000,0x0005,0x0006,0x0006,0x0006
	.hword 0x0006,0x0405,0x0000,0x0000,0x0000,0x0000,0x0000,0x0000
	.hword 0x0000,0x0000,0x0000,0x0000,0x0000,0x0000,0x0000,0x0000

	.hword 0x0000,0x0000,0x0000,0x0000,0x0000,0x0000,0x0000,0x0000
	.hword 0x0000,0x0000,0x0000,0x0000,0x0000,0x0000,0x0000,0x0000
	.hword 0x0000,0x0000,0x0000,0x0000,0x0000,0x0000,0x0000,0x0000
	.hword 0x0000,0x0000,0x0000,0x0000,0x0000,0x0000,0x0000,0x0000
	.hword 0x0000,0x0000,0x0000,0x0000,0x0000,0x0000,0x0000,0x0000
	.hword 0x0000,0x0000,0x0005,0x0006,0x0006,0x0006,0x0006,0x0405
	.hword 0x0000,0x0000,0x0000,0x0000,0x0000,0x0000,0x0000,0x0000
	.hword 0x0000,0x0000,0x0000,0x0000,0x0000,0x0000,0x0000,0x0000

	.hword 0x0000,0x0000,0x0068,0x0069,0x006A,0x006A,0x0469,0x0468
	.hword 0x0000,0x0000,0x0000,0x0000,0x0000,0x0000,0x0000,0x0000
	.hword 0x0000,0x0000,0x0000,0x0000,0x0000,0x0000,0x0000,0x0000
	.hword 0x0000,0x0000,0x0000,0x0000,0x0000,0x0000,0x0000,0x0000
	.hword 0x003B,0x003C,0x003D,0x003E,0x00B1,0x00B2,0x0000,0x0000
	.hword 0x0000,0x0000,0x0018,0x0019,0x0000,0x0000,0x0000,0x0000
	.hword 0x0000,0x0000,0x0000,0x0000,0x003F,0x0040,0x0041,0x0042
	.hword 0x0000,0x0000,0x0000,0x0000,0x0000,0x0000,0x0000,0x0000

	.hword 0x0000,0x0000,0x0000,0x0000,0x0000,0x0000,0x0000,0x0000
	.hword 0x0000,0x0000,0x0000,0x0000,0x0000,0x0000,0x0000,0x0000
	.hword 0x0000,0x0000,0x0000,0x0000,0x0000,0x0000,0x0000,0x0000
	.hword 0x0001,0x0002,0x0002,0x0002,0x0002,0x0401,0x0000,0x0000
	.hword 0x0000,0x0000,0x0000,0x0000,0x0000,0x0000,0x0000,0x0000
	.hword 0x0000,0x0000,0x0000,0x0000,0x0000,0x0000,0x0000,0x0000
	.hword 0x0000,0x0000,0x0000,0x0000,0x0000,0x0000,0x0000,0x0000
	.hword 0x0000,0x0000,0x0000,0x0000,0x0000,0x0000,0x0000,0x0000

	.hword 0x0000,0x0000,0x0000,0x0000,0x0000,0x0000,0x0000,0x0000
	.hword 0x0000,0x0000,0x0000,0x0000,0x0000,0x0000,0x0000,0x0000
	.hword 0x0000,0x0000,0x0000,0x0000,0x0000,0x0000,0x0000,0x0000
	.hword 0x0000,0x0000,0x0000,0x0000,0x0000,0x0000,0x00B3,0x00B4
	.hword 0x00B4,0x00B3,0x00B4,0x00B3,0x00B4,0x00B3,0x00B4,0x00B3
	.hword 0x0000,0x0000,0x0000,0x0000,0x0000,0x0000,0x0000,0x0000
	.hword 0x0000,0x0000,0x0000,0x0000,0x00B3,0x00B4,0x00B4,0x00B3
	.hword 0x00B4,0x00B3,0x00B4,0x00B3,0x00B4,0x00B3,0x0000,0x0000

	.hword 0x0000,0x0000,0x0000,0x0000,0x0000,0x0000,0x0000,0x0000
	.hword 0x0000,0x0000,0x0000,0x0000,0x0000,0x0000,0x0000,0x0000
	.hword 0x0000,0x0000,0x0000,0x0000,0x0000,0x0000,0x0000,0x0000
	.hword 0x0000,0x0000,0x0000,0x0000,0x0000,0x0000,0x0022,0x0023
	.hword 0x0024,0x0023,0x0024,0x0023,0x0024,0x0023,0x0024,0x0023
	.hword 0x0024,0x0023,0x0024,0x0023,0x0024,0x0023,0x0024,0x0023
	.hword 0x0024,0x0023,0x0024,0x0023,0x0024,0x0023,0x0024,0x0023
	.hword 0x0024,0x0023,0x0024,0x0023,0x0024,0x0023,0x0423,0x0422

	.hword 0x0000,0x0000,0x0000,0x0000,0x0000,0x0000,0x0000,0x0000
	.hword 0x0000,0x0000,0x0000,0x0000,0x0000,0x0000,0x0000,0x0000
	.hword 0x0000,0x0000,0x0000,0x0000,0x0000,0x0000,0x0000,0x0000
	.hword 0x0003,0x0004,0x0004,0x0004,0x0004,0x0403,0x0000,0x0000
	.hword 0x0000,0x0000,0x0000,0x0000,0x0000,0x0000,0x0000,0x0000
	.hword 0x0000,0x0000,0x0000,0x0000,0x0000,0x0000,0x0000,0x0000
	.hword 0x0000,0x0000,0x0000,0x0000,0x0000,0x0000,0x0000,0x0000
	.hword 0x0000,0x0000,0x0000,0x0000,0x0000,0x0000,0x0000,0x0000

	.hword 0x0000,0x0000,0x0000,0x0000,0x0000,0x0000,0x0000,0x0000
	.hword 0x0000,0x0000,0x0000,0x0000,0x0000,0x0000,0x0000,0x0000
	.hword 0x0000,0x0000,0x0000,0x0000,0x0000,0x0000,0x0000,0x0000
	.hword 0x0000,0x0000,0x0000,0x0000,0x0000,0x0000,0x00B5,0x00B6
	.hword 0x00B6,0x00B7,0x00B6,0x00B7,0x00B6,0x00B7,0x00B6,0x04B5
	.hword 0x0000,0x0000,0x0000,0x0000,0x0000,0x0000,0x0000,0x0000
	.hword 0x0000,0x0000,0x0000,0x0000,0x00B5,0x00B6,0x00B6,0x00B7
	.hword 0x00B6,0x00B7,0x00B6,0x00B7,0x00B6,0x04B5,0x0000,0x0000

	.hword 0x0000,0x0000,0x0000,0x0000,0x0000,0x0000,0x0000,0x0000
	.hword 0x0000,0x0000,0x0000,0x0000,0x0000,0x0000,0x0000,0x0000
	.hword 0x0000,0x0000,0x0000,0x0000,0x0000,0x0000,0x0000,0x0000
	.hword 0x0000,0x0000,0x0000,0x0000,0x0000,0x0000,0x0029,0x002A
	.hword 0x002B,0x002A,0x002B,0x002A,0x002B,0x002A,0x002B,0x002A
	.hword 0x002B,0x002A,0x002B,0x002A,0x002B,0x002A,0x002B,0x002A
	.hword 0x002B,0x002A,0x002B,0x002A,0x002B,0x002A,0x002B,0x002A
	.hword 0x002B,0x002A,0x002B,0x002A,0x002B,0x002A,0x042A,0x0429

	.hword 0x0000,0x0000,0x0000,0x0000,0x0000,0x0000,0x0000,0x0000
	.hword 0x0000,0x0000,0x0000,0x0000,0x0000,0x0000,0x0000,0x0000
	.hword 0x0000,0x0000,0x0000,0x0000,0x0000,0x0000,0x0000,0x0000
	.hword 0x0003,0x0004,0x0004,0x0004,0x0004,0x0403,0x0000,0x0000
	.hword 0x0000,0x0000,0x0000,0x0000,0x0000,0x0000,0x0000,0x0000
	.hword 0x0000,0x0000,0x0000,0x0000,0x0000,0x0000,0x0000,0x0000
	.hword 0x0000,0x0000,0x0000,0x0000,0x0000,0x0000,0x0000,0x0000
	.hword 0x0000,0x0000,0x0001,0x0002,0x0002,0x0002,0x0002,0x0401

	.hword 0x0000,0x0000,0x0000,0x0000,0x0000,0x0000,0x0000,0x0000
	.hword 0x0000,0x0000,0x0000,0x0000,0x0000,0x0000,0x0000,0x0000
	.hword 0x0000,0x0000,0x0000,0x0000,0x0000,0x0000,0x0000,0x0000
	.hword 0x0000,0x0000,0x0000,0x0000,0x0000,0x0000,0x00B8,0x00B9
	.hword 0x00B9,0x00B8,0x00B9,0x00B8,0x00B9,0x00B8,0x00B9,0x00B8
	.hword 0x0000,0x0000,0x0000,0x0000,0x0000,0x0000,0x0000,0x0000
	.hword 0x0000,0x0000,0x0000,0x0000,0x00B8,0x00B9,0x00B9,0x00B8
	.hword 0x00B9,0x00B8,0x00B9,0x00B8,0x00B9,0x00B8,0x0000,0x0000

	.hword 0x0000,0x0000,0x0000,0x0000,0x0000,0x0000,0x0000,0x0000
	.hword 0x0000,0x0000,0x0000,0x0000,0x0000,0x0000,0x0000,0x0000
	.hword 0x0000,0x0000,0x0000,0x0000,0x0000,0x0000,0x0000,0x0000
	.hword 0x0000,0x0000,0x0000,0x0000,0x0000,0x0000,0x004A,0x004B
	.hword 0x004C,0x004D,0x004C,0x004D,0x004C,0x004D,0x004C,0x004D
	.hword 0x004C,0x004D,0x004C,0x004D,0x004C,0x004D,0x004C,0x004D
	.hword 0x004C,0x004D,0x004C,0x004D,0x004C,0x004D,0x004C,0x004D
	.hword 0x004C,0x004D,0x004C,0x004D,0x004C,0x004D,0x044B,0x044A

	.hword 0x0000,0x0000,0x0000,0x0000,0x0000,0x0000,0x0000,0x0000
	.hword 0x0000,0x0000,0x0000,0x0000,0x0000,0x0000,0x0000,0x0000
	.hword 0x0000,0x0000,0x0000,0x0000,0x0000,0x0000,0x0000,0x0000
	.hword 0x0003,0x0004,0x0004,0x0004,0x0004,0x0403,0x0000,0x0000
	.hword 0x0000,0x0000,0x0000,0x0000,0x0000,0x0000,0x0000,0x0000
	.hword 0x0000,0x0000,0x0000,0x0000,0x0000,0x0000,0x0000,0x0000
	.hword 0x0000,0x0000,0x0000,0x0000,0x0000,0x0000,0x0000,0x0000
	.hword 0x0000,0x0000,0x0003,0x0004,0x0004,0x0004,0x0004,0x0403

	.hword 0x0000,0x0000,0x0000,0x0000,0x0000,0x0000,0x0000,0x0000
	.hword 0x0000,0x0000,0x0000,0x0000,0x0000,0x0000,0x0000,0x0000
	.hword 0x0000,0x0000,0x0000,0x0000,0x0000,0x0000,0x0000,0x0000
	.hword 0x0000,0x0000,0x0000,0x0000,0x0000,0x0000,0x00B5,0x00B6
	.hword 0x00B6,0x00B7,0x00B6,0x00B7,0x00B6,0x00B7,0x00B6,0x04B5
	.hword 0x0000,0x0000,0x0000,0x0000,0x0000,0x0000,0x0000,0x0000
	.hword 0x0000,0x0000,0x0000,0x0000,0x00B5,0x00B6,0x00B6,0x00B7
	.hword 0x00B6,0x00B7,0x00B6,0x00B7,0x00B6,0x04B5,0x0000,0x0000

	.hword 0x0000,0x0000,0x0000,0x0000,0x0000,0x0000,0x0000,0x0000
	.hword 0x0000,0x0000,0x0000,0x0000,0x0000,0x0000,0x0000,0x0000
	.hword 0x0000,0x0000,0x0000,0x0000,0x0000,0x0000,0x0000,0x0000
	.hword 0x0000,0x0000,0x0000,0x0000,0x0000,0x0000,0x0050,0x0051
	.hword 0x002B,0x002A,0x002B,0x002A,0x002B,0x002A,0x002B,0x002A
	.hword 0x002B,0x002A,0x002B,0x002A,0x002B,0x002A,0x002B,0x002A
	.hword 0x002B,0x002A,0x002B,0x002A,0x002B,0x002A,0x002B,0x002A
	.hword 0x002B,0x002A,0x002B,0x002A,0x002B,0x002A,0x0451,0x0450

	.hword 0x0000,0x0000,0x0000,0x0000,0x0000,0x0000,0x0000,0x0000
	.hword 0x0000,0x0000,0x0000,0x0000,0x0000,0x0000,0x0000,0x0000
	.hword 0x0000,0x0000,0x0000,0x0000,0x0000,0x0000,0x0000,0x0000
	.hword 0x0003,0x0004,0x0004,0x0004,0x0004,0x0403,0x0000,0x0000
	.hword 0x0000,0x0000,0x0000,0x0000,0x0000,0x0000,0x0000,0x0000
	.hword 0x0000,0x0000,0x0000,0x0000,0x0000,0x0000,0x0000,0x0000
	.hword 0x0000,0x0000,0x0000,0x0000,0x0000,0x0000,0x0000,0x0000
	.hword 0x0000,0x0000,0x0003,0x0004,0x0004,0x0004,0x0004,0x0403

	.hword 0x0000,0x0000,0x0000,0x0000,0x0000,0x0000,0x0000,0x0000
	.hword 0x0000,0x0000,0x0000,0x0000,0x0000,0x0000,0x0000,0x0000
	.hword 0x0000,0x0000,0x0000,0x0000,0x0000,0x0000,0x0000,0x0000
	.hword 0x0000,0x0000,0x0000,0x0000,0x0022,0x0023,0x0024,0x0023
	.hword 0x0024,0x0023,0x0024,0x0023,0x0024,0x0023,0x0024,0x0023
	.hword 0x0024,0x0023,0x0024,0x0023,0x0024,0x0023,0x0024,0x0023
	.hword 0x0024,0x0023,0x0024,0x0023,0x0024,0x0023,0x0024,0x0023
	.hword 0x0024,0x0023,0x0024,0x0023,0x0024,0x0023,0x0423,0x0422

	.hword 0x0000,0x0000,0x0000,0x0000,0x0000,0x0000,0x0000,0x0000
	.hword 0x0000,0x0000,0x0000,0x0000,0x0000,0x0000,0x0000,0x0000
	.hword 0x0000,0x0000,0x0000,0x0000,0x0000,0x0000,0x0000,0x0000
	.hword 0x0000,0x0000,0x0000,0x0000,0x0000,0x0000,0x0053,0x082A
	.hword 0x082B,0x082A,0x082B,0x082A,0x082B,0x082A,0x082B,0x082A
	.hword 0x082B,0x082A,0x082B,0x082A,0x082B,0x082A,0x082B,0x082A
	.hword 0x082B,0x082A,0x082B,0x082A,0x082B,0x082A,0x082B,0x082A
	.hword 0x082B,0x082A,0x082B,0x082A,0x082B,0x082A,0x0C2A,0x0453

	.hword 0x0000,0x0000,0x0000,0x0000,0x0000,0x0000,0x0000,0x0000
	.hword 0x0000,0x0000,0x0000,0x0000,0x0000,0x0000,0x0000,0x0000
	.hword 0x0000,0x0000,0x0000,0x0000,0x0000,0x0000,0x0000,0x0000
	.hword 0x0005,0x0006,0x0006,0x0006,0x0006,0x0405,0x0000,0x0000
	.hword 0x0000,0x0000,0x0000,0x0000,0x0000,0x0000,0x0000,0x0000
	.hword 0x0000,0x0000,0x0000,0x0000,0x0000,0x0000,0x0000,0x0000
	.hword 0x0000,0x0000,0x0000,0x0000,0x0000,0x0000,0x0000,0x0000
	.hword 0x0000,0x0000,0x0003,0x0004,0x0004,0x0004,0x0004,0x0403

	.hword 0x0000,0x0000,0x0000,0x0000,0x0000,0x0000,0x0000,0x0000
	.hword 0x0000,0x0000,0x0000,0x0000,0x0000,0x0000,0x0000,0x0000
	.hword 0x0000,0x0000,0x0000,0x0000,0x0000,0x0000,0x0000,0x0000
	.hword 0x0000,0x0000,0x0000,0x0000,0x0029,0x002A,0x002B,0x002A
	.hword 0x002B,0x002A,0x002B,0x002A,0x002B,0x002A,0x002B,0x002A
	.hword 0x002B,0x002A,0x002B,0x002A,0x002B,0x002A,0x002B,0x002A
	.hword 0x002B,0x002A,0x002B,0x002A,0x002B,0x002A,0x002B,0x002A
	.hword 0x002B,0x002A,0x002B,0x002A,0x002B,0x002A,0x042A,0x0429

	.hword 0x0000,0x0000,0x0000,0x0000,0x0000,0x0000,0x0000,0x0000
	.hword 0x0000,0x0000,0x0000,0x0000,0x0000,0x0000,0x0000,0x0000
	.hword 0x0000,0x0000,0x0000,0x0000,0x0000,0x0000,0x0000,0x0000
	.hword 0x0000,0x0000,0x0000,0x0000,0x0000,0x0000,0x0057,0x0058
	.hword 0x0059,0x0058,0x0059,0x0058,0x0059,0x0058,0x0059,0x0058
	.hword 0x0059,0x0058,0x0059,0x0058,0x0059,0x0058,0x0059,0x0058
	.hword 0x0059,0x0058,0x0059,0x0058,0x0059,0x0058,0x0059,0x0058
	.hword 0x0059,0x0058,0x0059,0x0058,0x0059,0x0058,0x0458,0x0457

	.hword 0x0000,0x0000,0x0000,0x0000,0x0000,0x0000,0x0000,0x0000
	.hword 0x0000,0x0000,0x0000,0x0000,0x0000,0x0000,0x0000,0x0000
	.hword 0x0000,0x0000,0x0000,0x0000,0x0000,0x0000,0x0000,0x0000
	.hword 0x0000,0x0000,0x0000,0x0000,0x0000,0x0000,0x0000,0x0000
	.hword 0x0000,0x0000,0x0000,0x0000,0x0000,0x0000,0x0000,0x0000
	.hword 0x0000,0x0000,0x0000,0x0000,0x0000,0x0000,0x0000,0x0000
	.hword 0x0000,0x0000,0x0000,0x0000,0x0000,0x0000,0x0000,0x0000
	.hword 0x0000,0x0000,0x0003,0x0004,0x0004,0x0004,0x0004,0x0403

	.hword 0x0000,0x0000,0x0000,0x0000,0x0000,0x0000,0x0000,0x0000
	.hword 0x0000,0x0000,0x0000,0x0000,0x0000,0x0000,0x0000,0x0000
	.hword 0x0000,0x0000,0x0000,0x0000,0x0000,0x0000,0x0000,0x0000
	.hword 0x0022,0x0023,0x0024,0x0023,0x044F,0x004E,0x004C,0x004D
	.hword 0x004C,0x004D,0x004C,0x004D,0x004C,0x004D,0x004C,0x004D
	.hword 0x004C,0x004D,0x004C,0x004D,0x004C,0x004D,0x004C,0x004D
	.hword 0x004C,0x004D,0x004C,0x004D,0x004C,0x004D,0x004C,0x004D
	.hword 0x004C,0x004D,0x004C,0x004D,0x004C,0x004D,0x004E,0x004F

	.hword 0x0423,0x0424,0x0423,0x0422,0x0000,0x0000,0x0000,0x0000
	.hword 0x0000,0x0000,0x0000,0x0000,0x0000,0x0000,0x0000,0x0000
	.hword 0x0000,0x0000,0x0000,0x0000,0x0000,0x0000,0x0000,0x0000
	.hword 0x0000,0x0000,0x0000,0x0000,0x0000,0x0000,0x0000,0x0000
	.hword 0x0000,0x0000,0x0000,0x0000,0x0000,0x0000,0x0000,0x0000
	.hword 0x0000,0x0000,0x0000,0x0000,0x0000,0x0000,0x0000,0x0000
	.hword 0x0000,0x0000,0x0000,0x0000,0x0000,0x0000,0x0000,0x0000
	.hword 0x0000,0x0000,0x0000,0x0000,0x0000,0x0000,0x0000,0x0000

	.hword 0x0000,0x0000,0x0000,0x0000,0x0000,0x0000,0x0000,0x0000
	.hword 0x0000,0x0000,0x0000,0x0000,0x0000,0x0000,0x0000,0x0000
	.hword 0x0000,0x0000,0x0000,0x0000,0x0000,0x0000,0x0000,0x0000
	.hword 0x0000,0x0000,0x0000,0x0000,0x0000,0x0000,0x0000,0x0000
	.hword 0x00BA,0x00BB,0x00BC,0x00BD,0x0000,0x0000,0x0000,0x0000
	.hword 0x0000,0x0000,0x0000,0x0000,0x0000,0x0000,0x0000,0x0000
	.hword 0x0000,0x0000,0x0000,0x0000,0x0000,0x0000,0x0000,0x0000
	.hword 0x0000,0x0000,0x0005,0x0006,0x0006,0x0006,0x0006,0x0405

	.hword 0x0000,0x0000,0x0000,0x0000,0x0000,0x0000,0x0000,0x0000
	.hword 0x0000,0x0000,0x0000,0x0000,0x0000,0x0000,0x0000,0x0000
	.hword 0x0000,0x0000,0x0000,0x0000,0x0000,0x0000,0x0000,0x0000
	.hword 0x0029,0x002A,0x002B,0x002A,0x002B,0x002A,0x002B,0x002A
	.hword 0x002B,0x002A,0x002B,0x002A,0x002B,0x002A,0x002B,0x002A
	.hword 0x002B,0x002A,0x002B,0x002A,0x002B,0x002A,0x002B,0x002A
	.hword 0x002B,0x002A,0x002B,0x002A,0x002B,0x002A,0x002B,0x002A
	.hword 0x002B,0x002A,0x002B,0x002A,0x002B,0x002A,0x042A,0x042B

	.hword 0x042A,0x042B,0x042A,0x0429,0x0000,0x0000,0x0000,0x0000
	.hword 0x0000,0x0000,0x0000,0x0000,0x0000,0x0000,0x0000,0x0000
	.hword 0x0000,0x0000,0x0000,0x0000,0x0000,0x0000,0x0000,0x0000
	.hword 0x0000,0x0000,0x0000,0x0000,0x0000,0x0000,0x0000,0x0000
	.hword 0x0000,0x0000,0x0000,0x0000,0x0000,0x0000,0x0000,0x0000
	.hword 0x0000,0x0000,0x0000,0x0000,0x0000,0x0000,0x0000,0x0000
	.hword 0x0000,0x0000,0x0000,0x0000,0x0000,0x0000,0x0000,0x0000
	.hword 0x0000,0x0000,0x0000,0x0000,0x0000,0x0000,0x0000,0x0000

	.hword 0x005A,0x005B,0x005C,0x005D,0x005E,0x005D,0x0000,0x0000
	.hword 0x0000,0x0000,0x0000,0x0000,0x0000,0x0000,0x0000,0x0000
	.hword 0x0000,0x0000,0x00BE,0x0000,0x0000,0x00BF,0x0000,0x0000
	.hword 0x0000,0x0000,0x0000,0x0000,0x0000,0x0000,0x0000,0x0000
	.hword 0x00C0,0x00C1,0x00C2,0x00C3,0x00BE,0x0000,0x0000,0x00BF
	.hword 0x0000,0x0000,0x0000,0x0000,0x0000,0x006D,0x006E,0x006F
	.hword 0x0070,0x0071,0x0072,0x0000,0x0000,0x0000,0x0000,0x0000
	.hword 0x0000,0x0000,0x0000,0x0000,0x0000,0x0000,0x0000,0x0000

	.hword 0x0000,0x0000,0x0000,0x0000,0x0000,0x0472,0x0471,0x0470
	.hword 0x046F,0x046E,0x046D,0x0000,0x0000,0x0000,0x0000,0x0000
	.hword 0x0000,0x0000,0x0000,0x0000,0x0022,0x0023,0x0024,0x0023
	.hword 0x044F,0x004E,0x004C,0x004D,0x004C,0x004D,0x004C,0x004D
	.hword 0x004C,0x004D,0x004C,0x004D,0x004C,0x004D,0x004C,0x004D
	.hword 0x004C,0x004D,0x004C,0x004D,0x004C,0x004D,0x004C,0x004D
	.hword 0x004C,0x004D,0x004C,0x004D,0x004C,0x004D,0x004C,0x004D
	.hword 0x004C,0x004D,0x004C,0x004D,0x004C,0x004D,0x004C,0x004D

	.hword 0x004C,0x004D,0x004E,0x004F,0x0423,0x0424,0x0423,0x0422
	.hword 0x0000,0x0000,0x0000,0x0000,0x0000,0x0000,0x0000,0x0000
	.hword 0x0000,0x0000,0x0000,0x0000,0x0000,0x0000,0x0000,0x0000
	.hword 0x0013,0x0000,0x0000,0x0000,0x0000,0x0000,0x00C4,0x00C5
	.hword 0x00C6,0x00C7,0x0000,0x0000,0x0013,0x0000,0x0000,0x0000
	.hword 0x0000,0x0000,0x00C4,0x00C5,0x00C6,0x00C7,0x0000,0x0000
	.hword 0x0013,0x0000,0x0000,0x0000,0x0000,0x0000,0x00C4,0x00C5
	.hword 0x00C6,0x00C7,0x0000,0x0000,0x0000,0x0000,0x0000,0x0000

	.hword 0x005F,0x0060,0x0060,0x0061,0x0062,0x0063,0x0000,0x0000
	.hword 0x0000,0x0000,0x0000,0x0000,0x0000,0x0000,0x0000,0x0000
	.hword 0x0000,0x0000,0x00C8,0x0000,0x040B,0x00C9,0x0000,0x0000
	.hword 0x0000,0x0000,0x0000,0x0000,0x0000,0x0000,0x0000,0x0000
	.hword 0x00CA,0x00CB,0x00CC,0x00CD,0x00C8,0x0000,0x040B,0x00C9
	.hword 0x0000,0x0000,0x0000,0x0000,0x0075,0x0076,0x0077,0x0078
	.hword 0x0079,0x007A,0x007B,0x0000,0x0000,0x0000,0x0000,0x0000
	.hword 0x0000,0x0000,0x0000,0x0000,0x0000,0x0000,0x0000,0x0000

	.hword 0x0000,0x0000,0x0000,0x0000,0x0000,0x047B,0x007A,0x0479
	.hword 0x0478,0x0477,0x0476,0x0475,0x0000,0x0000,0x0000,0x0000
	.hword 0x0000,0x0000,0x0000,0x0000,0x0029,0x002A,0x002B,0x002A
	.hword 0x002B,0x002A,0x002B,0x002A,0x002B,0x002A,0x002B,0x002A
	.hword 0x002B,0x002A,0x002B,0x002A,0x002B,0x002A,0x002B,0x002A
	.hword 0x002B,0x002A,0x002B,0x002A,0x002B,0x002A,0x002B,0x002A
	.hword 0x002B,0x002A,0x002B,0x002A,0x002B,0x002A,0x002B,0x002A
	.hword 0x002B,0x002A,0x002B,0x002A,0x002B,0x002A,0x002B,0x002A

	.hword 0x002B,0x002A,0x042A,0x042B,0x042A,0x042B,0x042A,0x0429
	.hword 0x0000,0x0000,0x0000,0x0000,0x0000,0x0000,0x0000,0x0000
	.hword 0x0000,0x0000,0x0000,0x0000,0x0000,0x0000,0x001E,0x001F
	.hword 0x0020,0x0021,0x00BA,0x00BB,0x00BC,0x00BD,0x00CE,0x00CF
	.hword 0x00D0,0x00D1,0x001E,0x001F,0x0020,0x0021,0x00BA,0x00BB
	.hword 0x00BC,0x00BD,0x00CE,0x00CF,0x00D0,0x00D1,0x001E,0x001F
	.hword 0x0020,0x0021,0x00BA,0x00BB,0x00BC,0x00BD,0x00CE,0x00CF
	.hword 0x00D0,0x00D1,0x0000,0x0000,0x0000,0x0000,0x0000,0x0000

	.hword 0x0022,0x0023,0x0024,0x0023,0x0024,0x0023,0x0423,0x0422
	.hword 0x0000,0x0000,0x005A,0x005B,0x005C,0x005D,0x005E,0x005D
	.hword 0x00D2,0x00D3,0x00D4,0x00D5,0x00D6,0x00D7,0x0000,0x0000
	.hword 0x005A,0x005B,0x005C,0x005D,0x005E,0x005D,0x0000,0x0000
	.hword 0x0000,0x00D8,0x00D9,0x00DA,0x00D4,0x00D5,0x00D6,0x00D7
	.hword 0x005E,0x005D,0x0000,0x0000,0x007E,0x007F,0x0080,0x0081
	.hword 0x0082,0x0083,0x0084,0x0085,0x0086,0x0087,0x0000,0x0000
	.hword 0x0088,0x0089,0x0000,0x0000,0x0000,0x0000,0x0489,0x0488

	.hword 0x0000,0x0000,0x0487,0x0486,0x0485,0x0484,0x0483,0x0482
	.hword 0x0481,0x0480,0x047F,0x047E,0x0000,0x0000,0x0000,0x0000
	.hword 0x0022,0x0023,0x0024,0x0023,0x044F,0x004E,0x004C,0x004D
	.hword 0x004C,0x004D,0x004C,0x004D,0x004C,0x004D,0x004C,0x004D
	.hword 0x004C,0x004D,0x004C,0x004D,0x004C,0x004D,0x004C,0x004D
	.hword 0x004C,0x004D,0x004C,0x004D,0x004C,0x004D,0x004C,0x004D
	.hword 0x004C,0x004D,0x004C,0x004D,0x004C,0x004D,0x004C,0x004D
	.hword 0x004C,0x004D,0x004C,0x004D,0x004C,0x004D,0x004C,0x004D

	.hword 0x004C,0x004D,0x004C,0x004D,0x004C,0x004D,0x004E,0x004F
	.hword 0x0423,0x0424,0x0423,0x0422,0x0000,0x0000,0x0000,0x0000
	.hword 0x0000,0x0000,0x0000,0x0000,0x0000,0x0000,0x0025,0x0026
	.hword 0x0027,0x0028,0x00C0,0x00C1,0x00C2,0x00C3,0x00DB,0x00DC
	.hword 0x00DD,0x00DE,0x0025,0x0026,0x0027,0x0028,0x00C0,0x00C1
	.hword 0x00C2,0x00C3,0x00DB,0x00DC,0x00DD,0x00DE,0x0025,0x0026
	.hword 0x0027,0x0028,0x00C0,0x00C1,0x00C2,0x00C3,0x00DB,0x00DC
	.hword 0x00DD,0x00DE,0x0000,0x0000,0x0000,0x0000,0x0000,0x0000

	.hword 0x0029,0x002A,0x002B,0x002A,0x002B,0x002A,0x042A,0x0429
	.hword 0x0000,0x0000,0x005F,0x0060,0x0060,0x0061,0x0062,0x0063
	.hword 0x00DF,0x00E0,0x00E1,0x00E2,0x00E3,0x00E4,0x0000,0x0000
	.hword 0x005F,0x0060,0x0060,0x0061,0x0062,0x0063,0x0000,0x0000
	.hword 0x0000,0x00E5,0x00E6,0x0000,0x00E1,0x00E2,0x00E3,0x00E4
	.hword 0x0062,0x0063,0x0000,0x0000,0x008B,0x008C,0x008D,0x008E
	.hword 0x008F,0x0090,0x0091,0x0885,0x0092,0x0093,0x0094,0x0095
	.hword 0x0096,0x0097,0x0000,0x0000,0x0000,0x0000,0x0497,0x0496

	.hword 0x0495,0x0494,0x0493,0x0492,0x0C85,0x0491,0x0490,0x048F
	.hword 0x048E,0x048D,0x048C,0x048B,0x0000,0x0000,0x0000,0x0000
	.hword 0x0029,0x002A,0x002B,0x002A,0x002B,0x002A,0x002B,0x002A
	.hword 0x002B,0x002A,0x002B,0x002A,0x002B,0x002A,0x002B,0x002A
	.hword 0x002B,0x002A,0x002B,0x002A,0x002B,0x002A,0x002B,0x002A
	.hword 0x002B,0x002A,0x002B,0x002A,0x002B,0x002A,0x002B,0x002A
	.hword 0x002B,0x002A,0x002B,0x002A,0x002B,0x002A,0x002B,0x002A
	.hword 0x002B,0x002A,0x002B,0x002A,0x002B,0x002A,0x002B,0x002A

	.hword 0x002B,0x002A,0x002B,0x002A,0x002B,0x002A,0x042A,0x042B
	.hword 0x042A,0x042B,0x042A,0x0429,0x0000,0x0000,0x0000,0x0000
	.hword 0x0000,0x0000,0x0000,0x0000,0x0000,0x0000,0x002C,0x002D
	.hword 0x002E,0x002F,0x00CA,0x00CB,0x00CC,0x00CD,0x00E7,0x00E8
	.hword 0x00E9,0x00EA,0x002C,0x002D,0x002E,0x002F,0x00CA,0x00CB
	.hword 0x00CC,0x00CD,0x00E7,0x00E8,0x00E9,0x00EA,0x002C,0x002D
	.hword 0x002E,0x002F,0x00CA,0x00CB,0x00CC,0x00CD,0x00E7,0x00E8
	.hword 0x00E9,0x00EA,0x0000,0x0000,0x0000,0x0000,0x0000,0x0000

	.hword 0x004A,0x004B,0x004C,0x004D,0x004C,0x004D,0x004E,0x004F
	.hword 0x0024,0x0023,0x0024,0x0023,0x0024,0x0023,0x0024,0x0023
	.hword 0x0024,0x0023,0x0024,0x0023,0x0024,0x0023,0x0024,0x0023
	.hword 0x0024,0x0023,0x0024,0x0023,0x0024,0x0023,0x0024,0x0023
	.hword 0x0024,0x0023,0x0024,0x0023,0x0024,0x0023,0x0024,0x0023
	.hword 0x0423,0x0422,0x0000,0x0000,0x0000,0x00EB,0x00EC,0x0000
	.hword 0x0000,0x0098,0x0099,0x0000,0x009A,0x009B,0x009C,0x009D
	.hword 0x009E,0x009F,0x0000,0x0000,0x0000,0x0000,0x049F,0x049E

	.hword 0x049D,0x049C,0x049B,0x049A,0x0000,0x0499,0x0498,0x0000
	.hword 0x0000,0x04EC,0x04EB,0x0000,0x0022,0x0023,0x0024,0x0023
	.hword 0x044F,0x004E,0x004C,0x004D,0x004C,0x004D,0x004C,0x004D
	.hword 0x004C,0x004D,0x004C,0x004D,0x004C,0x004D,0x004C,0x004D
	.hword 0x004C,0x004D,0x004C,0x004D,0x004C,0x004D,0x004C,0x004D
	.hword 0x004C,0x004D,0x004C,0x004D,0x004C,0x004D,0x004C,0x004D
	.hword 0x004C,0x004D,0x004C,0x004D,0x004C,0x004D,0x004C,0x004D
	.hword 0x004C,0x004D,0x004C,0x004D,0x004C,0x004D,0x004C,0x004D

	.hword 0x004C,0x004D,0x004C,0x004D,0x004C,0x004D,0x004C,0x004D
	.hword 0x004C,0x004D,0x004E,0x004F,0x0423,0x0424,0x0423,0x0422
	.hword 0x0000,0x0000,0x0000,0x0000,0x0000,0x0000,0x0037,0x0038
	.hword 0x0039,0x003A,0x0000,0x00D8,0x00D9,0x00DA,0x00ED,0x00EE
	.hword 0x00EF,0x0000,0x0037,0x0038,0x0039,0x003A,0x0000,0x00D8
	.hword 0x00D9,0x00DA,0x00ED,0x00F0,0x00EF,0x0000,0x0037,0x0038
	.hword 0x0039,0x003A,0x0000,0x00D8,0x00D9,0x00DA,0x00ED,0x00F0
	.hword 0x00EF,0x0000,0x0000,0x0000,0x0000,0x0000,0x0000,0x0000

	.hword 0x0050,0x0051,0x002B,0x002A,0x002B,0x002A,0x042A,0x042B
	.hword 0x002B,0x002A,0x002B,0x002A,0x002B,0x002A,0x002B,0x002A
	.hword 0x002B,0x002A,0x002B,0x002A,0x002B,0x002A,0x002B,0x002A
	.hword 0x002B,0x002A,0x002B,0x002A,0x002B,0x002A,0x002B,0x002A
	.hword 0x002B,0x002A,0x002B,0x002A,0x002B,0x002A,0x002B,0x002A
	.hword 0x042A,0x0429,0x0000,0x0000,0x0000,0x00F1,0x00F2,0x0000
	.hword 0x0000,0x00A0,0x00A1,0x0000,0x00A2,0x00A3,0x00A4,0x00A5
	.hword 0x00A6,0x00A7,0x0000,0x0000,0x0000,0x0000,0x04A7,0x04A6

	.hword 0x04A5,0x04A4,0x04A3,0x04A2,0x0000,0x04A1,0x04A0,0x0000
	.hword 0x0000,0x04F2,0x04F1,0x0000,0x0029,0x002A,0x002B,0x002A
	.hword 0x002B,0x002A,0x002B,0x002A,0x002B,0x002A,0x002B,0x002A
	.hword 0x002B,0x002A,0x002B,0x002A,0x002B,0x002A,0x002B,0x002A
	.hword 0x002B,0x002A,0x002B,0x002A,0x002B,0x002A,0x002B,0x002A
	.hword 0x002B,0x002A,0x002B,0x002A,0x002B,0x002A,0x002B,0x002A
	.hword 0x002B,0x002A,0x002B,0x002A,0x002B,0x002A,0x002B,0x002A
	.hword 0x002B,0x002A,0x002B,0x002A,0x002B,0x002A,0x002B,0x002A

	.hword 0x002B,0x002A,0x002B,0x002A,0x002B,0x002A,0x002B,0x002A
	.hword 0x002B,0x002A,0x042A,0x042B,0x042A,0x042B,0x042A,0x0429
	.hword 0x0000,0x0000,0x0000,0x0000,0x0000,0x0000,0x0000,0x0043
	.hword 0x0044,0x0045,0x0000,0x00E5,0x00E6,0x0000,0x00F3,0x00F4
	.hword 0x00F5,0x0000,0x0000,0x0043,0x0044,0x0045,0x0000,0x00E5
	.hword 0x00E6,0x0000,0x00F3,0x00F4,0x00F5,0x0000,0x0000,0x0043
	.hword 0x0044,0x0045,0x0000,0x00E5,0x00E6,0x0000,0x00F3,0x00F4
	.hword 0x00F5,0x0000,0x0000,0x0000,0x0000,0x0000,0x0000,0x0000

	.hword 0x004A,0x004B,0x004C,0x004D,0x004C,0x004D,0x004C,0x004D
	.hword 0x004C,0x004D,0x004C,0x004D,0x004C,0x004D,0x004C,0x004D
	.hword 0x004C,0x004D,0x004C,0x004D,0x004C,0x004D,0x004C,0x004D
	.hword 0x004C,0x004D,0x004C,0x004D,0x004C,0x004D,0x004C,0x004D
	.hword 0x004C,0x004D,0x004C,0x004D,0x004C,0x004D,0x004C,0x004D
	.hword 0x004E,0x004F,0x0024,0x0023,0x0024,0x0023,0x0024,0x0023
	.hword 0x0024,0x0023,0x0024,0x0023,0x0024,0x0023,0x0024,0x0023
	.hword 0x0024,0x0023,0x0024,0x0023,0x0024,0x0023,0x0024,0x0023

	.hword 0x0024,0x0023,0x0024,0x0023,0x0024,0x0023,0x0024,0x0023
	.hword 0x0024,0x0023,0x0024,0x0023,0x044F,0x004E,0x004C,0x004D
	.hword 0x004C,0x004D,0x004C,0x004D,0x004C,0x004D,0x004C,0x004D
	.hword 0x004C,0x004D,0x004C,0x004D,0x004C,0x004D,0x004C,0x004D
	.hword 0x004C,0x004D,0x004C,0x004D,0x004C,0x004D,0x004C,0x004D
	.hword 0x004C,0x004D,0x004C,0x004D,0x004C,0x004D,0x004C,0x004D
	.hword 0x004C,0x004D,0x004C,0x004D,0x004C,0x004D,0x004C,0x004D
	.hword 0x004C,0x004D,0x004C,0x004D,0x004C,0x004D,0x004C,0x004D

	.hword 0x004C,0x004D,0x004C,0x004D,0x004C,0x004D,0x004C,0x004D
	.hword 0x004C,0x004D,0x004C,0x004D,0x004C,0x004D,0x004E,0x004F
	.hword 0x0024,0x0023,0x0024,0x0023,0x0024,0x0023,0x0024,0x0023
	.hword 0x0024,0x0023,0x0024,0x0023,0x0024,0x0023,0x0024,0x0023
	.hword 0x0024,0x0023,0x0024,0x0023,0x0024,0x0023,0x0024,0x0023
	.hword 0x0024,0x0023,0x0024,0x0023,0x0024,0x0023,0x0024,0x0023
	.hword 0x0024,0x0023,0x0024,0x0023,0x0024,0x0023,0x0024,0x0023
	.hword 0x0024,0x0023,0x0024,0x0023,0x0024,0x0023,0x0024,0x0023

	.hword 0x0050,0x0051,0x002B,0x002A,0x002B,0x002A,0x002B,0x002A
	.hword 0x002B,0x002A,0x002B,0x002A,0x002B,0x002A,0x002B,0x002A
	.hword 0x002B,0x002A,0x002B,0x002A,0x002B,0x002A,0x002B,0x002A
	.hword 0x002B,0x002A,0x002B,0x002A,0x002B,0x002A,0x002B,0x002A
	.hword 0x002B,0x002A,0x002B,0x002A,0x002B,0x002A,0x002B,0x002A
	.hword 0x042A,0x042B,0x002B,0x002A,0x002B,0x002A,0x002B,0x002A
	.hword 0x002B,0x002A,0x002B,0x002A,0x002B,0x002A,0x002B,0x002A
	.hword 0x002B,0x002A,0x002B,0x002A,0x002B,0x002A,0x002B,0x002A

	.hword 0x002B,0x002A,0x002B,0x002A,0x002B,0x002A,0x002B,0x002A
	.hword 0x002B,0x002A,0x002B,0x002A,0x002B,0x002A,0x002B,0x002A
	.hword 0x002B,0x002A,0x002B,0x002A,0x002B,0x002A,0x002B,0x002A
	.hword 0x002B,0x002A,0x002B,0x002A,0x002B,0x002A,0x002B,0x002A
	.hword 0x002B,0x002A,0x002B,0x002A,0x002B,0x002A,0x002B,0x002A
	.hword 0x002B,0x002A,0x002B,0x002A,0x002B,0x002A,0x002B,0x002A
	.hword 0x002B,0x002A,0x002B,0x002A,0x002B,0x002A,0x002B,0x002A
	.hword 0x002B,0x002A,0x002B,0x002A,0x002B,0x002A,0x002B,0x002A

	.hword 0x002B,0x002A,0x002B,0x002A,0x002B,0x002A,0x002B,0x002A
	.hword 0x002B,0x002A,0x002B,0x002A,0x002B,0x002A,0x042A,0x042B
	.hword 0x002B,0x002A,0x002B,0x002A,0x002B,0x002A,0x002B,0x002A
	.hword 0x002B,0x002A,0x002B,0x002A,0x002B,0x002A,0x002B,0x002A
	.hword 0x002B,0x002A,0x002B,0x002A,0x002B,0x002A,0x002B,0x002A
	.hword 0x002B,0x002A,0x002B,0x002A,0x002B,0x002A,0x002B,0x002A
	.hword 0x002B,0x002A,0x002B,0x002A,0x002B,0x002A,0x002B,0x002A
	.hword 0x002B,0x002A,0x002B,0x002A,0x002B,0x002A,0x002B,0x002A

	.hword 0x004A,0x004B,0x004C,0x004D,0x004C,0x004D,0x004C,0x004D
	.hword 0x004C,0x004D,0x004C,0x004D,0x004C,0x004D,0x004C,0x004D
	.hword 0x004C,0x004D,0x004C,0x004D,0x004C,0x004D,0x004C,0x004D
	.hword 0x004C,0x004D,0x004C,0x004D,0x004C,0x004D,0x004C,0x004D
	.hword 0x004C,0x004D,0x004C,0x004D,0x004C,0x004D,0x004C,0x004D
	.hword 0x004C,0x004D,0x004C,0x004D,0x004C,0x004D,0x004C,0x004D
	.hword 0x004C,0x004D,0x004C,0x004D,0x004C,0x004D,0x004C,0x004D
	.hword 0x004C,0x004D,0x004C,0x004D,0x004C,0x004D,0x004C,0x004D

	.hword 0x004C,0x004D,0x004C,0x004D,0x004C,0x004D,0x004C,0x004D
	.hword 0x004C,0x004D,0x004C,0x004D,0x004C,0x004D,0x004C,0x004D
	.hword 0x004C,0x004D,0x004C,0x004D,0x004C,0x004D,0x004C,0x004D
	.hword 0x004C,0x004D,0x004C,0x004D,0x004C,0x004D,0x004C,0x004D
	.hword 0x004C,0x004D,0x004C,0x004D,0x004C,0x004D,0x004C,0x004D
	.hword 0x004C,0x004D,0x004C,0x004D,0x004C,0x004D,0x004C,0x004D
	.hword 0x004C,0x004D,0x004C,0x004D,0x004C,0x004D,0x004C,0x004D
	.hword 0x004C,0x004D,0x004C,0x004D,0x004C,0x004D,0x004C,0x004D

	.hword 0x004C,0x004D,0x004C,0x004D,0x004C,0x004D,0x004C,0x004D
	.hword 0x004C,0x004D,0x004C,0x004D,0x004C,0x004D,0x004C,0x004D
	.hword 0x004C,0x004D,0x004C,0x004D,0x004C,0x004D,0x004C,0x004D
	.hword 0x004C,0x004D,0x004C,0x004D,0x004C,0x004D,0x004C,0x004D
	.hword 0x004C,0x004D,0x004C,0x004D,0x004C,0x004D,0x004C,0x004D
	.hword 0x004C,0x004D,0x004C,0x004D,0x004C,0x004D,0x004C,0x004D
	.hword 0x004C,0x004D,0x004C,0x004D,0x004C,0x004D,0x004C,0x004D
	.hword 0x004C,0x004D,0x004C,0x004D,0x004C,0x004D,0x004C,0x004D

	.hword 0x0050,0x0051,0x002B,0x002A,0x002B,0x002A,0x002B,0x002A
	.hword 0x002B,0x002A,0x002B,0x002A,0x002B,0x002A,0x002B,0x002A
	.hword 0x002B,0x002A,0x002B,0x002A,0x002B,0x002A,0x002B,0x002A
	.hword 0x002B,0x002A,0x002B,0x002A,0x002B,0x002A,0x002B,0x002A
	.hword 0x002B,0x002A,0x002B,0x002A,0x002B,0x002A,0x002B,0x002A
	.hword 0x002B,0x002A,0x002B,0x002A,0x002B,0x002A,0x002B,0x002A
	.hword 0x002B,0x002A,0x002B,0x002A,0x002B,0x002A,0x002B,0x002A
	.hword 0x002B,0x002A,0x002B,0x002A,0x002B,0x002A,0x002B,0x002A

	.hword 0x002B,0x002A,0x002B,0x002A,0x002B,0x002A,0x002B,0x002A
	.hword 0x002B,0x002A,0x002B,0x002A,0x002B,0x002A,0x002B,0x002A
	.hword 0x002B,0x002A,0x002B,0x002A,0x002B,0x002A,0x002B,0x002A
	.hword 0x002B,0x002A,0x002B,0x002A,0x002B,0x002A,0x002B,0x002A
	.hword 0x002B,0x002A,0x002B,0x002A,0x002B,0x002A,0x002B,0x002A
	.hword 0x002B,0x002A,0x002B,0x002A,0x002B,0x002A,0x002B,0x002A
	.hword 0x002B,0x002A,0x002B,0x002A,0x002B,0x002A,0x002B,0x002A
	.hword 0x002B,0x002A,0x002B,0x002A,0x002B,0x002A,0x002B,0x002A

	.hword 0x002B,0x002A,0x002B,0x002A,0x002B,0x002A,0x002B,0x002A
	.hword 0x002B,0x002A,0x002B,0x002A,0x002B,0x002A,0x002B,0x002A
	.hword 0x002B,0x002A,0x002B,0x002A,0x002B,0x002A,0x002B,0x002A
	.hword 0x002B,0x002A,0x002B,0x002A,0x002B,0x002A,0x002B,0x002A
	.hword 0x002B,0x002A,0x002B,0x002A,0x002B,0x002A,0x002B,0x002A
	.hword 0x002B,0x002A,0x002B,0x002A,0x002B,0x002A,0x002B,0x002A
	.hword 0x002B,0x002A,0x002B,0x002A,0x002B,0x002A,0x002B,0x002A
	.hword 0x002B,0x002A,0x002B,0x002A,0x002B,0x002A,0x002B,0x002A

	.section .rodata
	.align	2
	.global s2_bn_gfxPal		@ 32 unsigned chars
	.hidden s2_bn_gfxPal
s2_bn_gfxPal:
	.hword 0x7C1F,0x18C4,0x1889,0x188E,0x0000,0x1544,0x1D10,0x18F5
	.hword 0x19E8,0x39CA,0x3637,0x228E,0x4E71,0x225A,0x4ADA,0x6B5A

@}}BLOCK(s2_bn_gfx)
