
@{{BLOCK(s2fg_bn_gfx)

@=======================================================================
@
@	s2fg_bn_gfx, 1536x512@4, 
@	+ palette 16 entries, not compressed
@	+ 173 tiles (t|f|p reduced) not compressed
@	+ regular map (flat), not compressed, 192x64 
@	Total size: 32 + 5536 + 24576 = 30144
@
@	Time-stamp: 2026-09-21, 21:17:55
@	Exported by Cearn's GBA Image Transmogrifier, v0.9.2
@	( http://www.coranac.com/projects/#grit )
@
@=======================================================================

	.section .rodata
	.align	2
	.global s2fg_bn_gfxTiles		@ 5536 unsigned chars
	.hidden s2fg_bn_gfxTiles
s2fg_bn_gfxTiles:
	.word 0x00000000,0x00000000,0x00000000,0x00000000,0x00000000,0x00000000,0x00000000,0x00000000
	.word 0x00000000,0x10000000,0xD1000000,0xDB100000,0xDD610000,0xDDB10000,0xDDB10000,0xDD610000
	.word 0x11111111,0x6BBBBBB6,0xBBBBDDDD,0xDDBDDDDD,0xDDBDDDDD,0xDDBDDDDD,0xDBBDDDDD,0xBDDBDDDD
	.word 0x00000000,0x00110011,0x1166116B,0x6BDDBBBB,0xBBDDDDBD,0xDBDDDDBD,0xDDBDDD6B,0xDDBDDB66
	.word 0x00000000,0x00000000,0x00001110,0x00016B61,0x001BBBBB,0x01BBDDDD,0x16BDDDDD,0x1BBDDDDD
	.word 0xDB100000,0xB6100000,0x61000000,0xB1000000,0xDB110000,0xDB661000,0xDDB66100,0xDDB66610
	.word 0xBDDDBDDD,0x6BDDBBBB,0x66BBB666,0xB66666BB,0xB6666BDD,0xDB66BBDD,0xDBBBBDDD,0xBBBBDDDD
	.word 0xDDBBB666,0xDBBB6666,0xBB666BBB,0x6666BBDD,0xBBB6BDDD,0xDDBBBDDD,0xDDDBBDDD,0xDDDBBBBB

	.word 0x16BDDDDD,0x01BDDDDD,0x016BBBDD,0x016666BB,0x00166BBB,0x0016BDDD,0x0001BDDD,0x001BBDDD
	.word 0xDDB66610,0xBB666610,0x66666610,0x66666640,0x66661400,0x61444000,0x14000000,0x40000000
	.word 0xDDBDDDDD,0xDDBDDDDB,0xBBBBDBB6,0x6BBBB666,0x66666666,0x66666666,0x66666666,0x66666664
	.word 0xDDDBDBDB,0xDDBBDBBB,0xBBBBB666,0x6BBB6666,0x66666666,0x66666666,0x66666666,0x66666666
	.word 0x016BBDDD,0x166BBBDD,0x1666BBBB,0x46666666,0x46666666,0x41666666,0x04666666,0x00416666
	.word 0x66666614,0x41666140,0x24444400,0x24000000,0x84000000,0x84000000,0x84000000,0x82400000
	.word 0x66666666,0x66666614,0x44444442,0x00004222,0x00004228,0x00004888,0x00004CC8,0x00004CC8
	.word 0x00044416,0x00000041,0x00000004,0x00000000,0x00000000,0x00000000,0x00000000,0x00000000

	.word 0x00000000,0x00000000,0x00000000,0x00000000,0x00000000,0x44000000,0x95400000,0xEE400000
	.word 0x00000000,0x00000000,0x00000000,0x00000000,0x00044444,0x00459995,0x0049EEEE,0x049EEEEE
	.word 0x00000000,0x00000000,0x00000000,0x00000000,0x00000000,0x00000000,0x44400000,0x99540000
	.word 0x00000000,0x00000000,0x00000000,0x00000000,0x00000000,0x00000000,0x00000044,0x00004459
	.word 0x00000000,0x44000000,0xB6440000,0xBBB64000,0xBDDB4000,0xBDDB4400,0xBBBBB640,0xBB6BDBB4
	.word 0x00000000,0x00000044,0x0000446B,0x00046BBD,0x0046BBBB,0x004BDDBB,0x004BDDBB,0x046BB6BB
	.word 0x00000000,0x44000000,0xB6440000,0xBBB64000,0xBDDB4000,0xBDDB4400,0xBB73B640,0xBB33DBB4
	.word 0x00000000,0x00000044,0x0000446B,0x00046BBD,0x0046BB73,0x004BDD33,0x004BDDBB,0x0467B6BB

	.word 0x00000000,0x00000000,0x00000000,0x00000000,0x00000000,0x44444000,0x88884000,0x44444000
	.word 0x00000000,0x40000000,0x84000000,0x24444400,0x27777340,0x77777744,0x77777742,0x77777744
	.word 0x00000000,0x00000044,0x00000048,0x00000042,0x00044442,0x00437777,0x44477777,0x82477777
	.word 0x00000000,0x00000000,0x00000000,0x00000000,0x00000000,0x00000000,0x00004444,0x00004888
	.word 0x88400000,0x88400000,0x88400000,0x88400000,0x88240000,0x82224000,0x22224000,0x22222400
	.word 0x00004888,0x00004888,0x0000488C,0x00004888,0x00004888,0x00042288,0x00422222,0x04222222
	.word 0x00000000,0x40000000,0x44400000,0x99540000,0x99944000,0x99EEE400,0x999FE400,0x99999400
	.word 0x00044444,0x00459995,0x04EEEEE9,0x049FEEEE,0x0499EFF9,0x049999F9,0x049999E9,0x049999E9

	.word 0xEE540000,0xE9940000,0x99954400,0x9EEEE540,0xEEEEEE40,0xEFFEFE54,0xEFEEEE94,0xEEEEEE94
	.word 0x04EEEEEE,0x459FEEEE,0x4999FFEF,0x49999999,0x49999999,0x49999999,0x49999999,0x49999999
	.word 0xEE940000,0xEEE94000,0xEEEE4000,0x5EF95400,0xE5999400,0x99999400,0x99999400,0x99999400
	.word 0x000459EE,0x0004EEEE,0x00045555,0x00459999,0x04EEEEE9,0x049FEEEE,0x0499EFF9,0x049999F9
	.word 0xB66BBB64,0x666BB664,0x66666614,0x66666140,0x66661140,0x11114400,0x22440000,0x24000000
	.word 0x4BBDB66B,0x46BBB666,0x46666666,0x04666666,0x04116661,0x00441112,0x00004422,0x00004888
	.word 0xB66BBB64,0x666BB664,0x66666614,0x66366140,0x66661140,0x11114400,0x22440000,0x24000000
	.word 0x4BBDB66B,0x46BBB666,0x46667366,0x04663366,0x04116661,0x00441112,0x00004422,0x00004888

	.word 0x77777740,0x77777740,0x77777740,0x77777740,0x77733340,0x33373400,0x77733400,0x73337400
	.word 0x44477777,0x00477777,0x00477777,0x00477777,0x00477777,0x00473733,0x00477777,0x00477777
	.word 0x00004444,0x00000000,0x00000000,0x00000000,0x00000000,0x00000000,0x00000000,0x00000000
	.word 0x33377400,0x37773400,0x77733400,0x73333400,0x33333400,0x33334000,0x33340000,0x33400000
	.word 0x00477777,0x00437733,0x00433777,0x00433377,0x00433333,0x00433333,0x00043333,0x00004333
	.word 0x44000000,0x24000000,0x84000000,0x84000000,0x84000000,0x84000000,0x84400000,0x22240000
	.word 0x00000444,0x00000042,0x00000048,0x00000048,0x00000048,0x00000048,0x00000448,0x00004222
	.word 0x00041BB1,0x00041BB1,0x00041BB1,0x0041BBB1,0x0041BBB1,0x441BBB61,0x11BBB610,0xBBBB6400

	.word 0x1DB14000,0x1DD14000,0x1DDD1400,0x1BDD1400,0x16BBB144,0x016BDB11,0x0016BBBB,0x00446BBB
	.word 0xBBB64000,0x66640000,0x44400000,0x00000000,0x00000000,0x00000000,0x00000000,0x00000000
	.word 0x00464666,0x00466444,0x004B6400,0x004BB400,0x004BB400,0x004B6400,0x00464000,0x00040000
	.word 0xBBB64000,0x66640000,0x44400000,0x46B40000,0x04640000,0x00400000,0x00000000,0x00000000
	.word 0x00464666,0x00466444,0x004B6400,0x00040000,0x00000000,0x00000000,0x00000000,0x00000000
	.word 0xBBB64000,0x66640000,0x44400000,0x40000000,0x40000000,0x40000000,0x40000000,0x40000000
	.word 0x00464666,0x00466444,0x004B6466,0x00000466,0x000004B6,0x000004BB,0x000004BB,0x000004BB
	.word 0x40000000,0x40000000,0x40000000,0x40000000,0x40000000,0x40000000,0x40000000,0x40000000

	.word 0x000004DB,0x000004DD,0x000004DD,0x000004BD,0x000004BB,0x000004BB,0x000004BD,0x000004BB
	.word 0x40000000,0x40000000,0x40000000,0x40000000,0x40000000,0x40000000,0x00000000,0x00000000
	.word 0x000004BB,0x000004BB,0x000004BB,0x000004BB,0x000004B6,0x00000466,0x00000464,0x00000040
	.word 0x00000000,0x00000000,0x00000000,0x44400000,0xCCC40000,0x888C4000,0x88888400,0x88882400
	.word 0x00000000,0x00000000,0x00000000,0x44444444,0xC8888C8C,0x88888888,0x88888888,0x88888888
	.word 0x04400000,0x48400000,0x04240000,0x04240000,0x44444444,0x22888888,0x22288888,0x22228888
	.word 0x00000000,0x00000000,0x00000000,0x00000000,0x00004444,0x00048822,0x0048CC82,0x048CCCC8
	.word 0x88222240,0x22222240,0x22222240,0x22222240,0x22222240,0x22222240,0x22224400,0x44440000

	.word 0x88888888,0x88888888,0x22222222,0x22222222,0x22222222,0x22222222,0x22222222,0x44444444
	.word 0x22222888,0x82222228,0x82222222,0x82222222,0x22222222,0x22222222,0x22222222,0x22222222
	.word 0x048CCCC8,0x48CCCCCC,0x48CCCCCC,0x42CCCCCC,0x048CCCC8,0x042CCCC8,0x0048CC82,0x00048822
	.word 0x00000000,0x00000000,0x00000000,0x00044000,0x00455400,0x00499400,0x00499400,0x004EE400
	.word 0x00000000,0x00000000,0x00000000,0x00044000,0x00455400,0x00499400,0x00499400,0x00499400
	.word 0x444EE400,0x55499400,0x444EE400,0x00499400,0x00499400,0x00499400,0x00499400,0x00499400
	.word 0x44499444,0x55499455,0x44499444,0x00499400,0x00499400,0x00499400,0x00499400,0x00499400
	.word 0x444EE444,0x55499455,0x444EE444,0x00499400,0x00499400,0x00499400,0x00499400,0x00499400

	.word 0x00499400,0x00499400,0x00499400,0x00499400,0x00499400,0x00499400,0x00499400,0x004EE400
	.word 0x00499400,0x00499400,0x00499400,0x00499400,0x00499400,0x00499400,0x00499400,0x00499400
	.word 0x00000000,0x00000000,0x44400000,0x77740000,0xAAA74000,0xAAA73400,0xAAAA7400,0xAAAA7740
	.word 0x00000000,0x04444400,0x43777344,0x77777777,0x77A777AA,0x7AAA77AA,0x7AAA77AA,0x777777AA
	.word 0x00000000,0x00000000,0x00000000,0x00000004,0x00000043,0x00000047,0x00000047,0x00000043
	.word 0x00000000,0x00000000,0x00000000,0x40000000,0x34000000,0x74400000,0x77340000,0x77774000
	.word 0x00000000,0x00044440,0x00437734,0x0477AA77,0x477AAAA7,0x777AAAAA,0x777AAAAA,0x77777AA7
	.word 0x00000000,0x00000000,0x00000000,0x00000000,0x00000004,0x00000043,0x00000477,0x00004377

	.word 0x00000000,0x00000000,0x00000000,0x00000000,0x00000000,0x00000000,0x00000000,0x11001110
	.word 0x00000000,0x00000000,0x00000000,0x00000000,0x00000000,0x00000000,0x00000000,0x11000000
	.word 0x00000000,0x00000000,0x11000000,0xB6110000,0xBB661000,0xBBBB6100,0xDBDDB610,0xDDDDBB11
	.word 0x00000000,0x00000000,0x00000111,0x000016BB,0x00016BBB,0x1016BBBB,0x611BBBBD,0xBB1BBBBD
	.word 0x00000000,0x00000000,0x00000000,0x00000000,0x00000000,0x00000011,0x00000166,0x000016BB
	.word 0x00000000,0x00000000,0x00000000,0x00000000,0x40000000,0x74000000,0x77400000,0x77740000
	.word 0xAAAA7734,0x77777774,0x77777774,0x77777774,0x77777777,0xAA77777A,0xAAAAAAAA,0xAAAAAAA7
	.word 0x37777777,0x47777777,0x477AAA77,0x77AAAAA7,0x77AAAAAA,0x77AAAAAA,0x7777AAAA,0x7777777A

	.word 0x00000004,0x00000000,0x00000000,0x00000004,0x00000047,0x00000047,0x00000047,0x00000043
	.word 0x7A7A7400,0xAAAA7740,0xAA777340,0xA7777400,0x77774000,0x77774000,0x77777400,0x77A73400
	.word 0x77777777,0xA7AAA777,0xAAAAAAAA,0x777AAAAA,0x77777777,0x77777777,0x77AA7777,0x7AAA7A77
	.word 0x000047AA,0x000477AA,0x0004777A,0x00043777,0x00004777,0x00004777,0x00047777,0x0047AA77
	.word 0x00000000,0x11100000,0x6B610000,0xBBB61000,0xDDBB1100,0xDDDBBB10,0xDDDDBB61,0xDDDDBB61
	.word 0x00000000,0x10000000,0x11100101,0xBB61161B,0xBBBB1BBB,0xBBDDBBBD,0xBBDDBBDD,0xDBBBBBDD
	.word 0x66116B61,0x6BDDDBB6,0xBBDDDDDB,0xBDDDDDDD,0xBDDDDDDD,0xBBDDDDDD,0xBBDDDDDB,0xDBBBBBBD
	.word 0x00000001,0x00000001,0x00000011,0x0000016B,0x000001BB,0x000001BD,0x000116BB,0x0016BBBD

	.word 0xB6100000,0xBB610000,0xDDB61000,0xDDDB6100,0xDDDBB100,0xDDDBB100,0xBBBBB100,0xBBBB6100
	.word 0xDDDBBBBB,0xBBBBBBBB,0xBBBBBBBD,0xBDBBBDBD,0xBBB6BBBD,0x666BBBBD,0x666BBDDB,0xB666BDDB
	.word 0xBBBDDBBB,0xDBBDDDBB,0xDBBBDDBB,0xBBBBBBBB,0xBBBB6666,0xBB666666,0x666BBBBB,0xBBBBBBBB
	.word 0x00016BBB,0x0001BBBD,0x0001BBBD,0x0016BBBB,0x016BBBBB,0x01BBBBBB,0x01BBBBB6,0x01BBBBBB
	.word 0x00000000,0x00000000,0x00000000,0x00000000,0x00000000,0x00000000,0x00000000,0x44000000
	.word 0x00000000,0x00000000,0x00000000,0x00000000,0x00000000,0x00000000,0x00000000,0x00000444
	.word 0x00000000,0x00000000,0x00000000,0x00022000,0x00288200,0x002CC200,0x002CC200,0x002CC200
	.word 0x77774000,0x77774000,0x77774000,0x77734000,0x77340000,0x77334000,0x73334000,0x33334000

	.word 0xAAAAAA77,0x77777777,0x77777777,0x77777777,0x77777777,0x77333777,0x33333377,0x33333333
	.word 0x77777777,0x77777777,0x77777777,0x77777777,0x77773777,0x77733377,0x37333333,0x33333333
	.word 0x00000004,0x00000047,0x00000477,0x00004777,0x00004377,0x00004337,0x00004333,0x00000433
	.word 0x7AA74000,0xAAA74000,0xAA777400,0x77777740,0x77777740,0x77777340,0x77773340,0x77333400
	.word 0xAAAAAAA7,0xAA7AAAAA,0xA777777A,0x77777777,0x77777777,0x77777777,0x77777377,0x77773337
	.word 0x0477AAA7,0x47777AAA,0x437777AA,0x04777777,0x04777377,0x43777377,0x33373377,0x33333337
	.word 0x00000000,0x00000000,0x00000000,0x00000000,0x00000000,0x00000000,0x00000004,0x00000004
	.word 0x44400000,0x77340000,0xAA734000,0xAAA74000,0xAAA74000,0xAAA74000,0xAA740000,0x77740000

	.word 0x00000044,0x00000437,0x00004377,0x0000477A,0x0004377A,0x0004777A,0x00004777,0x00043777
	.word 0xDDDDBB14,0xDDDDB614,0xDDDBB140,0xBBBBB614,0xBB611140,0xBB144400,0xDD611400,0xDDDB6140
	.word 0xDDDDBBDD,0xDDDDDBDD,0xDDDDDBBD,0xDDDDBBBB,0xDDDBBDBB,0xDDBBBBBB,0xBB66BBBB,0xB6666BBB
	.word 0xDDBBBDDD,0xDDBBDDDD,0xDDBDDDDD,0xDDBDDDDD,0xDBBBDDDD,0xBBBBBBBD,0xBBDDDDBB,0xBDDDDDBB
	.word 0x001BDDDD,0x011DDDDD,0x16BDDDDD,0x1BBDDDDD,0x016BDDDD,0x00166BBB,0x016666BB,0x01666666
	.word 0x6BB61000,0x66610000,0xB6610000,0xBB661000,0xBBB61000,0xBBB61000,0xBBB61000,0xBBB61000
	.word 0xBBBB6BBB,0xBBBBB666,0xBBBBBBBB,0xBBBDDDDB,0xBBBDDDDD,0xBBDDDDDD,0x6BBDDDDD,0x66BBDDDB
	.word 0xDDBBBBBB,0xDDDDBBBB,0xDDDDDBBB,0xDDDDDBBB,0xDDDDDBBB,0xDDDDBBBB,0xDDDBBB66,0xBBBBB666

	.word 0x016BBBBB,0x001BBBBD,0x001BBBDD,0x001BBBDD,0x001BBBDD,0x0016BBBD,0x00166BBB,0x016666BB
	.word 0xDDDDBB14,0xDDDDB614,0xDDDBB144,0xBBBBB614,0xBB611140,0xBB144400,0xDD611400,0xDDDB6140
	.word 0x44000000,0xCC400000,0x88400000,0x88440000,0x88224000,0x82222400,0x22222240,0x22222240
	.word 0x00004444,0x0004CCCC,0x00048888,0x00048888,0x00042888,0x00042288,0x00422222,0x04222222
	.word 0x00000000,0x44400000,0xCCC40000,0x88840000,0x88840000,0x88824000,0x88222400,0x22222240
	.word 0x00000000,0x00004444,0x0004CCCC,0x00048888,0x00048888,0x00048888,0x00422888,0x00422222
	.word 0xFF400000,0xFF400000,0xFF400000,0xFF400000,0xFE400000,0xEEE40000,0xEEE40000,0xEEE40000
	.word 0x00004FFF,0x00004FFF,0x00004F99,0x00004FFF,0x00004EFF,0x00004EEE,0x00004EEE,0x00004EEE

	.word 0x222CC200,0x882CC200,0x222CC200,0x002CC200,0x002CC200,0x002CC200,0x002CC200,0x002CC200
	.word 0x222CC222,0x882CC288,0x222CC222,0x002CC200,0x002CC200,0x002CC200,0x002CC200,0x002CC200
	.word 0x33334000,0x33340000,0x33340000,0x33340000,0x33400000,0x34000000,0x40000000,0x00000000
	.word 0x33333333,0x33333333,0x33333333,0x33333333,0x33333333,0x33333333,0x3E333333,0xEE444444
	.word 0x33333333,0x33333333,0x33333333,0x33333333,0x33333333,0x33333333,0x33333333,0x43333EEE
	.word 0x00000433,0x00000433,0x00000433,0x00000043,0x00000043,0x00000043,0x00000004,0x00000000
	.word 0x33334000,0x33334000,0x33334000,0x33334000,0x33340000,0x33400000,0x44000000,0x00000000
	.word 0x77733333,0x33333333,0x33333333,0x33333333,0x33333333,0x33333333,0xE3333444,0xEEEE1000

	.word 0x33333333,0x33333333,0x43333333,0x04333333,0x00433333,0x00043333,0x0000444E,0x00000015
	.word 0x77734000,0x77774000,0x77A77400,0x37777400,0x33773400,0x33333400,0x33333400,0x33333400
	.word 0x00047AA7,0x00047AA7,0x00047777,0x00047777,0x00433773,0x00433333,0x00433333,0x00433333
	.word 0xBDDBB614,0xBBBB6614,0x66666664,0x66666664,0x66666614,0x66666640,0x66666664,0x66666614
	.word 0x6666666B,0x66666666,0x66666666,0x66666666,0x61466666,0x44246666,0x22224666,0x88224166
	.word 0xBDDDDBBB,0x6BBBBB66,0x66666666,0x66666666,0x66666666,0x66666664,0x66666142,0x66644442
	.word 0x16666666,0x16666666,0x16666666,0x41666666,0x04666666,0x04166666,0x00446666,0x00041666
	.word 0xBB610000,0x66610000,0x66640000,0x66400000,0x14000000,0x40000000,0x00000000,0x00000000

	.word 0x6666BBBB,0x66666666,0x66666666,0x66666666,0x66666666,0x66666664,0x16666140,0x44444400
	.word 0xBBB66666,0x66666666,0x66666666,0x66666666,0x66666666,0x66666666,0x66666614,0x41666142
	.word 0x0166666B,0x01666666,0x04666666,0x00466666,0x00041666,0x00004441,0x00000004,0x00000000
	.word 0x002CC200,0x002CC200,0x002CC200,0x002CC200,0x002CC200,0x002CC200,0x002CC200,0x002CC200
	.word 0xEF100000,0xFF100000,0xFF100000,0xFF100000,0xF9100000,0xFF100000,0xFF100000,0xFF400000
	.word 0x04444EEE,0x00001FFF,0x00001FFF,0x0000199F,0x00001FFF,0x00001FFF,0x00001FFF,0x00004EFF
	.word 0xFEEE1000,0xFFFF1000,0xFF991000,0xFFFF1000,0xFFFF1000,0xFFFF1000,0xFFFF1000,0xFFF94000
	.word 0x0000001F,0x0000001F,0x0000001F,0x0000001F,0x0000001F,0x0000001F,0x000001EF,0x000004FF

	.word 0x33334000,0xEE140000,0x5E100000,0xFF100000,0xEFF10000,0x1F910000,0x1FF10000,0x4FF40000
	.word 0x00043333,0x00004441,0x00000001,0x00000001,0x00000001,0x00000000,0x00000000,0x00000000
	.word 0x16614440,0x44440000,0x00000000,0x00000000,0x00000000,0x00000000,0x00000000,0x00000000
	.word 0x88840444,0xCC840000,0xCC840000,0x88240000,0x88400000,0x82400000,0x84000000,0x24000000
	.word 0x61400428,0x44000488,0x00004888,0x00048888,0x0042888C,0x00488888,0x04888888,0x42888888
	.word 0x00004416,0x00000044,0x00000000,0x00000000,0x00000000,0x00000000,0x00000000,0x00000000
	.word 0x40000000,0x64000000,0xBB400000,0xBB640000,0xBB640000,0xBB640000,0x66400000,0x64000000
	.word 0x40000044,0x00000466,0x000046BB,0x00046BBB,0x44446BBB,0x422466BB,0x84444666,0x84000466

	.word 0x04444422,0x00422224,0x00422284,0x00488884,0x0048CC88,0x0048CC88,0x0048CCC8,0x00428CC8
	.word 0xFFF40000,0xFFF40000,0x9FF40000,0xFFF40000,0xFFE40000,0xEEEE4000,0xEEEE4000,0xEEEE4000
	.word 0x000004FF,0x000004FF,0x000004F9,0x000004FF,0x000004EF,0x000004EE,0x000004EE,0x000004EE
	.word 0xFFFF4000,0xFFFF4000,0xFFFF4000,0x9FFE4000,0xFFF40000,0xFFE40000,0xEEE40000,0xEEEE4000
	.word 0x000004FF,0x000004FF,0x000004FF,0x000004F9,0x000004FF,0x00004EEF,0x000045EE,0x00004EEE
	.word 0x4FF40000,0x4FF40000,0xFFE40000,0x9F400000,0xFF400000,0xFE400000,0xE4000000,0xE4000000
	.word 0x00000000,0x00000000,0x00000004,0x00000004,0x00000004,0x0000004F,0x000004EE,0x00004EEE
	.word 0x40000000,0x40000000,0x00000000,0x00000000,0x00000000,0x40000000,0x24000000,0x22400000

	.word 0x48888888,0x28222882,0x82222284,0x82222284,0x84222484,0x88444882,0x28888822,0x22222222
	.word 0x00000000,0x00000444,0x00004224,0x00004444,0x00000004,0x00000004,0x00000042,0x00000042
	.word 0x40000000,0x00000000,0x00000000,0x00000000,0x00000000,0x40000000,0x24000000,0x24000000
	.word 0x88400044,0x88840000,0xC8884000,0x88888440,0x88888224,0x28882222,0x22222222,0x22222222
	.word 0x00048888,0x00004888,0x00000428,0x00000048,0x00000042,0x00000042,0x00000422,0x00004222

	.section .rodata
	.align	2
	.global s2fg_bn_gfxMap		@ 24576 unsigned chars
	.hidden s2fg_bn_gfxMap
s2fg_bn_gfxMap:
	.hword 0x0000,0x0000,0x0000,0x0000,0x0000,0x0000,0x0000,0x0000
	.hword 0x0000,0x0000,0x0000,0x0000,0x0000,0x0000,0x0000,0x0000
	.hword 0x0000,0x0000,0x0000,0x0000,0x0000,0x0000,0x0000,0x0000
	.hword 0x0000,0x0000,0x0000,0x0000,0x0000,0x0000,0x0000,0x0000
	.hword 0x0000,0x0000,0x0000,0x0000,0x0000,0x0000,0x0000,0x0000
	.hword 0x0000,0x0000,0x0000,0x0000,0x0000,0x0000,0x0000,0x0000
	.hword 0x0000,0x0000,0x0000,0x0000,0x0000,0x0000,0x0000,0x0000
	.hword 0x0000,0x0000,0x0000,0x0000,0x0000,0x0000,0x0000,0x0000

	.hword 0x0000,0x0000,0x0000,0x0000,0x0000,0x0000,0x0000,0x0000
	.hword 0x0000,0x0000,0x0000,0x0000,0x0000,0x0000,0x0000,0x0000
	.hword 0x0000,0x0000,0x0000,0x0000,0x0000,0x0000,0x0000,0x0000
	.hword 0x0000,0x0000,0x0000,0x0000,0x0000,0x0000,0x0000,0x0000
	.hword 0x0000,0x0000,0x0000,0x0000,0x0000,0x0000,0x0000,0x0000
	.hword 0x0000,0x0000,0x0000,0x0000,0x0000,0x0000,0x0000,0x0000
	.hword 0x0000,0x0000,0x0000,0x0000,0x0000,0x0000,0x0000,0x0000
	.hword 0x0000,0x0000,0x0000,0x0000,0x0000,0x0000,0x0000,0x0000

	.hword 0x0000,0x0000,0x0000,0x0000,0x0000,0x0000,0x0000,0x0000
	.hword 0x0000,0x0000,0x0000,0x0000,0x0000,0x0000,0x0000,0x0000
	.hword 0x0000,0x0000,0x0000,0x0000,0x0000,0x0000,0x0000,0x0000
	.hword 0x0000,0x0000,0x0000,0x0000,0x0000,0x0000,0x0000,0x0000
	.hword 0x0000,0x0000,0x0000,0x0000,0x0000,0x0000,0x0000,0x0000
	.hword 0x0000,0x0000,0x0000,0x0000,0x0000,0x0000,0x0000,0x0000
	.hword 0x0000,0x0000,0x0000,0x0000,0x0000,0x0000,0x0000,0x0000
	.hword 0x0000,0x0000,0x0000,0x0000,0x0000,0x0000,0x0000,0x0000

	.hword 0x0000,0x0000,0x0000,0x0000,0x0000,0x0000,0x0000,0x0000
	.hword 0x0000,0x0000,0x0000,0x0000,0x0000,0x0000,0x0000,0x0000
	.hword 0x0000,0x0000,0x0000,0x0000,0x0000,0x0000,0x0000,0x0000
	.hword 0x0000,0x0000,0x0000,0x0000,0x0000,0x0000,0x0000,0x0000
	.hword 0x0000,0x0000,0x0000,0x0000,0x0000,0x0000,0x0000,0x0000
	.hword 0x0000,0x0000,0x0000,0x0000,0x0000,0x0000,0x0000,0x0000
	.hword 0x0000,0x0000,0x0000,0x0000,0x0000,0x0000,0x0000,0x0000
	.hword 0x0000,0x0000,0x0000,0x0000,0x0000,0x0000,0x0000,0x0000

	.hword 0x0000,0x0000,0x0000,0x0000,0x0000,0x0000,0x0000,0x0000
	.hword 0x0000,0x0000,0x0000,0x0000,0x0000,0x0000,0x0000,0x0000
	.hword 0x0000,0x0000,0x0000,0x0000,0x0000,0x0000,0x0000,0x0000
	.hword 0x0000,0x0000,0x0000,0x0000,0x0000,0x0000,0x0000,0x0000
	.hword 0x0000,0x0000,0x0000,0x0000,0x0000,0x0000,0x0000,0x0000
	.hword 0x0000,0x0000,0x0000,0x0000,0x0000,0x0000,0x0000,0x0000
	.hword 0x0000,0x0000,0x0000,0x0000,0x0000,0x0000,0x0000,0x0000
	.hword 0x0000,0x0000,0x0000,0x0000,0x0000,0x0000,0x0000,0x0000

	.hword 0x0000,0x0000,0x0000,0x0000,0x0000,0x0000,0x0000,0x0000
	.hword 0x0000,0x0000,0x0000,0x0000,0x0000,0x0000,0x0000,0x0000
	.hword 0x0000,0x0000,0x0000,0x0000,0x0000,0x0000,0x0000,0x0000
	.hword 0x0000,0x0000,0x0000,0x0000,0x0000,0x0000,0x0000,0x0000
	.hword 0x0000,0x0000,0x0000,0x0000,0x0000,0x0000,0x0000,0x0000
	.hword 0x0000,0x0000,0x0000,0x0000,0x0000,0x0000,0x0000,0x0000
	.hword 0x0000,0x0000,0x0000,0x0000,0x0000,0x0000,0x0000,0x0000
	.hword 0x0000,0x0000,0x0000,0x0000,0x0000,0x0000,0x0000,0x0000

	.hword 0x0000,0x0000,0x0000,0x0000,0x0000,0x0000,0x0000,0x0000
	.hword 0x0000,0x0000,0x0000,0x0000,0x0000,0x0000,0x0000,0x0000
	.hword 0x0000,0x0000,0x0000,0x0000,0x0000,0x0000,0x0000,0x0000
	.hword 0x0000,0x0000,0x0000,0x0000,0x0000,0x0000,0x0000,0x0000
	.hword 0x0000,0x0000,0x0000,0x0000,0x0000,0x0000,0x0000,0x0000
	.hword 0x0000,0x0000,0x0000,0x0000,0x0000,0x0000,0x0000,0x0000
	.hword 0x0000,0x0000,0x0000,0x0000,0x0000,0x0000,0x0000,0x0000
	.hword 0x0000,0x0000,0x0000,0x0000,0x0000,0x0000,0x0000,0x0000

	.hword 0x0000,0x0000,0x0000,0x0000,0x0000,0x0000,0x0000,0x0000
	.hword 0x0000,0x0000,0x0000,0x0000,0x0000,0x0000,0x0000,0x0000
	.hword 0x0000,0x0000,0x0000,0x0000,0x0000,0x0000,0x0000,0x0000
	.hword 0x0000,0x0000,0x0000,0x0000,0x0000,0x0000,0x0000,0x0000
	.hword 0x0000,0x0000,0x0000,0x0000,0x0000,0x0000,0x0000,0x0000
	.hword 0x0000,0x0000,0x0000,0x0000,0x0000,0x0000,0x0000,0x0000
	.hword 0x0000,0x0000,0x0000,0x0000,0x0000,0x0000,0x0000,0x0000
	.hword 0x0000,0x0000,0x0000,0x0000,0x0000,0x0000,0x0000,0x0000

	.hword 0x0000,0x0000,0x0000,0x0000,0x0000,0x0000,0x0000,0x0000
	.hword 0x0000,0x0000,0x0000,0x0000,0x0000,0x0000,0x0000,0x0000
	.hword 0x0000,0x0000,0x0000,0x0000,0x0000,0x0000,0x0000,0x0000
	.hword 0x0000,0x0000,0x0000,0x0000,0x0000,0x0000,0x0000,0x0000
	.hword 0x0000,0x0000,0x0000,0x0000,0x0000,0x0000,0x0000,0x0000
	.hword 0x0000,0x0000,0x0000,0x0000,0x0000,0x0000,0x0000,0x0000
	.hword 0x0000,0x0000,0x0000,0x0000,0x0000,0x0000,0x0000,0x0000
	.hword 0x0000,0x0000,0x0000,0x0000,0x0000,0x0000,0x0000,0x0000

	.hword 0x0000,0x0000,0x0000,0x0000,0x0000,0x0000,0x0000,0x0000
	.hword 0x0000,0x0000,0x0000,0x0000,0x0000,0x0000,0x0000,0x0000
	.hword 0x0000,0x0000,0x0000,0x0000,0x0000,0x0000,0x0000,0x0000
	.hword 0x0000,0x0000,0x0000,0x0000,0x0000,0x0000,0x0000,0x0000
	.hword 0x0000,0x0000,0x0000,0x0000,0x0000,0x0000,0x0000,0x0000
	.hword 0x0000,0x0000,0x0000,0x0000,0x0000,0x0000,0x0000,0x0000
	.hword 0x0000,0x0000,0x0000,0x0000,0x0000,0x0000,0x0000,0x0000
	.hword 0x0000,0x0000,0x0000,0x0000,0x0000,0x0000,0x0000,0x0000

	.hword 0x0000,0x0000,0x0000,0x0000,0x0000,0x0000,0x0000,0x0000
	.hword 0x0000,0x0000,0x0000,0x0000,0x0000,0x0000,0x0000,0x0000
	.hword 0x0000,0x0000,0x0000,0x0000,0x0000,0x0000,0x0000,0x0000
	.hword 0x0000,0x0000,0x0000,0x0000,0x0000,0x0000,0x0000,0x0000
	.hword 0x0000,0x0000,0x0000,0x0000,0x0000,0x0000,0x0000,0x0000
	.hword 0x0000,0x0000,0x0000,0x0000,0x0000,0x0000,0x0000,0x0000
	.hword 0x0000,0x0000,0x0000,0x0000,0x0000,0x0000,0x0000,0x0000
	.hword 0x0000,0x0000,0x0000,0x0000,0x0000,0x0000,0x0000,0x0000

	.hword 0x0000,0x0000,0x0000,0x0000,0x0000,0x0000,0x0000,0x0000
	.hword 0x0000,0x0000,0x0000,0x0000,0x0000,0x0000,0x0000,0x0000
	.hword 0x0000,0x0000,0x0000,0x0000,0x0000,0x0000,0x0000,0x0000
	.hword 0x0000,0x0000,0x0000,0x0000,0x0000,0x0000,0x0000,0x0000
	.hword 0x0000,0x0000,0x0000,0x0000,0x0000,0x0000,0x0000,0x0000
	.hword 0x0000,0x0000,0x0000,0x0000,0x0000,0x0000,0x0000,0x0000
	.hword 0x0000,0x0000,0x0000,0x0000,0x0000,0x0000,0x0000,0x0000
	.hword 0x0000,0x0000,0x0000,0x0000,0x0000,0x0000,0x0000,0x0000

	.hword 0x0000,0x0000,0x0000,0x0000,0x0000,0x0000,0x0000,0x0000
	.hword 0x0000,0x0000,0x0000,0x0000,0x0000,0x0000,0x0000,0x0000
	.hword 0x0000,0x0000,0x0000,0x0000,0x0000,0x0000,0x0000,0x0000
	.hword 0x0000,0x0000,0x0000,0x0000,0x0000,0x0000,0x0000,0x0000
	.hword 0x0000,0x0000,0x0000,0x0000,0x0000,0x0000,0x0000,0x0000
	.hword 0x0000,0x0000,0x0000,0x0000,0x0000,0x0000,0x0000,0x0000
	.hword 0x0000,0x0000,0x0000,0x0000,0x0000,0x0000,0x0000,0x0000
	.hword 0x0000,0x0000,0x0000,0x0000,0x0000,0x0000,0x0000,0x0000

	.hword 0x0000,0x0000,0x0000,0x0000,0x0000,0x0000,0x0000,0x0000
	.hword 0x0000,0x0000,0x0000,0x0000,0x0000,0x0000,0x0000,0x0000
	.hword 0x0000,0x0000,0x0000,0x0000,0x0000,0x0000,0x0000,0x0000
	.hword 0x0000,0x0000,0x0000,0x0000,0x0000,0x0000,0x0000,0x0000
	.hword 0x0000,0x0000,0x0000,0x0000,0x0000,0x0000,0x0000,0x0000
	.hword 0x0000,0x0000,0x0000,0x0000,0x0000,0x0000,0x0000,0x0000
	.hword 0x0000,0x0000,0x0000,0x0000,0x0000,0x0000,0x0000,0x0000
	.hword 0x0000,0x0000,0x0000,0x0000,0x0000,0x0000,0x0000,0x0000

	.hword 0x0000,0x0000,0x0000,0x0000,0x0000,0x0000,0x0000,0x0000
	.hword 0x0000,0x0000,0x0000,0x0000,0x0000,0x0000,0x0000,0x0000
	.hword 0x0000,0x0000,0x0000,0x0000,0x0000,0x0000,0x0000,0x0000
	.hword 0x0000,0x0000,0x0000,0x0000,0x0000,0x0000,0x0000,0x0000
	.hword 0x0000,0x0000,0x0000,0x0000,0x0000,0x0000,0x0000,0x0000
	.hword 0x0000,0x0000,0x0000,0x0000,0x0000,0x0000,0x0000,0x0000
	.hword 0x0000,0x0000,0x0000,0x0000,0x0000,0x0000,0x0000,0x0000
	.hword 0x0000,0x0000,0x0000,0x0000,0x0000,0x0000,0x0000,0x0000

	.hword 0x0000,0x0000,0x0000,0x0000,0x0000,0x0000,0x0000,0x0000
	.hword 0x0000,0x0000,0x0000,0x0000,0x0000,0x0000,0x0000,0x0000
	.hword 0x0000,0x0000,0x0000,0x0000,0x0000,0x0000,0x0000,0x0000
	.hword 0x0000,0x0000,0x0000,0x0000,0x0000,0x0000,0x0000,0x0000
	.hword 0x0000,0x0000,0x0000,0x0000,0x0000,0x0000,0x0000,0x0000
	.hword 0x0000,0x0000,0x0000,0x0000,0x0000,0x0000,0x0000,0x0000
	.hword 0x0000,0x0000,0x0000,0x0000,0x0000,0x0000,0x0000,0x0000
	.hword 0x0000,0x0000,0x0000,0x0000,0x0000,0x0000,0x0000,0x0000

	.hword 0x0000,0x0000,0x0000,0x0000,0x0000,0x0000,0x0000,0x0000
	.hword 0x0000,0x0000,0x0000,0x0000,0x0000,0x0000,0x0000,0x0000
	.hword 0x0000,0x0000,0x0000,0x0000,0x0000,0x0000,0x0000,0x0000
	.hword 0x0000,0x0000,0x0000,0x0000,0x0000,0x0000,0x0000,0x0000
	.hword 0x0000,0x0000,0x0000,0x0000,0x0000,0x0000,0x0000,0x0000
	.hword 0x0000,0x0000,0x0000,0x0000,0x0000,0x0000,0x0000,0x0000
	.hword 0x0000,0x0000,0x0000,0x0000,0x0000,0x0000,0x0000,0x0000
	.hword 0x0000,0x0000,0x0000,0x0000,0x0000,0x0000,0x0000,0x0000

	.hword 0x0000,0x0000,0x0000,0x0000,0x0000,0x0000,0x0000,0x0000
	.hword 0x0000,0x0000,0x0000,0x0000,0x0000,0x0000,0x0000,0x0000
	.hword 0x0000,0x0000,0x0000,0x0000,0x0000,0x0000,0x0000,0x0000
	.hword 0x0000,0x0000,0x0000,0x0000,0x0000,0x0000,0x0000,0x0000
	.hword 0x0000,0x0000,0x0000,0x0000,0x0000,0x0000,0x0000,0x0000
	.hword 0x0000,0x0000,0x0000,0x0000,0x0000,0x0000,0x0000,0x0000
	.hword 0x0000,0x0000,0x0000,0x0000,0x0000,0x0000,0x0000,0x0000
	.hword 0x0000,0x0000,0x0000,0x0000,0x0000,0x0000,0x0000,0x0000

	.hword 0x0000,0x0000,0x0000,0x0000,0x0000,0x0000,0x0000,0x0000
	.hword 0x0000,0x0000,0x0000,0x0000,0x0000,0x0000,0x0000,0x0000
	.hword 0x0000,0x0000,0x0000,0x0000,0x0000,0x0000,0x0000,0x0000
	.hword 0x0000,0x0000,0x0000,0x0000,0x0000,0x0000,0x0000,0x0000
	.hword 0x0000,0x0000,0x0000,0x0000,0x0000,0x0000,0x0000,0x0000
	.hword 0x0000,0x0000,0x0000,0x0000,0x0000,0x0000,0x0000,0x0000
	.hword 0x0000,0x0000,0x0000,0x0000,0x0000,0x0000,0x0000,0x0000
	.hword 0x0000,0x0000,0x0000,0x0000,0x0000,0x0000,0x0000,0x0000

	.hword 0x0000,0x0000,0x0000,0x0000,0x0000,0x0000,0x0000,0x0000
	.hword 0x0000,0x0000,0x0000,0x0000,0x0000,0x0000,0x0000,0x0000
	.hword 0x0000,0x0000,0x0000,0x0000,0x0000,0x0000,0x0000,0x0000
	.hword 0x0000,0x0000,0x0000,0x0000,0x0000,0x0000,0x0000,0x0000
	.hword 0x0000,0x0000,0x0000,0x0000,0x0000,0x0000,0x0000,0x0000
	.hword 0x0000,0x0000,0x0000,0x0000,0x0000,0x0000,0x0000,0x0000
	.hword 0x0000,0x0000,0x0000,0x0000,0x0000,0x0000,0x0000,0x0000
	.hword 0x0000,0x0000,0x0000,0x0000,0x0000,0x0000,0x0000,0x0000

	.hword 0x0000,0x0000,0x0000,0x0000,0x0000,0x0000,0x0000,0x0000
	.hword 0x0000,0x0000,0x0000,0x0000,0x0000,0x0000,0x0000,0x0000
	.hword 0x0000,0x0000,0x0000,0x0000,0x0000,0x0000,0x0000,0x0000
	.hword 0x0000,0x0000,0x0000,0x0000,0x0000,0x0000,0x0000,0x0000
	.hword 0x0000,0x0000,0x0000,0x0000,0x0000,0x0000,0x0000,0x0000
	.hword 0x0000,0x0000,0x0000,0x0000,0x0000,0x0000,0x0000,0x0000
	.hword 0x0000,0x0000,0x0000,0x0000,0x0000,0x0000,0x0000,0x0000
	.hword 0x0000,0x0000,0x0000,0x0000,0x0000,0x0000,0x0000,0x0000

	.hword 0x0000,0x0000,0x0000,0x0000,0x0000,0x0000,0x0000,0x0000
	.hword 0x0000,0x0000,0x0000,0x0000,0x0000,0x0000,0x0000,0x0000
	.hword 0x0000,0x0000,0x0000,0x0000,0x0000,0x0000,0x0000,0x0000
	.hword 0x0000,0x0000,0x0000,0x0000,0x0000,0x0000,0x0000,0x0000
	.hword 0x0000,0x0000,0x0000,0x0000,0x0000,0x0000,0x0000,0x0000
	.hword 0x0000,0x0000,0x0000,0x0000,0x0000,0x0000,0x0000,0x0000
	.hword 0x0000,0x0000,0x0000,0x0000,0x0000,0x0000,0x0000,0x0000
	.hword 0x0000,0x0000,0x0000,0x0000,0x0000,0x0000,0x0000,0x0000

	.hword 0x0000,0x0000,0x0000,0x0000,0x0000,0x0000,0x0000,0x0000
	.hword 0x0000,0x0000,0x0000,0x0000,0x0000,0x0000,0x0000,0x0000
	.hword 0x0000,0x0000,0x0000,0x0000,0x0000,0x0000,0x0000,0x0000
	.hword 0x0000,0x0000,0x0000,0x0000,0x0000,0x0000,0x0000,0x0000
	.hword 0x0000,0x0000,0x0000,0x0000,0x0000,0x0000,0x0000,0x0000
	.hword 0x0000,0x0000,0x0000,0x0000,0x0000,0x0000,0x0000,0x0000
	.hword 0x0000,0x0000,0x0000,0x0000,0x0000,0x0000,0x0000,0x0000
	.hword 0x0000,0x0000,0x0000,0x0000,0x0000,0x0000,0x0000,0x0000

	.hword 0x0000,0x0000,0x0000,0x0000,0x0000,0x0000,0x0000,0x0000
	.hword 0x0000,0x0000,0x0000,0x0000,0x0000,0x0000,0x0000,0x0000
	.hword 0x0000,0x0000,0x0000,0x0000,0x0000,0x0000,0x0000,0x0000
	.hword 0x0000,0x0000,0x0000,0x0000,0x0000,0x0000,0x0000,0x0000
	.hword 0x0000,0x0000,0x0000,0x0000,0x0000,0x0000,0x0000,0x0000
	.hword 0x0000,0x0000,0x0000,0x0000,0x0000,0x0000,0x0000,0x0000
	.hword 0x0000,0x0000,0x0000,0x0000,0x0000,0x0000,0x0000,0x0000
	.hword 0x0000,0x0000,0x0000,0x0000,0x0000,0x0000,0x0000,0x0000

	.hword 0x0000,0x0000,0x0000,0x0000,0x0000,0x0000,0x0000,0x0000
	.hword 0x0000,0x0000,0x0000,0x0000,0x0000,0x0000,0x0000,0x0000
	.hword 0x0000,0x0000,0x0000,0x0000,0x0000,0x0000,0x0000,0x0000
	.hword 0x0000,0x0000,0x0000,0x0000,0x0000,0x0000,0x0000,0x0000
	.hword 0x0000,0x0000,0x0000,0x0000,0x0000,0x0000,0x0000,0x0000
	.hword 0x0000,0x0000,0x0000,0x0000,0x0000,0x0000,0x0000,0x0000
	.hword 0x0000,0x0000,0x0000,0x0000,0x0000,0x0000,0x0000,0x0000
	.hword 0x0000,0x0000,0x0000,0x0000,0x0000,0x0000,0x0000,0x0000

	.hword 0x0000,0x0000,0x0000,0x0000,0x0000,0x0000,0x0000,0x0000
	.hword 0x0000,0x0000,0x0000,0x0000,0x0000,0x0000,0x0000,0x0000
	.hword 0x0000,0x0000,0x0000,0x0000,0x0000,0x0000,0x0000,0x0000
	.hword 0x0000,0x0000,0x0000,0x0000,0x0000,0x0000,0x0000,0x0000
	.hword 0x0000,0x0000,0x0000,0x0000,0x0000,0x0000,0x0000,0x0000
	.hword 0x0000,0x0000,0x0000,0x0000,0x0000,0x0000,0x0000,0x0000
	.hword 0x0000,0x0000,0x0000,0x0000,0x0000,0x0000,0x0000,0x0000
	.hword 0x0000,0x0000,0x0000,0x0000,0x0000,0x0000,0x0000,0x0000

	.hword 0x0000,0x0000,0x0000,0x0000,0x0000,0x0000,0x0000,0x0000
	.hword 0x0000,0x0000,0x0000,0x0000,0x0000,0x0000,0x0000,0x0000
	.hword 0x0000,0x0000,0x0000,0x0000,0x0000,0x0000,0x0000,0x0000
	.hword 0x0000,0x0000,0x0000,0x0000,0x0000,0x0000,0x0000,0x0000
	.hword 0x0000,0x0000,0x0000,0x0000,0x0000,0x0000,0x0000,0x0000
	.hword 0x0000,0x0000,0x0000,0x0000,0x0000,0x0000,0x0000,0x0000
	.hword 0x0000,0x0000,0x0000,0x0000,0x0000,0x0000,0x0000,0x0000
	.hword 0x0000,0x0000,0x0000,0x0000,0x0000,0x0000,0x0000,0x0000

	.hword 0x0000,0x0000,0x0000,0x0000,0x0000,0x0000,0x0000,0x0000
	.hword 0x0000,0x0000,0x0000,0x0000,0x0000,0x0000,0x0000,0x0000
	.hword 0x0000,0x0000,0x0000,0x0000,0x0000,0x0000,0x0000,0x0000
	.hword 0x0000,0x0000,0x0000,0x0000,0x0000,0x0000,0x0000,0x0000
	.hword 0x0000,0x0000,0x0000,0x0000,0x0000,0x0000,0x0000,0x0000
	.hword 0x0000,0x0000,0x0000,0x0000,0x0000,0x0000,0x0000,0x0000
	.hword 0x0000,0x0000,0x0000,0x0000,0x0000,0x0000,0x0000,0x0000
	.hword 0x0000,0x0000,0x0000,0x0000,0x0000,0x0000,0x0000,0x0000

	.hword 0x0000,0x0000,0x0000,0x0000,0x0000,0x0000,0x0000,0x0000
	.hword 0x0000,0x0000,0x0000,0x0000,0x0000,0x0000,0x0000,0x0000
	.hword 0x0000,0x0000,0x0000,0x0000,0x0000,0x0000,0x0000,0x0000
	.hword 0x0000,0x0000,0x0000,0x0000,0x0000,0x0000,0x0000,0x0000
	.hword 0x0000,0x0000,0x0000,0x0000,0x0000,0x0000,0x0000,0x0000
	.hword 0x0000,0x0000,0x0000,0x0000,0x0000,0x0000,0x0000,0x0000
	.hword 0x0000,0x0000,0x0000,0x0000,0x0000,0x0000,0x0000,0x0000
	.hword 0x0000,0x0000,0x0000,0x0000,0x0000,0x0000,0x0000,0x0000

	.hword 0x0000,0x0000,0x0000,0x0000,0x0000,0x0000,0x0000,0x0000
	.hword 0x0000,0x0000,0x0000,0x0000,0x0000,0x0000,0x0000,0x0000
	.hword 0x0000,0x0000,0x0000,0x0000,0x0000,0x0000,0x0000,0x0000
	.hword 0x0000,0x0000,0x0000,0x0000,0x0000,0x0000,0x0000,0x0000
	.hword 0x0000,0x0000,0x0000,0x0000,0x0000,0x0000,0x0000,0x0000
	.hword 0x0000,0x0000,0x0000,0x0000,0x0000,0x0000,0x0000,0x0000
	.hword 0x0000,0x0000,0x0000,0x0000,0x0000,0x0000,0x0000,0x0000
	.hword 0x0000,0x0000,0x0000,0x0000,0x0000,0x0000,0x0000,0x0000

	.hword 0x0000,0x0000,0x0000,0x0000,0x0000,0x0000,0x0000,0x0000
	.hword 0x0000,0x0000,0x0000,0x0000,0x0000,0x0000,0x0000,0x0000
	.hword 0x0000,0x0000,0x0000,0x0000,0x0000,0x0000,0x0000,0x0000
	.hword 0x0000,0x0000,0x0000,0x0000,0x0000,0x0000,0x0000,0x0000
	.hword 0x0000,0x0000,0x0000,0x0000,0x0000,0x0000,0x0000,0x0000
	.hword 0x0000,0x0000,0x0000,0x0000,0x0000,0x0000,0x0000,0x0000
	.hword 0x0000,0x0000,0x0000,0x0000,0x0000,0x0000,0x0000,0x0000
	.hword 0x0000,0x0000,0x0000,0x0000,0x0000,0x0000,0x0000,0x0000

	.hword 0x0000,0x0000,0x0000,0x0000,0x0000,0x0000,0x0000,0x0000
	.hword 0x0000,0x0000,0x0000,0x0000,0x0000,0x0000,0x0000,0x0000
	.hword 0x0000,0x0000,0x0000,0x0000,0x0000,0x0000,0x0000,0x0000
	.hword 0x0000,0x0000,0x0000,0x0000,0x0000,0x0000,0x0000,0x0000
	.hword 0x0000,0x0000,0x0000,0x0000,0x0000,0x0000,0x0000,0x0000
	.hword 0x0000,0x0000,0x0000,0x0000,0x0000,0x0000,0x0000,0x0000
	.hword 0x0000,0x0000,0x0000,0x0000,0x0000,0x0000,0x0000,0x0000
	.hword 0x0000,0x0000,0x0000,0x0000,0x0000,0x0000,0x0000,0x0000

	.hword 0x0000,0x0000,0x0000,0x0000,0x0000,0x0000,0x0000,0x0000
	.hword 0x0000,0x0000,0x0000,0x0000,0x0000,0x0000,0x0000,0x0000
	.hword 0x0000,0x0000,0x0000,0x0000,0x0000,0x0000,0x0000,0x0000
	.hword 0x0000,0x0000,0x0000,0x0000,0x0000,0x0000,0x0000,0x0000
	.hword 0x0000,0x0000,0x0000,0x0000,0x0000,0x0000,0x0000,0x0000
	.hword 0x0000,0x0000,0x0000,0x0000,0x0000,0x0000,0x0000,0x0000
	.hword 0x0000,0x0000,0x0000,0x0000,0x0000,0x0000,0x0000,0x0000
	.hword 0x0000,0x0000,0x0000,0x0000,0x0000,0x0000,0x0000,0x0000

	.hword 0x0000,0x0000,0x0000,0x0000,0x0000,0x0000,0x0000,0x0000
	.hword 0x0000,0x0000,0x0000,0x0000,0x0000,0x0000,0x0000,0x0000
	.hword 0x0000,0x0000,0x0000,0x0000,0x0000,0x0000,0x0000,0x0000
	.hword 0x0000,0x0000,0x0000,0x0000,0x0000,0x0000,0x0000,0x0000
	.hword 0x0000,0x0000,0x0000,0x0000,0x0000,0x0000,0x0000,0x0000
	.hword 0x0000,0x0000,0x0000,0x0000,0x0000,0x0000,0x0000,0x0000
	.hword 0x0000,0x0000,0x0000,0x0000,0x0000,0x0000,0x0000,0x0000
	.hword 0x0000,0x0000,0x0000,0x0000,0x0000,0x0000,0x0000,0x0000

	.hword 0x0000,0x0000,0x0000,0x0000,0x0000,0x0000,0x0000,0x0000
	.hword 0x0000,0x0000,0x0000,0x0000,0x0000,0x0000,0x0000,0x0000
	.hword 0x0000,0x0000,0x0000,0x0000,0x0000,0x0000,0x0000,0x0000
	.hword 0x0000,0x0000,0x0000,0x0000,0x0000,0x0000,0x0000,0x0000
	.hword 0x0000,0x0000,0x0000,0x0000,0x0000,0x0000,0x0000,0x0000
	.hword 0x0000,0x0000,0x0000,0x0000,0x0000,0x0000,0x0000,0x0000
	.hword 0x0000,0x0000,0x0000,0x0000,0x0000,0x0000,0x0000,0x0000
	.hword 0x0000,0x0000,0x0000,0x0000,0x0000,0x0000,0x0000,0x0000

	.hword 0x0000,0x0000,0x0000,0x0000,0x0000,0x0000,0x0000,0x0000
	.hword 0x0000,0x0000,0x0000,0x0000,0x0000,0x0000,0x0000,0x0000
	.hword 0x0000,0x0000,0x0000,0x0000,0x0000,0x0000,0x0000,0x0000
	.hword 0x0000,0x0000,0x0000,0x0000,0x0000,0x0000,0x0000,0x0000
	.hword 0x0000,0x0000,0x0000,0x0000,0x0000,0x0000,0x0000,0x0000
	.hword 0x0000,0x0000,0x0000,0x0000,0x0000,0x0000,0x0000,0x0000
	.hword 0x0000,0x0000,0x0000,0x0000,0x0000,0x0000,0x0000,0x0000
	.hword 0x0000,0x0000,0x0000,0x0000,0x0000,0x0000,0x0000,0x0000

	.hword 0x0000,0x0000,0x0000,0x0000,0x0000,0x0000,0x0000,0x0000
	.hword 0x0000,0x0000,0x0000,0x0000,0x0000,0x0000,0x0000,0x0000
	.hword 0x0000,0x0000,0x0000,0x0000,0x0000,0x0000,0x0000,0x0000
	.hword 0x0000,0x0000,0x0000,0x0000,0x0000,0x0000,0x0000,0x0000
	.hword 0x0000,0x0000,0x0000,0x0000,0x0000,0x0000,0x0000,0x0000
	.hword 0x0000,0x0000,0x0000,0x0000,0x0000,0x0000,0x0000,0x0000
	.hword 0x0000,0x0000,0x0000,0x0000,0x0000,0x0000,0x0000,0x0000
	.hword 0x0000,0x0000,0x0000,0x0000,0x0000,0x0000,0x0000,0x0000

	.hword 0x0000,0x0000,0x0000,0x0000,0x0000,0x0000,0x0000,0x0000
	.hword 0x0000,0x0000,0x0000,0x0000,0x0000,0x0000,0x0000,0x0000
	.hword 0x0000,0x0000,0x0000,0x0000,0x0000,0x0000,0x0000,0x0000
	.hword 0x0000,0x0000,0x0000,0x0000,0x0000,0x0000,0x0000,0x0000
	.hword 0x0000,0x0000,0x0000,0x0000,0x0000,0x0000,0x0000,0x0000
	.hword 0x0000,0x0000,0x0000,0x0000,0x0000,0x0000,0x0000,0x0000
	.hword 0x0000,0x0000,0x0000,0x0000,0x0000,0x0000,0x0000,0x0000
	.hword 0x0000,0x0000,0x0000,0x0000,0x0000,0x0000,0x0000,0x0000

	.hword 0x0000,0x0000,0x0000,0x0000,0x0000,0x0000,0x0000,0x0000
	.hword 0x0000,0x0000,0x0000,0x0000,0x0000,0x0000,0x0000,0x0000
	.hword 0x0000,0x0000,0x0000,0x0000,0x0000,0x0000,0x0000,0x0000
	.hword 0x0000,0x0000,0x0000,0x0000,0x0000,0x0000,0x0000,0x0000
	.hword 0x0000,0x0000,0x0000,0x0000,0x0000,0x0000,0x0000,0x0000
	.hword 0x0000,0x0000,0x0000,0x0000,0x0000,0x0000,0x0000,0x0000
	.hword 0x0000,0x0000,0x0000,0x0000,0x0000,0x0000,0x0000,0x0000
	.hword 0x0000,0x0000,0x0000,0x0000,0x0000,0x0000,0x0000,0x0000

	.hword 0x0000,0x0000,0x0000,0x0000,0x0000,0x0000,0x0000,0x0000
	.hword 0x0000,0x0000,0x0000,0x0000,0x0000,0x0000,0x0000,0x0000
	.hword 0x0000,0x0000,0x0000,0x0000,0x0000,0x0000,0x0000,0x0000
	.hword 0x0000,0x0000,0x0000,0x0000,0x0000,0x0000,0x0000,0x0000
	.hword 0x0000,0x0000,0x0000,0x0000,0x0000,0x0000,0x0000,0x0000
	.hword 0x0000,0x0000,0x0000,0x0000,0x0000,0x0000,0x0000,0x0000
	.hword 0x0000,0x0000,0x0000,0x0000,0x0000,0x0000,0x0000,0x0000
	.hword 0x0000,0x0000,0x0000,0x0000,0x0000,0x0000,0x0000,0x0000

	.hword 0x0000,0x0000,0x0000,0x0000,0x0000,0x0000,0x0000,0x0000
	.hword 0x0000,0x0000,0x0000,0x0000,0x0000,0x0000,0x0000,0x0000
	.hword 0x0000,0x0000,0x0000,0x0000,0x0000,0x0000,0x0000,0x0000
	.hword 0x0000,0x0000,0x0000,0x0000,0x0000,0x0000,0x0000,0x0000
	.hword 0x0000,0x0000,0x0000,0x0000,0x0000,0x0000,0x0000,0x0000
	.hword 0x0000,0x0000,0x0000,0x0000,0x0000,0x0000,0x0000,0x0000
	.hword 0x0000,0x0000,0x0000,0x0000,0x0000,0x0000,0x0000,0x0000
	.hword 0x0000,0x0000,0x0000,0x0000,0x0000,0x0000,0x0000,0x0000

	.hword 0x0000,0x0000,0x0000,0x0000,0x0000,0x0000,0x0000,0x0000
	.hword 0x0000,0x0000,0x0000,0x0000,0x0000,0x0000,0x0000,0x0000
	.hword 0x0000,0x0000,0x0000,0x0000,0x0000,0x0000,0x0000,0x0000
	.hword 0x0000,0x0000,0x0000,0x0000,0x0000,0x0000,0x0000,0x0000
	.hword 0x0000,0x0000,0x0000,0x0000,0x0000,0x0000,0x0000,0x0000
	.hword 0x0000,0x0000,0x0000,0x0000,0x0000,0x0000,0x0000,0x0000
	.hword 0x0000,0x0000,0x0000,0x0000,0x0000,0x0000,0x0000,0x0000
	.hword 0x0000,0x0000,0x0000,0x0000,0x0000,0x0000,0x0000,0x0000

	.hword 0x0000,0x0000,0x0000,0x0000,0x0000,0x0000,0x0000,0x0000
	.hword 0x0000,0x0000,0x0000,0x0000,0x0000,0x0000,0x0000,0x0000
	.hword 0x0000,0x0000,0x0000,0x0000,0x0000,0x0000,0x0000,0x0000
	.hword 0x0000,0x0000,0x0000,0x0000,0x0000,0x0000,0x0000,0x0000
	.hword 0x0000,0x0000,0x0000,0x0000,0x0000,0x0000,0x0000,0x0000
	.hword 0x0000,0x0000,0x0000,0x0000,0x0000,0x0000,0x0000,0x0000
	.hword 0x0000,0x0000,0x0000,0x0000,0x0000,0x0000,0x0000,0x0000
	.hword 0x0000,0x0000,0x0000,0x0000,0x0000,0x0000,0x0000,0x0000

	.hword 0x0000,0x0000,0x0000,0x0000,0x0000,0x0000,0x0000,0x0000
	.hword 0x0000,0x0000,0x0000,0x0000,0x0000,0x0000,0x0000,0x0000
	.hword 0x0000,0x0000,0x0000,0x0000,0x0000,0x0000,0x0000,0x0000
	.hword 0x0000,0x0000,0x0000,0x0000,0x0000,0x0000,0x0000,0x0000
	.hword 0x0000,0x0000,0x0000,0x0000,0x0000,0x0000,0x0000,0x0000
	.hword 0x0000,0x0000,0x0000,0x0000,0x0000,0x0000,0x0000,0x0000
	.hword 0x0000,0x0000,0x0000,0x0000,0x0000,0x0000,0x0000,0x0000
	.hword 0x0000,0x0000,0x0000,0x0000,0x0000,0x0000,0x0000,0x0000

	.hword 0x0000,0x0000,0x0000,0x0000,0x0000,0x0000,0x0000,0x0000
	.hword 0x0000,0x0000,0x0000,0x0000,0x0000,0x0000,0x0000,0x0000
	.hword 0x0000,0x0000,0x0000,0x0000,0x0000,0x0000,0x0000,0x0000
	.hword 0x0000,0x0000,0x0000,0x0000,0x0000,0x0000,0x0000,0x0000
	.hword 0x0000,0x0000,0x0000,0x0000,0x0000,0x0000,0x0000,0x0000
	.hword 0x0000,0x0000,0x0000,0x0000,0x0000,0x0000,0x0000,0x0000
	.hword 0x0000,0x0000,0x0000,0x0000,0x0000,0x0000,0x0000,0x0000
	.hword 0x0000,0x0000,0x0000,0x0000,0x0000,0x0000,0x0000,0x0000

	.hword 0x0000,0x0000,0x0000,0x0000,0x0000,0x0000,0x0000,0x0000
	.hword 0x0000,0x0000,0x0000,0x0000,0x0000,0x0000,0x0000,0x0000
	.hword 0x0000,0x0000,0x0000,0x0000,0x0001,0x0002,0x0003,0x0004
	.hword 0x0000,0x0000,0x0000,0x0000,0x0000,0x0000,0x0000,0x0000
	.hword 0x0000,0x0000,0x0000,0x0000,0x0000,0x0000,0x0000,0x0000
	.hword 0x0000,0x0000,0x0000,0x0000,0x0000,0x0000,0x0000,0x0000
	.hword 0x0000,0x0000,0x0000,0x0000,0x0000,0x0000,0x0000,0x0000
	.hword 0x0000,0x0000,0x0000,0x0000,0x0000,0x0000,0x0000,0x0000

	.hword 0x0000,0x0000,0x0000,0x0000,0x0000,0x0000,0x0000,0x0000
	.hword 0x0000,0x0000,0x0000,0x0000,0x0000,0x0000,0x0000,0x0000
	.hword 0x0000,0x0000,0x0000,0x0000,0x0000,0x0000,0x0000,0x0000
	.hword 0x0000,0x0000,0x0000,0x0000,0x0000,0x0000,0x0000,0x0000
	.hword 0x0000,0x0000,0x0000,0x0000,0x0000,0x0000,0x0000,0x0000
	.hword 0x0000,0x0000,0x0000,0x0000,0x0000,0x0000,0x0000,0x0000
	.hword 0x0000,0x0000,0x0000,0x0000,0x0000,0x0000,0x0000,0x0000
	.hword 0x0000,0x0000,0x0000,0x0000,0x0000,0x0000,0x0000,0x0000

	.hword 0x0000,0x0000,0x0000,0x0000,0x0000,0x0000,0x0000,0x0000
	.hword 0x0000,0x0000,0x0000,0x0000,0x0000,0x0000,0x0000,0x0000
	.hword 0x0000,0x0000,0x0000,0x0000,0x0000,0x0000,0x0000,0x0000
	.hword 0x0000,0x0000,0x0000,0x0000,0x0000,0x0000,0x0000,0x0000
	.hword 0x0000,0x0000,0x0000,0x0000,0x0000,0x0000,0x0000,0x0000
	.hword 0x0000,0x0000,0x0000,0x0000,0x0000,0x0000,0x0000,0x0000
	.hword 0x0000,0x0000,0x0000,0x0000,0x0000,0x0000,0x0000,0x0000
	.hword 0x0000,0x0000,0x0000,0x0000,0x0000,0x0000,0x0000,0x0000

	.hword 0x0000,0x0000,0x0000,0x0000,0x0000,0x0000,0x0000,0x0000
	.hword 0x0000,0x0000,0x0000,0x0000,0x0000,0x0000,0x0000,0x0000
	.hword 0x0000,0x0000,0x0000,0x0000,0x0005,0x0006,0x0007,0x0008
	.hword 0x0000,0x0000,0x0000,0x0000,0x0000,0x0000,0x0000,0x0000
	.hword 0x0000,0x0000,0x0000,0x0000,0x0000,0x0000,0x0000,0x0000
	.hword 0x0000,0x0000,0x0000,0x0000,0x0000,0x0000,0x0000,0x0000
	.hword 0x0000,0x0000,0x0000,0x0000,0x0000,0x0000,0x0000,0x0000
	.hword 0x0000,0x0000,0x0000,0x0000,0x0000,0x0000,0x0000,0x0000

	.hword 0x0000,0x0000,0x0000,0x0000,0x0000,0x0000,0x0000,0x0000
	.hword 0x0000,0x0000,0x0000,0x0000,0x0000,0x0000,0x0000,0x0000
	.hword 0x0000,0x0000,0x0000,0x0000,0x0000,0x0000,0x0000,0x0000
	.hword 0x0000,0x0000,0x0000,0x0000,0x0000,0x0000,0x0000,0x0000
	.hword 0x0000,0x0000,0x0000,0x0000,0x0000,0x0000,0x0000,0x0000
	.hword 0x0000,0x0000,0x0000,0x0000,0x0000,0x0000,0x0000,0x0000
	.hword 0x0000,0x0000,0x0000,0x0000,0x0000,0x0000,0x0000,0x0000
	.hword 0x0000,0x0000,0x0000,0x0000,0x0000,0x0000,0x0000,0x0000

	.hword 0x0000,0x0000,0x0000,0x0000,0x0000,0x0000,0x0000,0x0000
	.hword 0x0000,0x0000,0x0000,0x0000,0x0000,0x0000,0x0000,0x0000
	.hword 0x0000,0x0000,0x0000,0x0000,0x0000,0x0000,0x0000,0x0000
	.hword 0x0000,0x0000,0x0000,0x0000,0x0000,0x0000,0x0000,0x0000
	.hword 0x0000,0x0000,0x0000,0x0000,0x0000,0x0000,0x0000,0x0000
	.hword 0x0000,0x0000,0x0000,0x0000,0x0000,0x0000,0x0000,0x0000
	.hword 0x0000,0x0000,0x0000,0x0000,0x0000,0x0000,0x0000,0x0000
	.hword 0x0000,0x0000,0x0000,0x0000,0x0000,0x0000,0x0000,0x0000

	.hword 0x0000,0x0000,0x0000,0x0000,0x0000,0x0000,0x0000,0x0000
	.hword 0x0000,0x0000,0x0000,0x0000,0x0000,0x0000,0x0000,0x0000
	.hword 0x0000,0x0000,0x0000,0x0000,0x0009,0x000A,0x000B,0x000C
	.hword 0x0000,0x0000,0x0000,0x0000,0x0000,0x0000,0x0000,0x0000
	.hword 0x0000,0x0000,0x0000,0x0000,0x0000,0x0000,0x0000,0x0000
	.hword 0x0000,0x0000,0x0000,0x0000,0x0000,0x0000,0x0000,0x0000
	.hword 0x0000,0x0000,0x0000,0x0000,0x0000,0x0000,0x0000,0x0000
	.hword 0x0000,0x0000,0x0000,0x0000,0x0000,0x0000,0x0000,0x0000

	.hword 0x0000,0x0000,0x0000,0x0000,0x0000,0x0000,0x0000,0x0000
	.hword 0x0000,0x0000,0x0000,0x0000,0x0000,0x0000,0x0000,0x0000
	.hword 0x0000,0x0000,0x0000,0x0000,0x0000,0x0000,0x0000,0x0000
	.hword 0x0000,0x0000,0x0000,0x0000,0x0000,0x0000,0x0000,0x0000
	.hword 0x0000,0x0000,0x0000,0x0000,0x0000,0x0000,0x0000,0x0000
	.hword 0x0000,0x0000,0x0000,0x0000,0x0000,0x0000,0x0000,0x0000
	.hword 0x0000,0x0000,0x0000,0x0000,0x0000,0x0000,0x0000,0x0000
	.hword 0x0000,0x0000,0x0000,0x0000,0x0000,0x0000,0x0000,0x0000

	.hword 0x0000,0x0000,0x0000,0x0000,0x0000,0x0000,0x0000,0x0000
	.hword 0x0000,0x0000,0x0000,0x0000,0x0000,0x0000,0x0000,0x0000
	.hword 0x0000,0x0000,0x0000,0x0000,0x0000,0x0000,0x0000,0x0000
	.hword 0x0000,0x0000,0x0000,0x0000,0x0000,0x0000,0x0000,0x0000
	.hword 0x0000,0x0000,0x0000,0x0000,0x0000,0x0000,0x0000,0x0000
	.hword 0x0000,0x0000,0x0000,0x0000,0x0000,0x0000,0x0000,0x0000
	.hword 0x0000,0x0000,0x0000,0x0000,0x0000,0x0000,0x0000,0x0000
	.hword 0x0000,0x0000,0x0000,0x0000,0x0000,0x0000,0x0000,0x0000

	.hword 0x0000,0x0000,0x0000,0x0000,0x0000,0x0000,0x0000,0x0000
	.hword 0x0000,0x0000,0x0000,0x0000,0x0000,0x0000,0x0000,0x0000
	.hword 0x0000,0x0000,0x0000,0x0000,0x0000,0x000D,0x000E,0x000F
	.hword 0x0000,0x0000,0x0000,0x0000,0x0000,0x0000,0x0000,0x0000
	.hword 0x0000,0x0000,0x0000,0x0000,0x0000,0x0000,0x0000,0x0000
	.hword 0x0010,0x0011,0x0012,0x0013,0x0014,0x0015,0x0016,0x0017
	.hword 0x0012,0x0013,0x0014,0x0015,0x0016,0x0017,0x0000,0x0000
	.hword 0x0000,0x0000,0x0018,0x0019,0x001A,0x001B,0x0018,0x0019

	.hword 0x001A,0x001B,0x0018,0x0019,0x001A,0x001B,0x0018,0x0019
	.hword 0x001A,0x001B,0x0018,0x0019,0x001A,0x001B,0x0000,0x0000
	.hword 0x0000,0x0000,0x0000,0x0000,0x0000,0x0000,0x0000,0x0000
	.hword 0x0000,0x0000,0x0000,0x0000,0x0000,0x0000,0x0000,0x0000
	.hword 0x0000,0x0000,0x0000,0x0000,0x0000,0x0000,0x0000,0x0000
	.hword 0x0000,0x0000,0x0000,0x0000,0x0000,0x0000,0x0000,0x0000
	.hword 0x0000,0x0000,0x0000,0x0000,0x0000,0x0000,0x0000,0x0000
	.hword 0x0000,0x0000,0x0000,0x0000,0x0000,0x0000,0x0000,0x0000

	.hword 0x0000,0x0000,0x0000,0x0000,0x0000,0x0000,0x0000,0x0000
	.hword 0x0000,0x0000,0x0000,0x0000,0x0000,0x0000,0x0000,0x0000
	.hword 0x0000,0x0000,0x0000,0x0000,0x0000,0x0000,0x0000,0x0000
	.hword 0x0000,0x0000,0x0000,0x0000,0x0000,0x0000,0x0000,0x0000
	.hword 0x0000,0x0000,0x0000,0x0000,0x0000,0x0000,0x0000,0x0000
	.hword 0x0000,0x0000,0x0000,0x0000,0x0000,0x0000,0x0000,0x0000
	.hword 0x0000,0x0000,0x0000,0x0000,0x0000,0x0000,0x0000,0x0000
	.hword 0x0000,0x0000,0x0000,0x0000,0x0000,0x0000,0x0000,0x0000

	.hword 0x0000,0x0000,0x0000,0x0000,0x0000,0x0000,0x0000,0x0000
	.hword 0x0000,0x0000,0x0000,0x0000,0x0000,0x0000,0x0000,0x0000
	.hword 0x0000,0x0000,0x0000,0x0000,0x0000,0x001C,0x001D,0x0000
	.hword 0x0000,0x0000,0x0000,0x0000,0x0000,0x0000,0x0000,0x0000
	.hword 0x0000,0x0000,0x0000,0x0000,0x0000,0x0000,0x001E,0x001F
	.hword 0x0020,0x0021,0x0022,0x0023,0x0024,0x0025,0x0026,0x0027
	.hword 0x0022,0x0023,0x0024,0x0025,0x0026,0x0027,0x0000,0x0000
	.hword 0x0000,0x0000,0x0000,0x0028,0x0029,0x002A,0x0000,0x0028

	.hword 0x0029,0x002A,0x0000,0x0028,0x0029,0x002A,0x0000,0x0028
	.hword 0x0029,0x002A,0x0000,0x0028,0x0029,0x002A,0x0000,0x0000
	.hword 0x0000,0x0000,0x0000,0x0000,0x0000,0x0000,0x0000,0x0000
	.hword 0x0000,0x0000,0x0000,0x0000,0x0000,0x0000,0x0000,0x0000
	.hword 0x0000,0x0000,0x0000,0x0000,0x0000,0x0000,0x0000,0x0000
	.hword 0x0000,0x0000,0x0000,0x0000,0x0000,0x0000,0x0000,0x0000
	.hword 0x0000,0x0000,0x0000,0x0000,0x0000,0x0000,0x0000,0x0000
	.hword 0x0000,0x0000,0x0000,0x0000,0x0000,0x0000,0x0000,0x0000

	.hword 0x0000,0x0000,0x0000,0x0000,0x0000,0x0000,0x0000,0x0000
	.hword 0x0000,0x0000,0x0000,0x0000,0x0000,0x0000,0x0000,0x0000
	.hword 0x0000,0x0000,0x0000,0x0000,0x0000,0x0000,0x0000,0x0000
	.hword 0x0000,0x0000,0x0000,0x0000,0x0000,0x0000,0x0000,0x0000
	.hword 0x0000,0x0000,0x0000,0x0000,0x0000,0x0000,0x0000,0x0000
	.hword 0x0000,0x0000,0x0000,0x0000,0x0000,0x0000,0x0000,0x0000
	.hword 0x0000,0x0000,0x0000,0x0000,0x0000,0x0000,0x0000,0x0000
	.hword 0x0000,0x0000,0x0000,0x0000,0x0000,0x0000,0x0000,0x0000

	.hword 0x0000,0x0000,0x0000,0x0000,0x0000,0x0000,0x0000,0x0000
	.hword 0x0000,0x0000,0x0000,0x0000,0x0000,0x0000,0x0000,0x0000
	.hword 0x0000,0x0000,0x0000,0x0000,0x0000,0x0000,0x0000,0x0000
	.hword 0x0000,0x0000,0x0000,0x0000,0x0000,0x0000,0x0000,0x0000
	.hword 0x0000,0x0000,0x0000,0x0000,0x0000,0x0000,0x0000,0x0000
	.hword 0x0000,0x0000,0x0000,0x0000,0x0000,0x0000,0x0000,0x0000
	.hword 0x0000,0x0000,0x0000,0x0000,0x0000,0x0000,0x0000,0x0000
	.hword 0x0000,0x0000,0x0000,0x002B,0x002C,0x0000,0x0000,0x002B

	.hword 0x002C,0x0000,0x0000,0x002B,0x002C,0x0000,0x0000,0x002B
	.hword 0x002C,0x0000,0x0000,0x002B,0x002C,0x0000,0x0000,0x0000
	.hword 0x0000,0x0000,0x0000,0x0000,0x0000,0x0000,0x0000,0x0000
	.hword 0x0000,0x0000,0x0000,0x0000,0x0000,0x0000,0x0000,0x0000
	.hword 0x0000,0x0000,0x0000,0x0000,0x0000,0x0000,0x0000,0x0000
	.hword 0x0000,0x0000,0x0000,0x0000,0x0000,0x0000,0x0000,0x0000
	.hword 0x0000,0x0000,0x0000,0x0000,0x0000,0x0000,0x0000,0x0000
	.hword 0x0000,0x0000,0x0000,0x0000,0x0000,0x0000,0x0000,0x0000

	.hword 0x0000,0x0000,0x0000,0x0000,0x0000,0x0000,0x0000,0x0000
	.hword 0x0000,0x0000,0x0000,0x0000,0x0000,0x0000,0x0000,0x0000
	.hword 0x0000,0x0000,0x0000,0x0000,0x0000,0x0000,0x0000,0x0000
	.hword 0x0000,0x0000,0x0000,0x0000,0x0000,0x0000,0x0000,0x0000
	.hword 0x0000,0x0000,0x0000,0x0000,0x0000,0x0000,0x0000,0x0000
	.hword 0x0000,0x0000,0x0000,0x0000,0x0000,0x0000,0x0000,0x0000
	.hword 0x0000,0x0000,0x0000,0x0000,0x0000,0x0000,0x0000,0x0000
	.hword 0x0000,0x0000,0x0000,0x0000,0x0000,0x0000,0x0000,0x0000

	.hword 0x0000,0x0000,0x0000,0x0000,0x0000,0x0000,0x0000,0x0000
	.hword 0x0000,0x0000,0x0000,0x0000,0x0000,0x0000,0x0000,0x0000
	.hword 0x0000,0x0000,0x0000,0x0000,0x0000,0x0000,0x0000,0x0000
	.hword 0x0000,0x0000,0x0000,0x0000,0x0000,0x0000,0x0000,0x0000
	.hword 0x0000,0x0000,0x0000,0x0000,0x0000,0x0000,0x0000,0x0000
	.hword 0x0000,0x0000,0x0000,0x0000,0x0000,0x0000,0x0000,0x0000
	.hword 0x0000,0x0000,0x0000,0x0000,0x0000,0x0000,0x0000,0x0000
	.hword 0x0000,0x0000,0x0000,0x002D,0x002E,0x0000,0x0000,0x002D

	.hword 0x002E,0x0000,0x0000,0x002D,0x002E,0x0000,0x0000,0x002D
	.hword 0x002E,0x0000,0x0000,0x002D,0x002E,0x0000,0x0000,0x0000
	.hword 0x0000,0x0000,0x0000,0x0000,0x0000,0x0000,0x0000,0x0000
	.hword 0x0000,0x0000,0x0000,0x0000,0x0000,0x0000,0x0000,0x0000
	.hword 0x0000,0x0000,0x0000,0x0000,0x0000,0x0000,0x0000,0x0000
	.hword 0x0000,0x0000,0x0000,0x0000,0x0000,0x0000,0x0000,0x0000
	.hword 0x0000,0x0000,0x0000,0x0000,0x0000,0x0000,0x0000,0x0000
	.hword 0x0000,0x0000,0x0000,0x0000,0x0000,0x0000,0x0000,0x0000

	.hword 0x0000,0x0000,0x0000,0x0000,0x0000,0x0000,0x0000,0x0000
	.hword 0x0000,0x0000,0x0000,0x0000,0x0000,0x0000,0x0000,0x0000
	.hword 0x0000,0x0000,0x0000,0x0000,0x0000,0x0000,0x0000,0x0000
	.hword 0x0000,0x0000,0x0000,0x0000,0x0000,0x0000,0x0000,0x0000
	.hword 0x0000,0x0000,0x0000,0x0000,0x0000,0x0000,0x0000,0x0000
	.hword 0x0000,0x0000,0x0000,0x0000,0x0000,0x0000,0x0000,0x0000
	.hword 0x0000,0x0000,0x0000,0x0000,0x0000,0x0000,0x0000,0x0000
	.hword 0x0000,0x0000,0x0000,0x0000,0x0000,0x0000,0x0000,0x0000

	.hword 0x0000,0x0000,0x0000,0x0000,0x0000,0x0000,0x0000,0x0000
	.hword 0x0000,0x0000,0x0000,0x0000,0x0000,0x0000,0x0000,0x0000
	.hword 0x0000,0x0000,0x0000,0x0000,0x0000,0x0000,0x0000,0x0000
	.hword 0x0000,0x0000,0x0000,0x0000,0x0000,0x0000,0x0000,0x0000
	.hword 0x0000,0x0000,0x0000,0x0000,0x0000,0x0000,0x0000,0x0000
	.hword 0x0000,0x0000,0x0000,0x0000,0x0000,0x0000,0x0000,0x0000
	.hword 0x0000,0x0000,0x0000,0x0000,0x0000,0x0000,0x0000,0x0000
	.hword 0x0000,0x0000,0x0000,0x0000,0x0000,0x0000,0x0000,0x0000

	.hword 0x0000,0x0000,0x0000,0x0000,0x0000,0x0000,0x0000,0x0000
	.hword 0x0000,0x0000,0x0000,0x0000,0x0000,0x0000,0x0000,0x0000
	.hword 0x0000,0x0000,0x0000,0x0000,0x0000,0x0000,0x0000,0x0000
	.hword 0x0000,0x0000,0x0000,0x0000,0x0000,0x0000,0x0000,0x0000
	.hword 0x0000,0x0000,0x0000,0x0000,0x0000,0x0000,0x0000,0x0000
	.hword 0x0000,0x0000,0x0000,0x0000,0x0000,0x0000,0x0000,0x0000
	.hword 0x0000,0x0000,0x0000,0x0000,0x0000,0x0000,0x0000,0x0000
	.hword 0x0000,0x0000,0x0000,0x0000,0x0000,0x0000,0x0000,0x0000

	.hword 0x0000,0x0000,0x0000,0x0000,0x0000,0x0000,0x0000,0x0000
	.hword 0x0000,0x0000,0x0000,0x0000,0x0000,0x0000,0x0000,0x0000
	.hword 0x0000,0x0000,0x0000,0x0000,0x0000,0x0000,0x0000,0x0000
	.hword 0x0000,0x0000,0x0000,0x0000,0x0000,0x0000,0x0000,0x0000
	.hword 0x0000,0x0000,0x0000,0x0000,0x0000,0x0000,0x0000,0x0000
	.hword 0x0000,0x0000,0x0000,0x0000,0x0000,0x0000,0x0000,0x0000
	.hword 0x0000,0x0000,0x0000,0x0000,0x0000,0x0000,0x0000,0x0000
	.hword 0x0000,0x0000,0x0000,0x0000,0x0000,0x0000,0x0000,0x0000

	.hword 0x0000,0x0000,0x0000,0x0000,0x0000,0x0000,0x0000,0x0000
	.hword 0x0000,0x0000,0x0000,0x0000,0x0000,0x0000,0x0000,0x0000
	.hword 0x0000,0x0000,0x0000,0x0000,0x0000,0x0000,0x0000,0x0000
	.hword 0x0000,0x0000,0x0000,0x0000,0x0000,0x0000,0x0000,0x0000
	.hword 0x0000,0x0000,0x0000,0x0000,0x0000,0x0000,0x0000,0x0000
	.hword 0x0000,0x0000,0x0000,0x0000,0x0000,0x0000,0x0000,0x0000
	.hword 0x0000,0x0000,0x0000,0x0000,0x0000,0x0000,0x0000,0x0000
	.hword 0x0000,0x0000,0x0000,0x0000,0x0000,0x0000,0x0000,0x0000

	.hword 0x0000,0x0000,0x0000,0x0000,0x0000,0x0000,0x0000,0x0000
	.hword 0x0000,0x0000,0x0000,0x0000,0x0000,0x0000,0x0000,0x0000
	.hword 0x0000,0x0000,0x0000,0x0000,0x0000,0x0000,0x0000,0x0000
	.hword 0x0000,0x0000,0x0000,0x0000,0x0000,0x0000,0x0000,0x0000
	.hword 0x0000,0x0000,0x0000,0x0000,0x0000,0x0000,0x0000,0x0000
	.hword 0x0000,0x0000,0x0000,0x0000,0x0000,0x0000,0x0000,0x0000
	.hword 0x0000,0x0000,0x0000,0x0000,0x0000,0x0000,0x0000,0x0000
	.hword 0x0000,0x0000,0x0000,0x0000,0x0000,0x0000,0x0000,0x0000

	.hword 0x0000,0x0000,0x0000,0x0000,0x0000,0x0000,0x0000,0x0000
	.hword 0x0000,0x0000,0x0000,0x0000,0x0000,0x0000,0x0000,0x0000
	.hword 0x0000,0x0000,0x0000,0x0000,0x0000,0x0000,0x0000,0x0000
	.hword 0x0000,0x0000,0x0000,0x0000,0x0000,0x0000,0x0000,0x0000
	.hword 0x0000,0x0000,0x0000,0x0000,0x0000,0x0000,0x0000,0x0000
	.hword 0x0000,0x0000,0x0000,0x0000,0x0000,0x0000,0x0000,0x0000
	.hword 0x0000,0x0000,0x0000,0x0000,0x0000,0x0000,0x0000,0x0000
	.hword 0x0000,0x0000,0x0000,0x0000,0x0000,0x0000,0x0000,0x0000

	.hword 0x0000,0x0000,0x0000,0x0000,0x0000,0x0000,0x0000,0x0000
	.hword 0x0000,0x0000,0x0000,0x0000,0x0000,0x0000,0x0000,0x0000
	.hword 0x0000,0x0000,0x0000,0x0000,0x0000,0x0000,0x0000,0x0000
	.hword 0x0000,0x0000,0x0000,0x0000,0x0000,0x0000,0x0000,0x0000
	.hword 0x0000,0x0000,0x0000,0x0000,0x0000,0x0000,0x0000,0x0000
	.hword 0x0000,0x0000,0x0000,0x0000,0x0000,0x0000,0x0000,0x0000
	.hword 0x0000,0x0000,0x0000,0x0000,0x0000,0x0000,0x0000,0x0000
	.hword 0x0000,0x0000,0x0000,0x0000,0x0000,0x0000,0x0000,0x0000

	.hword 0x0000,0x0000,0x0000,0x0000,0x0000,0x0000,0x0000,0x0000
	.hword 0x0000,0x0000,0x0000,0x0000,0x0000,0x0000,0x0000,0x0000
	.hword 0x0000,0x0000,0x0000,0x0000,0x0000,0x0000,0x0000,0x0000
	.hword 0x0000,0x0000,0x0000,0x0000,0x0000,0x0000,0x0000,0x0000
	.hword 0x0000,0x0000,0x0000,0x0000,0x0000,0x0000,0x0000,0x0000
	.hword 0x0000,0x0000,0x0000,0x0000,0x0000,0x0000,0x0000,0x0000
	.hword 0x0000,0x0000,0x0000,0x0000,0x0000,0x0000,0x0000,0x0000
	.hword 0x0000,0x0000,0x0000,0x0000,0x0000,0x0000,0x0000,0x0000

	.hword 0x0000,0x0000,0x0000,0x0000,0x0000,0x0000,0x0000,0x0000
	.hword 0x0000,0x0000,0x0000,0x0000,0x0000,0x0000,0x0000,0x0000
	.hword 0x0000,0x0000,0x0000,0x0000,0x0000,0x0000,0x0000,0x0000
	.hword 0x0000,0x0000,0x0000,0x0000,0x002F,0x0030,0x002F,0x0030
	.hword 0x002F,0x0030,0x002F,0x0030,0x002F,0x0030,0x002F,0x0030
	.hword 0x002F,0x0030,0x002F,0x0030,0x002F,0x0030,0x002F,0x0030
	.hword 0x002F,0x0030,0x002F,0x0030,0x002F,0x0030,0x002F,0x0030
	.hword 0x002F,0x0030,0x0000,0x0000,0x0000,0x0000,0x0000,0x0000

	.hword 0x0000,0x0000,0x0000,0x0000,0x0000,0x0000,0x0000,0x0000
	.hword 0x0000,0x0000,0x0000,0x0000,0x0000,0x0000,0x0000,0x0000
	.hword 0x0000,0x0000,0x0000,0x0000,0x0000,0x0000,0x0000,0x0000
	.hword 0x0000,0x0000,0x0000,0x0000,0x0000,0x0000,0x0000,0x0000
	.hword 0x0000,0x0000,0x0000,0x0000,0x0000,0x0000,0x0000,0x0000
	.hword 0x0000,0x0000,0x0000,0x0000,0x0000,0x0000,0x0000,0x0000
	.hword 0x0000,0x0000,0x0000,0x0000,0x0000,0x0000,0x0000,0x0000
	.hword 0x0000,0x0000,0x0000,0x0000,0x0000,0x0000,0x0000,0x0000

	.hword 0x0000,0x0000,0x0000,0x0000,0x0000,0x0000,0x0000,0x0000
	.hword 0x0000,0x0000,0x0000,0x0000,0x0000,0x0000,0x0000,0x0000
	.hword 0x0000,0x0000,0x0000,0x0000,0x0000,0x0000,0x0000,0x0000
	.hword 0x0000,0x0000,0x0000,0x0000,0x0000,0x0000,0x0000,0x0000
	.hword 0x0000,0x0000,0x0000,0x0000,0x0000,0x0000,0x0000,0x0000
	.hword 0x0000,0x0000,0x0000,0x0000,0x0000,0x0000,0x0000,0x0000
	.hword 0x0000,0x0000,0x0000,0x0000,0x0000,0x0000,0x0000,0x0000
	.hword 0x0000,0x0000,0x0000,0x0000,0x0000,0x0000,0x0000,0x0000

	.hword 0x0000,0x0000,0x0000,0x0000,0x0000,0x0000,0x0000,0x0000
	.hword 0x0000,0x0000,0x0000,0x0000,0x0000,0x0000,0x0000,0x0000
	.hword 0x0000,0x0000,0x0000,0x0000,0x0000,0x0000,0x0000,0x0000
	.hword 0x0000,0x0000,0x0000,0x0000,0x0031,0x0032,0x0033,0x0034
	.hword 0x0035,0x0036,0x0031,0x0032,0x0033,0x0034,0x0035,0x0036
	.hword 0x0031,0x0032,0x0033,0x0034,0x0035,0x0036,0x0031,0x0032
	.hword 0x0031,0x0032,0x0033,0x0034,0x0035,0x0036,0x0033,0x0034
	.hword 0x0035,0x0036,0x0000,0x0000,0x0000,0x0000,0x0000,0x0000

	.hword 0x0000,0x0000,0x0000,0x0000,0x0000,0x0000,0x0000,0x0000
	.hword 0x0000,0x0000,0x0000,0x0000,0x0000,0x0000,0x0000,0x0000
	.hword 0x0000,0x0000,0x0000,0x0000,0x0000,0x0000,0x0000,0x0000
	.hword 0x0000,0x0000,0x0000,0x0000,0x0000,0x0000,0x0000,0x0000
	.hword 0x0000,0x0000,0x0000,0x0000,0x0000,0x0000,0x0000,0x0000
	.hword 0x0000,0x0000,0x0000,0x0000,0x0000,0x0000,0x0000,0x0000
	.hword 0x0000,0x0000,0x0000,0x0000,0x0000,0x0000,0x0000,0x0000
	.hword 0x0000,0x0000,0x0000,0x0000,0x0000,0x0000,0x0000,0x0000

	.hword 0x0000,0x0000,0x0000,0x0000,0x0000,0x0000,0x0000,0x0000
	.hword 0x0000,0x0000,0x0000,0x0000,0x0000,0x0000,0x0000,0x0000
	.hword 0x0000,0x0000,0x0000,0x0000,0x0000,0x0000,0x0000,0x0000
	.hword 0x0000,0x0000,0x0000,0x0000,0x0000,0x0000,0x0000,0x0000
	.hword 0x0000,0x0000,0x0000,0x0000,0x0000,0x0000,0x0000,0x0000
	.hword 0x0000,0x0000,0x0000,0x0000,0x0000,0x0000,0x0000,0x0000
	.hword 0x0000,0x0000,0x0000,0x0000,0x0000,0x0000,0x0000,0x0000
	.hword 0x0000,0x0000,0x0000,0x0000,0x0000,0x0000,0x0000,0x0000

	.hword 0x0000,0x0000,0x0000,0x0000,0x0000,0x0000,0x0000,0x0000
	.hword 0x0000,0x0000,0x0000,0x0000,0x0000,0x0000,0x0000,0x0000
	.hword 0x0000,0x0000,0x0000,0x0000,0x0000,0x0000,0x0000,0x0000
	.hword 0x0000,0x0000,0x0000,0x0000,0x0000,0x0000,0x0000,0x0000
	.hword 0x0037,0x0038,0x0000,0x0000,0x0000,0x0000,0x0037,0x0038
	.hword 0x0000,0x0000,0x0000,0x0000,0x0037,0x0038,0x0000,0x0000
	.hword 0x0000,0x0000,0x0000,0x0000,0x0037,0x0038,0x0000,0x0000
	.hword 0x0037,0x0038,0x0000,0x0000,0x0000,0x0000,0x0000,0x0000

	.hword 0x0000,0x0000,0x0000,0x0000,0x0000,0x0000,0x0000,0x0000
	.hword 0x0000,0x0000,0x0000,0x0000,0x0000,0x0000,0x0000,0x0000
	.hword 0x0000,0x0000,0x0000,0x0000,0x0000,0x0000,0x0000,0x0000
	.hword 0x0000,0x0000,0x0000,0x0000,0x0000,0x0000,0x0000,0x0000
	.hword 0x0000,0x0000,0x0000,0x0000,0x0000,0x0000,0x0000,0x0000
	.hword 0x0000,0x0000,0x0000,0x0000,0x0000,0x0000,0x0000,0x0000
	.hword 0x0000,0x0000,0x0000,0x0000,0x0000,0x0000,0x0000,0x0000
	.hword 0x0000,0x0000,0x0000,0x0000,0x0000,0x0000,0x0000,0x0000

	.hword 0x0000,0x0000,0x0000,0x0000,0x0000,0x0000,0x0000,0x0000
	.hword 0x0000,0x0000,0x0000,0x0000,0x0000,0x0000,0x0000,0x0000
	.hword 0x0000,0x0000,0x0000,0x0000,0x0000,0x0000,0x0000,0x0000
	.hword 0x0000,0x0000,0x0000,0x0000,0x0000,0x0000,0x0000,0x0000
	.hword 0x0000,0x0000,0x0000,0x0000,0x0000,0x0000,0x0000,0x0000
	.hword 0x0000,0x0000,0x0000,0x0000,0x0000,0x0000,0x0000,0x0000
	.hword 0x0000,0x0000,0x0000,0x0000,0x0000,0x0000,0x0000,0x0000
	.hword 0x0000,0x0000,0x0000,0x0000,0x0000,0x0000,0x0000,0x0000

	.hword 0x0000,0x0000,0x0000,0x0000,0x0000,0x0000,0x0000,0x0000
	.hword 0x0000,0x0000,0x0000,0x0000,0x0000,0x0000,0x0000,0x0000
	.hword 0x0000,0x0000,0x0000,0x0000,0x0000,0x0000,0x0000,0x0000
	.hword 0x0000,0x0000,0x0000,0x0000,0x0000,0x0000,0x0000,0x0000
	.hword 0x0039,0x003A,0x0000,0x0000,0x0000,0x0000,0x0039,0x003A
	.hword 0x0000,0x0000,0x0000,0x0000,0x0039,0x003A,0x0000,0x0000
	.hword 0x0000,0x0000,0x0000,0x0000,0x0039,0x003A,0x0000,0x0000
	.hword 0x0039,0x003A,0x0000,0x0000,0x0000,0x0000,0x0000,0x0000

	.hword 0x0000,0x0000,0x0000,0x0000,0x0000,0x0000,0x0000,0x0000
	.hword 0x0000,0x0000,0x0000,0x0000,0x0000,0x0000,0x0000,0x0000
	.hword 0x0000,0x0000,0x0000,0x0000,0x0000,0x0000,0x0000,0x0000
	.hword 0x0000,0x0000,0x0000,0x0000,0x0000,0x0000,0x0000,0x0000
	.hword 0x0000,0x0000,0x0000,0x0000,0x0000,0x0000,0x0000,0x0000
	.hword 0x0000,0x0000,0x0000,0x0000,0x0000,0x0000,0x0000,0x0000
	.hword 0x0000,0x0000,0x0000,0x0000,0x0000,0x0000,0x0000,0x0000
	.hword 0x0000,0x0000,0x0000,0x0000,0x0000,0x0000,0x0000,0x0000

	.hword 0x0000,0x0000,0x0000,0x0000,0x0000,0x0000,0x0000,0x0000
	.hword 0x0000,0x0000,0x0000,0x0000,0x0000,0x0000,0x0000,0x0000
	.hword 0x0000,0x0000,0x0000,0x0000,0x0000,0x0000,0x0000,0x0000
	.hword 0x0000,0x0000,0x0000,0x0000,0x0000,0x0000,0x0000,0x0000
	.hword 0x0000,0x0000,0x0000,0x0000,0x0000,0x0000,0x0000,0x0000
	.hword 0x0000,0x0000,0x0000,0x0000,0x0000,0x0000,0x0000,0x0000
	.hword 0x0000,0x0000,0x0000,0x0000,0x0000,0x0000,0x0000,0x0000
	.hword 0x0000,0x0000,0x0000,0x0000,0x0000,0x0000,0x0000,0x0000

	.hword 0x0000,0x0000,0x0000,0x0000,0x0000,0x0000,0x0000,0x0000
	.hword 0x0000,0x0000,0x0000,0x0000,0x0000,0x0000,0x0000,0x0000
	.hword 0x0000,0x0000,0x0000,0x0000,0x0000,0x0000,0x0000,0x0000
	.hword 0x0000,0x0000,0x0000,0x0000,0x0000,0x0000,0x0000,0x0000
	.hword 0x0000,0x0000,0x0000,0x0000,0x0000,0x0000,0x0000,0x0000
	.hword 0x0000,0x0000,0x0000,0x0000,0x0000,0x0000,0x0000,0x0000
	.hword 0x0000,0x0000,0x0000,0x0000,0x0000,0x0000,0x0000,0x0000
	.hword 0x0000,0x0000,0x0000,0x0000,0x0000,0x0000,0x0000,0x0000

	.hword 0x0000,0x0000,0x0000,0x0000,0x0000,0x0000,0x0000,0x0000
	.hword 0x0000,0x0000,0x0000,0x0000,0x0000,0x0000,0x0000,0x0000
	.hword 0x0000,0x0000,0x0000,0x0000,0x0000,0x0000,0x0000,0x0000
	.hword 0x0000,0x0000,0x0000,0x0000,0x0000,0x0000,0x0000,0x0000
	.hword 0x0000,0x0000,0x0000,0x0000,0x0000,0x0000,0x0000,0x0000
	.hword 0x0000,0x0000,0x0000,0x0000,0x0000,0x0000,0x0000,0x0000
	.hword 0x0000,0x0000,0x0000,0x0000,0x0000,0x0000,0x0000,0x0000
	.hword 0x0000,0x0000,0x0000,0x0000,0x0000,0x0000,0x0000,0x0000

	.hword 0x0000,0x0000,0x0000,0x0000,0x0000,0x0000,0x0000,0x0000
	.hword 0x0000,0x0000,0x0000,0x0000,0x0000,0x0000,0x0000,0x0000
	.hword 0x0000,0x0000,0x0000,0x0000,0x0000,0x0000,0x0000,0x0000
	.hword 0x0000,0x0000,0x0000,0x0000,0x0000,0x0000,0x0000,0x0000
	.hword 0x0000,0x0000,0x0000,0x0000,0x0000,0x0000,0x0000,0x0000
	.hword 0x0000,0x0000,0x0000,0x0000,0x0000,0x0000,0x0000,0x0000
	.hword 0x0000,0x0000,0x0000,0x0000,0x0000,0x0000,0x0000,0x0000
	.hword 0x0000,0x0000,0x0000,0x0000,0x0000,0x0000,0x0000,0x0000

	.hword 0x0000,0x0000,0x0000,0x0000,0x0000,0x0000,0x0000,0x0000
	.hword 0x0000,0x0000,0x0000,0x0000,0x0000,0x0000,0x0000,0x0000
	.hword 0x0000,0x0000,0x0000,0x0000,0x0000,0x0000,0x0000,0x0000
	.hword 0x0000,0x0000,0x0000,0x0000,0x0000,0x0000,0x0000,0x0000
	.hword 0x0000,0x0000,0x0000,0x0000,0x0000,0x0000,0x0000,0x0000
	.hword 0x0000,0x0000,0x0000,0x0000,0x0000,0x0000,0x0000,0x0000
	.hword 0x0000,0x0000,0x0000,0x0000,0x0000,0x0000,0x0000,0x0000
	.hword 0x0000,0x0000,0x0000,0x0000,0x0000,0x0000,0x0000,0x0000

	.hword 0x0000,0x0000,0x0000,0x0000,0x0000,0x0000,0x0000,0x0000
	.hword 0x0000,0x0000,0x0000,0x0000,0x0000,0x0000,0x0000,0x0000
	.hword 0x0000,0x0000,0x0000,0x0000,0x0000,0x0000,0x0000,0x0000
	.hword 0x0000,0x0000,0x0000,0x0000,0x0000,0x0000,0x0010,0x0011
	.hword 0x0012,0x0013,0x0000,0x0000,0x0000,0x0000,0x0000,0x0000
	.hword 0x0000,0x0000,0x0000,0x0000,0x0000,0x0000,0x0000,0x0000
	.hword 0x0000,0x0000,0x0000,0x0000,0x0000,0x0000,0x0000,0x0000
	.hword 0x0000,0x0000,0x0000,0x0000,0x0000,0x0000,0x0000,0x0000

	.hword 0x0000,0x0000,0x0000,0x0000,0x0000,0x0000,0x0000,0x0000
	.hword 0x0000,0x0000,0x0000,0x0000,0x0000,0x0000,0x0000,0x0000
	.hword 0x0000,0x0000,0x0000,0x0000,0x0000,0x0000,0x0000,0x0000
	.hword 0x0000,0x0000,0x0000,0x0000,0x0000,0x0000,0x0000,0x0000
	.hword 0x0000,0x0000,0x0000,0x0000,0x0000,0x0000,0x0000,0x0000
	.hword 0x0000,0x0000,0x0000,0x0000,0x0000,0x0000,0x0000,0x0000
	.hword 0x0000,0x0000,0x0000,0x0000,0x0000,0x0000,0x0000,0x0000
	.hword 0x0000,0x0000,0x0000,0x0000,0x0000,0x0000,0x0000,0x0000

	.hword 0x0000,0x0000,0x0000,0x0000,0x0000,0x0000,0x0000,0x0000
	.hword 0x0000,0x0000,0x0000,0x0000,0x0000,0x0000,0x0000,0x0000
	.hword 0x0000,0x0000,0x0000,0x0000,0x0000,0x0000,0x0000,0x0000
	.hword 0x0000,0x0000,0x0000,0x0000,0x0000,0x0000,0x0000,0x0000
	.hword 0x0000,0x0000,0x0000,0x0000,0x0000,0x0000,0x0000,0x0000
	.hword 0x0000,0x0000,0x0000,0x0000,0x0000,0x0000,0x0000,0x0000
	.hword 0x0000,0x0000,0x0000,0x0000,0x0000,0x0000,0x0000,0x0000
	.hword 0x0000,0x0000,0x0000,0x0000,0x0000,0x0000,0x0000,0x0000

	.hword 0x0000,0x0000,0x0000,0x0000,0x0000,0x0000,0x0000,0x0000
	.hword 0x0000,0x0000,0x0000,0x0000,0x0000,0x0000,0x0000,0x0000
	.hword 0x0000,0x0000,0x0000,0x0000,0x0000,0x0000,0x0000,0x0000
	.hword 0x0000,0x0000,0x0000,0x0000,0x0000,0x0000,0x0020,0x0021
	.hword 0x0022,0x0023,0x0000,0x0000,0x0000,0x0000,0x0000,0x0000
	.hword 0x0000,0x0000,0x0000,0x0000,0x0000,0x0000,0x0000,0x0000
	.hword 0x0000,0x0000,0x0000,0x0000,0x0000,0x0000,0x0000,0x0000
	.hword 0x0000,0x0000,0x0000,0x0000,0x0000,0x0000,0x0000,0x0000

	.hword 0x0000,0x0000,0x0000,0x0000,0x0000,0x0000,0x0000,0x0000
	.hword 0x0000,0x0000,0x0000,0x0000,0x0000,0x0000,0x0000,0x0000
	.hword 0x0000,0x0000,0x0000,0x0000,0x0000,0x0000,0x0000,0x0000
	.hword 0x0000,0x0000,0x0000,0x0000,0x0000,0x0000,0x0000,0x0000
	.hword 0x0000,0x0000,0x0000,0x0000,0x0000,0x0000,0x0000,0x0000
	.hword 0x0000,0x0000,0x0000,0x0000,0x0000,0x0000,0x0000,0x0000
	.hword 0x0000,0x0000,0x0000,0x0000,0x0000,0x0000,0x0000,0x0000
	.hword 0x0000,0x0000,0x0000,0x0000,0x0000,0x0000,0x0000,0x0000

	.hword 0x0000,0x0000,0x0000,0x0000,0x0000,0x0000,0x0000,0x0000
	.hword 0x0000,0x0000,0x0000,0x0000,0x0000,0x0000,0x0000,0x0000
	.hword 0x0000,0x0000,0x0000,0x0000,0x0000,0x0000,0x0000,0x0000
	.hword 0x0000,0x0000,0x0000,0x0000,0x0000,0x0000,0x0000,0x0000
	.hword 0x0000,0x0000,0x0000,0x0000,0x0000,0x0000,0x0000,0x0000
	.hword 0x0000,0x0000,0x0000,0x0000,0x0000,0x0000,0x0000,0x0000
	.hword 0x0000,0x0000,0x0000,0x0000,0x0000,0x0000,0x0000,0x0000
	.hword 0x0000,0x0000,0x0000,0x0000,0x0000,0x0000,0x0000,0x0000

	.hword 0x0000,0x0000,0x0000,0x0000,0x0000,0x0000,0x0000,0x0000
	.hword 0x0000,0x0000,0x0000,0x0000,0x0000,0x0000,0x0000,0x0000
	.hword 0x0000,0x0000,0x0000,0x0000,0x0000,0x0000,0x0000,0x0000
	.hword 0x0000,0x0000,0x0000,0x0000,0x0000,0x0000,0x0000,0x0000
	.hword 0x0000,0x0000,0x0000,0x0000,0x0000,0x0000,0x0000,0x0000
	.hword 0x0000,0x0000,0x0000,0x0000,0x0000,0x0000,0x0000,0x0000
	.hword 0x0000,0x0000,0x0000,0x0000,0x0000,0x0000,0x0000,0x0000
	.hword 0x0000,0x0000,0x0000,0x0000,0x0000,0x0000,0x0000,0x0000

	.hword 0x0000,0x0000,0x0000,0x0000,0x0000,0x0000,0x0000,0x0000
	.hword 0x0000,0x0000,0x0000,0x0000,0x0000,0x0000,0x0000,0x0000
	.hword 0x0000,0x0000,0x0000,0x0000,0x0000,0x0000,0x0000,0x0000
	.hword 0x0000,0x0000,0x0000,0x0000,0x0000,0x0000,0x0000,0x0000
	.hword 0x0000,0x0000,0x0000,0x0000,0x0000,0x0000,0x0000,0x0000
	.hword 0x0000,0x0000,0x0000,0x0000,0x0000,0x0000,0x0000,0x0000
	.hword 0x0000,0x0000,0x0000,0x0000,0x0000,0x0000,0x0000,0x0000
	.hword 0x0000,0x0000,0x0000,0x0000,0x0000,0x0000,0x0000,0x0000

	.hword 0x0000,0x0000,0x0000,0x0000,0x0000,0x0000,0x0000,0x0000
	.hword 0x0000,0x0000,0x0000,0x0000,0x0000,0x0000,0x0000,0x0000
	.hword 0x0000,0x0000,0x0000,0x0000,0x0000,0x0000,0x0000,0x0000
	.hword 0x0000,0x0000,0x0000,0x0000,0x0000,0x0000,0x0000,0x0000
	.hword 0x0000,0x0000,0x0000,0x0000,0x0000,0x0000,0x0000,0x0000
	.hword 0x0000,0x0000,0x0000,0x0000,0x0000,0x0000,0x0000,0x0000
	.hword 0x0000,0x0000,0x0000,0x0000,0x0000,0x0000,0x0000,0x0000
	.hword 0x0000,0x0000,0x0000,0x0000,0x0000,0x0000,0x0000,0x0000

	.hword 0x0000,0x0000,0x0000,0x0000,0x0000,0x0000,0x0000,0x0000
	.hword 0x0000,0x0000,0x0000,0x0000,0x0000,0x0000,0x0000,0x0000
	.hword 0x0000,0x0000,0x0000,0x0000,0x0000,0x0000,0x0000,0x0000
	.hword 0x0000,0x0000,0x0000,0x0000,0x0000,0x0000,0x0000,0x0000
	.hword 0x0000,0x0000,0x0000,0x0000,0x0000,0x0000,0x0000,0x0000
	.hword 0x0000,0x0000,0x0000,0x0000,0x0000,0x0000,0x0000,0x0000
	.hword 0x0000,0x0000,0x0000,0x0000,0x0000,0x0000,0x0000,0x0000
	.hword 0x0000,0x0000,0x0000,0x0000,0x0000,0x0000,0x0000,0x0000

	.hword 0x0000,0x0000,0x0000,0x0000,0x0000,0x0000,0x0000,0x0000
	.hword 0x0000,0x0000,0x0000,0x0000,0x0000,0x0000,0x0000,0x0000
	.hword 0x0000,0x0000,0x0000,0x0000,0x0000,0x0000,0x0000,0x0000
	.hword 0x0000,0x0000,0x0000,0x0000,0x0000,0x0000,0x0000,0x0000
	.hword 0x0000,0x0000,0x0000,0x0000,0x0000,0x0000,0x0000,0x0000
	.hword 0x0000,0x0000,0x0000,0x0000,0x0000,0x0000,0x0000,0x0000
	.hword 0x0000,0x0000,0x0000,0x0000,0x0000,0x0000,0x0000,0x0000
	.hword 0x0000,0x0000,0x0000,0x0000,0x0000,0x0000,0x0000,0x0000

	.hword 0x0000,0x0000,0x0000,0x0000,0x0000,0x0000,0x0000,0x0000
	.hword 0x0000,0x0000,0x0000,0x0000,0x0000,0x0000,0x0000,0x0000
	.hword 0x0000,0x0000,0x0000,0x0000,0x0000,0x0000,0x0000,0x0000
	.hword 0x0000,0x0000,0x0000,0x0000,0x0000,0x0000,0x0000,0x0000
	.hword 0x0000,0x0000,0x0000,0x0000,0x0000,0x0000,0x0000,0x0000
	.hword 0x0000,0x0000,0x0000,0x0000,0x0000,0x0000,0x0000,0x0000
	.hword 0x0000,0x0000,0x0000,0x0000,0x0000,0x0000,0x0000,0x0000
	.hword 0x0000,0x0000,0x0000,0x0000,0x0000,0x0000,0x0000,0x0000

	.hword 0x0000,0x0000,0x0000,0x0000,0x0000,0x0000,0x0010,0x0011
	.hword 0x0012,0x0013,0x0000,0x0000,0x0000,0x0000,0x0000,0x0000
	.hword 0x0000,0x0000,0x0000,0x0000,0x0000,0x0000,0x0000,0x0000
	.hword 0x0000,0x0000,0x0000,0x0000,0x0000,0x0000,0x0000,0x0000
	.hword 0x0000,0x0000,0x0000,0x0000,0x0000,0x0000,0x0000,0x0000
	.hword 0x0000,0x0000,0x0000,0x0000,0x0000,0x0000,0x0000,0x0000
	.hword 0x0000,0x0000,0x0000,0x0000,0x0000,0x0000,0x0000,0x0000
	.hword 0x0000,0x0000,0x0000,0x0000,0x0000,0x0000,0x0000,0x0000

	.hword 0x0000,0x0000,0x0000,0x0000,0x0000,0x0000,0x0000,0x0000
	.hword 0x0000,0x0000,0x0000,0x0000,0x0000,0x0000,0x0000,0x0000
	.hword 0x0000,0x0000,0x0000,0x0000,0x0000,0x0000,0x0000,0x0000
	.hword 0x0000,0x0000,0x0000,0x0000,0x0000,0x0000,0x0000,0x0000
	.hword 0x0000,0x0000,0x0000,0x0000,0x0000,0x0000,0x0000,0x0000
	.hword 0x0000,0x0000,0x0000,0x0000,0x0000,0x0000,0x0000,0x0000
	.hword 0x0000,0x0000,0x0000,0x0000,0x0000,0x0000,0x0000,0x0000
	.hword 0x0000,0x0000,0x0000,0x0000,0x0000,0x0000,0x0000,0x0000

	.hword 0x0000,0x0000,0x0000,0x0000,0x0000,0x0000,0x0000,0x0000
	.hword 0x0000,0x0000,0x0000,0x0000,0x0000,0x0000,0x0000,0x0000
	.hword 0x0000,0x0000,0x0000,0x0000,0x0000,0x0000,0x0000,0x0000
	.hword 0x0000,0x0000,0x0000,0x0000,0x0000,0x0000,0x0000,0x0000
	.hword 0x0000,0x0000,0x0000,0x0000,0x0000,0x0000,0x0000,0x0000
	.hword 0x0000,0x0000,0x0000,0x0000,0x0000,0x0000,0x0000,0x0000
	.hword 0x0000,0x0000,0x0000,0x0000,0x0000,0x0000,0x0000,0x0000
	.hword 0x0000,0x0000,0x0000,0x0000,0x0000,0x0000,0x0000,0x0000

	.hword 0x0000,0x0000,0x0000,0x0000,0x0000,0x0000,0x0020,0x0021
	.hword 0x0022,0x0023,0x0000,0x0000,0x0000,0x0000,0x0000,0x0000
	.hword 0x0000,0x0000,0x0000,0x0000,0x0000,0x0000,0x0000,0x0000
	.hword 0x0000,0x0000,0x0000,0x0000,0x0000,0x0000,0x0000,0x0000
	.hword 0x0000,0x0000,0x0000,0x0000,0x0000,0x0000,0x0000,0x0000
	.hword 0x0000,0x0000,0x0000,0x0000,0x0000,0x0000,0x0000,0x0000
	.hword 0x0000,0x0000,0x0000,0x0000,0x0000,0x0000,0x0000,0x0000
	.hword 0x0000,0x0000,0x0000,0x0000,0x0000,0x0000,0x0000,0x0000

	.hword 0x0000,0x0000,0x0000,0x0000,0x0000,0x0000,0x0000,0x0000
	.hword 0x0000,0x0000,0x0000,0x0000,0x0000,0x0000,0x0000,0x0000
	.hword 0x0000,0x0000,0x0000,0x0000,0x0000,0x0000,0x0000,0x0000
	.hword 0x0000,0x0000,0x0000,0x0000,0x0000,0x0000,0x0000,0x0000
	.hword 0x0000,0x0000,0x0000,0x0000,0x0000,0x0000,0x0000,0x0000
	.hword 0x0000,0x0000,0x0000,0x0000,0x0000,0x0000,0x0000,0x0000
	.hword 0x0000,0x0000,0x0000,0x0000,0x0000,0x0000,0x0000,0x0000
	.hword 0x0000,0x0000,0x0000,0x0000,0x0000,0x0000,0x0000,0x0000

	.hword 0x0000,0x0000,0x0000,0x0000,0x0000,0x0000,0x0000,0x0000
	.hword 0x0000,0x0000,0x0000,0x0000,0x0000,0x0000,0x0000,0x0000
	.hword 0x0000,0x0000,0x0000,0x0000,0x0000,0x0000,0x0000,0x0000
	.hword 0x0000,0x0000,0x0000,0x0000,0x0000,0x0000,0x0000,0x0000
	.hword 0x0000,0x0000,0x0000,0x0000,0x0000,0x0000,0x0000,0x0000
	.hword 0x0000,0x0000,0x0000,0x0000,0x0000,0x0000,0x0000,0x0000
	.hword 0x0000,0x0000,0x0000,0x0000,0x0000,0x0000,0x0000,0x0000
	.hword 0x0000,0x0000,0x0000,0x0000,0x0000,0x0000,0x0000,0x0000

	.hword 0x0000,0x0000,0x0000,0x0000,0x0000,0x0000,0x0000,0x0000
	.hword 0x0000,0x0000,0x0000,0x0000,0x0000,0x0000,0x0000,0x0000
	.hword 0x0000,0x0000,0x0000,0x0000,0x0000,0x0000,0x0000,0x0000
	.hword 0x0000,0x0000,0x0000,0x0000,0x0000,0x0000,0x0000,0x0000
	.hword 0x0000,0x0000,0x0000,0x0000,0x0000,0x0000,0x0000,0x0000
	.hword 0x0000,0x0000,0x0000,0x0000,0x0000,0x0000,0x0000,0x0000
	.hword 0x0000,0x0000,0x0000,0x0000,0x0000,0x0000,0x0000,0x0000
	.hword 0x0000,0x0000,0x0000,0x0000,0x0000,0x0000,0x0000,0x0000

	.hword 0x0000,0x0000,0x0000,0x0000,0x0000,0x0000,0x0000,0x0000
	.hword 0x0000,0x0000,0x0000,0x0000,0x0000,0x0000,0x0000,0x0000
	.hword 0x0000,0x0000,0x0000,0x0000,0x0000,0x0000,0x0000,0x0000
	.hword 0x0000,0x0000,0x0000,0x0000,0x0000,0x0000,0x0000,0x0000
	.hword 0x0000,0x0000,0x0000,0x0000,0x0000,0x0000,0x0000,0x0000
	.hword 0x0000,0x0000,0x0000,0x0000,0x0000,0x0000,0x0000,0x0000
	.hword 0x0000,0x0000,0x0000,0x0000,0x0000,0x0000,0x0000,0x0000
	.hword 0x0000,0x0000,0x0000,0x0000,0x0000,0x0000,0x0000,0x0000

	.hword 0x0000,0x0000,0x0000,0x0000,0x0000,0x0000,0x0000,0x0000
	.hword 0x0000,0x0000,0x0000,0x0000,0x0000,0x0000,0x0000,0x0000
	.hword 0x0000,0x0000,0x0000,0x0000,0x0000,0x0000,0x0000,0x0000
	.hword 0x0000,0x0000,0x0000,0x0000,0x0000,0x0000,0x0000,0x0000
	.hword 0x0000,0x0000,0x0000,0x0000,0x0000,0x0000,0x0000,0x0000
	.hword 0x0000,0x0000,0x0000,0x0000,0x0000,0x0000,0x0000,0x0000
	.hword 0x0000,0x0000,0x0000,0x0000,0x0000,0x0000,0x0000,0x0000
	.hword 0x0000,0x0000,0x0000,0x0000,0x0000,0x0000,0x0000,0x0000

	.hword 0x0000,0x0000,0x0000,0x0000,0x0000,0x0000,0x0000,0x0000
	.hword 0x0000,0x0000,0x0000,0x0000,0x0000,0x0000,0x0000,0x0000
	.hword 0x0000,0x0000,0x0000,0x0000,0x0000,0x0000,0x0000,0x0000
	.hword 0x0000,0x0000,0x0000,0x0000,0x0000,0x0000,0x0000,0x0000
	.hword 0x0000,0x0000,0x0000,0x0000,0x0000,0x0000,0x0000,0x0000
	.hword 0x0000,0x0000,0x0000,0x0000,0x0000,0x0000,0x0000,0x0000
	.hword 0x0000,0x0000,0x0000,0x0000,0x0000,0x0000,0x0000,0x0000
	.hword 0x0000,0x0000,0x0000,0x0000,0x0000,0x0000,0x0000,0x0000

	.hword 0x0000,0x0000,0x0000,0x0000,0x0000,0x0000,0x0000,0x0000
	.hword 0x0000,0x0000,0x0000,0x0000,0x0000,0x0000,0x0000,0x0000
	.hword 0x0000,0x0000,0x0000,0x0000,0x0000,0x0000,0x0000,0x0000
	.hword 0x0000,0x0000,0x0000,0x0000,0x0000,0x0000,0x0000,0x0000
	.hword 0x0000,0x0000,0x0000,0x0000,0x0000,0x0000,0x0000,0x0000
	.hword 0x0000,0x0000,0x0000,0x0000,0x0000,0x0000,0x0000,0x0000
	.hword 0x0000,0x0000,0x0000,0x0000,0x0000,0x0000,0x0000,0x0000
	.hword 0x0000,0x0000,0x0000,0x0000,0x0000,0x0000,0x0000,0x0000

	.hword 0x0000,0x0000,0x0000,0x0000,0x0000,0x0000,0x0000,0x0000
	.hword 0x0000,0x0000,0x0000,0x0000,0x0000,0x0000,0x0000,0x0000
	.hword 0x0000,0x0000,0x0000,0x0000,0x0000,0x0000,0x0000,0x0000
	.hword 0x0000,0x0000,0x0000,0x0000,0x0000,0x0000,0x0000,0x0000
	.hword 0x0000,0x0000,0x0000,0x0000,0x0000,0x0000,0x0000,0x0000
	.hword 0x0000,0x0000,0x0000,0x0000,0x0000,0x0000,0x0000,0x0000
	.hword 0x0000,0x0000,0x0000,0x0000,0x0000,0x0000,0x0000,0x0000
	.hword 0x0000,0x0000,0x0000,0x0000,0x0000,0x0000,0x0000,0x0000

	.hword 0x0000,0x0000,0x0000,0x0000,0x0000,0x0000,0x0000,0x0000
	.hword 0x0000,0x0000,0x0000,0x0000,0x0000,0x0000,0x0000,0x0000
	.hword 0x0000,0x0000,0x0000,0x0000,0x0000,0x0000,0x0000,0x0000
	.hword 0x0000,0x0000,0x0000,0x0000,0x0000,0x0000,0x0000,0x0000
	.hword 0x0000,0x0000,0x0000,0x0000,0x0000,0x0000,0x0000,0x0000
	.hword 0x0000,0x0000,0x0000,0x0000,0x0010,0x0011,0x0012,0x0013
	.hword 0x0000,0x0000,0x0000,0x0000,0x0000,0x0000,0x0000,0x0000
	.hword 0x0000,0x0000,0x0000,0x0000,0x0000,0x0000,0x0000,0x0000

	.hword 0x0000,0x0000,0x0000,0x0000,0x0000,0x0000,0x0000,0x0000
	.hword 0x0000,0x0000,0x0000,0x0000,0x0000,0x0000,0x0000,0x0000
	.hword 0x0000,0x0000,0x0000,0x0000,0x0000,0x0000,0x0000,0x0000
	.hword 0x0000,0x0000,0x0000,0x0000,0x0000,0x0000,0x0000,0x0000
	.hword 0x0000,0x0000,0x0000,0x0000,0x0000,0x0000,0x0000,0x0000
	.hword 0x0000,0x0000,0x0000,0x0000,0x0000,0x0000,0x0000,0x0000
	.hword 0x0000,0x0000,0x0000,0x0000,0x0000,0x0000,0x0000,0x0000
	.hword 0x0000,0x0000,0x0000,0x0000,0x0000,0x0000,0x0000,0x0000

	.hword 0x0000,0x0000,0x0000,0x0000,0x0000,0x0000,0x0000,0x0000
	.hword 0x0000,0x0000,0x0000,0x0000,0x0000,0x0000,0x0000,0x0000
	.hword 0x0000,0x0000,0x0000,0x0000,0x0000,0x0000,0x0000,0x0000
	.hword 0x0000,0x0000,0x0000,0x0000,0x0000,0x0000,0x0000,0x0000
	.hword 0x0000,0x0000,0x0000,0x0000,0x0000,0x0000,0x0000,0x0000
	.hword 0x0000,0x0000,0x0000,0x0000,0x0000,0x0000,0x0000,0x0000
	.hword 0x0000,0x0000,0x0000,0x0000,0x0000,0x0000,0x0000,0x0000
	.hword 0x0000,0x0000,0x0000,0x0000,0x0000,0x0000,0x0000,0x0000

	.hword 0x0000,0x0000,0x0000,0x0000,0x0000,0x0000,0x0000,0x0000
	.hword 0x0000,0x0000,0x0000,0x0000,0x0000,0x0000,0x0000,0x0000
	.hword 0x0000,0x0000,0x0000,0x0000,0x0000,0x0000,0x0000,0x0000
	.hword 0x0000,0x0000,0x0000,0x0000,0x0000,0x0000,0x0000,0x0000
	.hword 0x0000,0x0000,0x0000,0x0000,0x0000,0x0000,0x0000,0x0000
	.hword 0x0000,0x0000,0x0000,0x0000,0x0020,0x0021,0x0022,0x0023
	.hword 0x0000,0x0000,0x0000,0x0000,0x0000,0x0000,0x0000,0x0000
	.hword 0x0000,0x0000,0x0000,0x0000,0x0000,0x0000,0x0000,0x0000

	.hword 0x0000,0x0000,0x0000,0x0000,0x0000,0x0000,0x0000,0x0000
	.hword 0x0000,0x0000,0x0000,0x0000,0x0000,0x0000,0x0000,0x0000
	.hword 0x0000,0x0000,0x0000,0x0000,0x0000,0x0000,0x0000,0x0000
	.hword 0x0000,0x0000,0x0000,0x0000,0x0000,0x0000,0x0000,0x0000
	.hword 0x0000,0x0000,0x0000,0x0000,0x0000,0x0000,0x0000,0x0000
	.hword 0x0000,0x0000,0x0000,0x0000,0x0000,0x0000,0x0000,0x0000
	.hword 0x0000,0x0000,0x0000,0x0000,0x0000,0x0000,0x0000,0x0000
	.hword 0x0000,0x0000,0x0000,0x0000,0x0000,0x0000,0x0000,0x0000

	.hword 0x0000,0x0000,0x0000,0x0000,0x0000,0x0000,0x0000,0x0000
	.hword 0x0000,0x0000,0x0000,0x0000,0x0000,0x0000,0x0000,0x0000
	.hword 0x0000,0x0000,0x0000,0x0000,0x0000,0x0000,0x0000,0x0000
	.hword 0x0000,0x0000,0x0000,0x0000,0x0000,0x0000,0x0000,0x0000
	.hword 0x0000,0x0000,0x0000,0x0000,0x0000,0x0000,0x0000,0x0000
	.hword 0x0000,0x0000,0x0000,0x0000,0x0000,0x0000,0x0000,0x0000
	.hword 0x0000,0x0000,0x0000,0x0000,0x0000,0x0000,0x0000,0x0000
	.hword 0x0000,0x0000,0x0000,0x0000,0x0000,0x0000,0x0000,0x0000

	.hword 0x0000,0x0000,0x0000,0x0000,0x0000,0x0000,0x0000,0x0000
	.hword 0x0000,0x0000,0x0000,0x0000,0x0000,0x0000,0x0000,0x0000
	.hword 0x0000,0x0000,0x0000,0x0000,0x0000,0x0000,0x0000,0x0000
	.hword 0x0000,0x0000,0x0000,0x0000,0x0000,0x0000,0x0000,0x0000
	.hword 0x0000,0x0000,0x0000,0x0000,0x0000,0x0000,0x0000,0x0000
	.hword 0x0000,0x0000,0x0000,0x0000,0x0000,0x0000,0x0000,0x0000
	.hword 0x0000,0x0000,0x0000,0x0000,0x0000,0x0000,0x0000,0x0000
	.hword 0x0000,0x0000,0x0000,0x0000,0x0000,0x0000,0x0000,0x0000

	.hword 0x0000,0x0000,0x0000,0x0000,0x0000,0x0000,0x0000,0x0000
	.hword 0x0000,0x0000,0x0000,0x0000,0x0000,0x0000,0x0000,0x0000
	.hword 0x0000,0x0000,0x0000,0x0000,0x0000,0x0000,0x0000,0x0000
	.hword 0x0000,0x0000,0x0000,0x0000,0x0000,0x0000,0x0000,0x0000
	.hword 0x0000,0x0000,0x0000,0x0000,0x0000,0x0000,0x0000,0x0000
	.hword 0x0000,0x0000,0x0000,0x0000,0x0000,0x0000,0x0000,0x0000
	.hword 0x0000,0x0000,0x0000,0x0000,0x0000,0x0000,0x0000,0x0000
	.hword 0x0000,0x0000,0x0000,0x0000,0x0000,0x0000,0x0000,0x0000

	.hword 0x0000,0x0000,0x0000,0x0000,0x0000,0x0000,0x0000,0x0000
	.hword 0x0000,0x0000,0x0000,0x0000,0x0000,0x0000,0x0000,0x0000
	.hword 0x0000,0x0000,0x0000,0x0000,0x0000,0x0000,0x0000,0x0000
	.hword 0x0000,0x0000,0x0000,0x0000,0x0000,0x0000,0x0000,0x0000
	.hword 0x0000,0x0000,0x0000,0x0000,0x0000,0x0000,0x0000,0x0000
	.hword 0x0000,0x0000,0x0000,0x0000,0x0000,0x0000,0x0000,0x0000
	.hword 0x0000,0x0000,0x0000,0x0000,0x0000,0x0000,0x0000,0x0000
	.hword 0x0000,0x0000,0x0000,0x0000,0x0000,0x0000,0x0000,0x0000

	.hword 0x0000,0x0000,0x0000,0x0000,0x0000,0x0000,0x0000,0x0000
	.hword 0x0000,0x0000,0x0000,0x0000,0x0000,0x0000,0x0000,0x0000
	.hword 0x0000,0x0000,0x0000,0x0000,0x0000,0x0000,0x0000,0x0000
	.hword 0x0000,0x0000,0x0000,0x0000,0x0000,0x0000,0x0000,0x0000
	.hword 0x0000,0x0000,0x0000,0x0000,0x0000,0x0000,0x0000,0x0000
	.hword 0x0000,0x0000,0x0000,0x0000,0x0000,0x0000,0x0000,0x0000
	.hword 0x0000,0x0000,0x0000,0x0000,0x0000,0x0000,0x0000,0x0000
	.hword 0x0000,0x0000,0x0000,0x0000,0x0000,0x0000,0x0000,0x0000

	.hword 0x0000,0x0000,0x0000,0x0000,0x0000,0x0000,0x0000,0x0000
	.hword 0x0000,0x0000,0x0000,0x0000,0x0000,0x0000,0x0000,0x0000
	.hword 0x0000,0x0000,0x0000,0x0000,0x0000,0x0000,0x0000,0x0000
	.hword 0x0000,0x0000,0x0000,0x0000,0x0000,0x0000,0x0000,0x0000
	.hword 0x0000,0x0000,0x0000,0x0000,0x0000,0x0000,0x0000,0x0000
	.hword 0x0000,0x0000,0x0000,0x0000,0x0000,0x0000,0x0000,0x0000
	.hword 0x0000,0x0000,0x0000,0x0000,0x0000,0x0000,0x0000,0x0000
	.hword 0x0000,0x0000,0x0000,0x0000,0x0000,0x0000,0x0000,0x0000

	.hword 0x0000,0x0000,0x0000,0x0000,0x0000,0x0000,0x0000,0x0000
	.hword 0x0000,0x0000,0x0000,0x0000,0x0000,0x0000,0x0000,0x0000
	.hword 0x0000,0x0000,0x0000,0x0000,0x0000,0x0000,0x0000,0x0000
	.hword 0x0000,0x0000,0x0000,0x0000,0x0000,0x0000,0x0000,0x0000
	.hword 0x0000,0x0000,0x0000,0x0000,0x0000,0x0000,0x0000,0x0000
	.hword 0x0000,0x0000,0x0000,0x0000,0x0000,0x0000,0x0000,0x0000
	.hword 0x0000,0x0000,0x0000,0x0000,0x0000,0x0000,0x0000,0x0000
	.hword 0x0000,0x0000,0x0000,0x0000,0x0000,0x0000,0x0000,0x0000

	.hword 0x0000,0x0000,0x0000,0x0000,0x0000,0x0000,0x0000,0x0000
	.hword 0x0000,0x0000,0x0000,0x0000,0x0000,0x0000,0x0000,0x0000
	.hword 0x0000,0x0000,0x0000,0x0000,0x0000,0x0000,0x0000,0x0000
	.hword 0x0000,0x0000,0x0000,0x0000,0x0000,0x0000,0x0000,0x0000
	.hword 0x0000,0x0000,0x0000,0x0000,0x0000,0x0000,0x0000,0x0000
	.hword 0x0000,0x0000,0x0000,0x0000,0x0000,0x0000,0x0000,0x0000
	.hword 0x0000,0x0000,0x0000,0x0000,0x0000,0x0000,0x0000,0x0000
	.hword 0x0000,0x0000,0x0000,0x0000,0x0000,0x0000,0x0000,0x0000

	.hword 0x0000,0x0000,0x0000,0x0000,0x0000,0x0000,0x0000,0x0000
	.hword 0x0000,0x0000,0x0000,0x0000,0x0000,0x0000,0x0000,0x0000
	.hword 0x0000,0x0000,0x0000,0x0000,0x0000,0x0000,0x0000,0x0000
	.hword 0x0000,0x0000,0x0000,0x0000,0x0000,0x0000,0x0000,0x0000
	.hword 0x0000,0x0000,0x0000,0x0000,0x0000,0x0000,0x0000,0x0000
	.hword 0x0000,0x0000,0x0000,0x0000,0x0000,0x0000,0x0000,0x0000
	.hword 0x0000,0x0000,0x0000,0x0000,0x0000,0x0000,0x0000,0x0000
	.hword 0x0000,0x0000,0x0000,0x0000,0x0000,0x0000,0x0000,0x0000

	.hword 0x0000,0x0000,0x0000,0x0000,0x0000,0x0000,0x0000,0x0000
	.hword 0x0000,0x0000,0x0000,0x0000,0x0000,0x0000,0x0000,0x0000
	.hword 0x0000,0x0000,0x0000,0x0000,0x0000,0x0000,0x0000,0x0000
	.hword 0x0000,0x0000,0x0000,0x0000,0x0000,0x0000,0x0000,0x0000
	.hword 0x0000,0x0000,0x0000,0x0000,0x0000,0x0000,0x0000,0x0000
	.hword 0x0000,0x0000,0x0000,0x0000,0x002F,0x0030,0x0000,0x0000
	.hword 0x0000,0x0000,0x002F,0x0030,0x0000,0x0000,0x0000,0x0000
	.hword 0x0000,0x0000,0x002F,0x0030,0x0000,0x0000,0x0000,0x0000

	.hword 0x0000,0x0000,0x0000,0x0000,0x0000,0x0000,0x0000,0x0000
	.hword 0x0000,0x0000,0x0000,0x0000,0x0000,0x0000,0x0000,0x0000
	.hword 0x0000,0x0000,0x0000,0x0000,0x0000,0x0000,0x0000,0x0000
	.hword 0x0000,0x0000,0x0000,0x0000,0x0000,0x0000,0x0000,0x0000
	.hword 0x0000,0x0000,0x0000,0x0000,0x0000,0x0000,0x0000,0x0000
	.hword 0x0000,0x0000,0x0000,0x0000,0x0000,0x0000,0x0000,0x0000
	.hword 0x0000,0x0000,0x0000,0x0000,0x0000,0x0000,0x0000,0x0000
	.hword 0x0000,0x0000,0x0000,0x0000,0x0000,0x0000,0x0000,0x0000

	.hword 0x0000,0x0000,0x0000,0x0000,0x0000,0x0000,0x0000,0x0000
	.hword 0x0000,0x0000,0x0000,0x0000,0x0000,0x0000,0x0000,0x0000
	.hword 0x0000,0x0000,0x0000,0x0000,0x0000,0x0000,0x0000,0x0000
	.hword 0x0000,0x0000,0x0000,0x0000,0x0000,0x0000,0x0000,0x0000
	.hword 0x0000,0x0000,0x0000,0x0000,0x0000,0x0000,0x0000,0x0000
	.hword 0x0000,0x0000,0x0000,0x0000,0x0000,0x0000,0x0000,0x0000
	.hword 0x0000,0x0000,0x0000,0x0000,0x0000,0x0000,0x0000,0x0000
	.hword 0x0000,0x0000,0x0000,0x0000,0x0000,0x0000,0x0000,0x0000

	.hword 0x0000,0x0000,0x0000,0x0000,0x0000,0x0000,0x0000,0x0000
	.hword 0x0000,0x0000,0x0000,0x0000,0x0000,0x0000,0x0000,0x0000
	.hword 0x0000,0x0000,0x0000,0x0000,0x0000,0x0000,0x0000,0x0000
	.hword 0x0000,0x0000,0x0000,0x0000,0x0000,0x0000,0x0000,0x0000
	.hword 0x0000,0x0000,0x0000,0x0000,0x0000,0x0000,0x0000,0x0000
	.hword 0x0000,0x0000,0x0000,0x0000,0x0035,0x0036,0x0000,0x0000
	.hword 0x0000,0x0000,0x0035,0x0036,0x0000,0x0000,0x0000,0x0000
	.hword 0x0000,0x0000,0x0035,0x0036,0x0000,0x0000,0x0000,0x0000

	.hword 0x0000,0x0000,0x0000,0x0000,0x0000,0x0000,0x0000,0x0000
	.hword 0x0000,0x0000,0x0000,0x0000,0x0000,0x0000,0x0000,0x0000
	.hword 0x0000,0x0000,0x0000,0x0000,0x0000,0x0000,0x0000,0x0000
	.hword 0x0000,0x0000,0x0010,0x0011,0x0012,0x0013,0x0000,0x0000
	.hword 0x0000,0x0000,0x0000,0x0000,0x0000,0x0000,0x0000,0x0000
	.hword 0x0000,0x0000,0x0000,0x0000,0x0000,0x0000,0x0000,0x0000
	.hword 0x0000,0x0000,0x0000,0x0000,0x0000,0x0000,0x0000,0x0000
	.hword 0x0000,0x0000,0x0000,0x0000,0x0000,0x0000,0x0000,0x0000

	.hword 0x0000,0x0000,0x0000,0x0000,0x0000,0x0000,0x0000,0x0000
	.hword 0x0000,0x0000,0x0000,0x0000,0x0000,0x0000,0x0000,0x0000
	.hword 0x0000,0x0000,0x0000,0x0000,0x0000,0x0000,0x0000,0x0000
	.hword 0x0000,0x0000,0x0000,0x0000,0x0000,0x0000,0x0000,0x0000
	.hword 0x0000,0x0000,0x0000,0x0000,0x0000,0x0000,0x0000,0x0000
	.hword 0x0000,0x0000,0x0000,0x0000,0x0000,0x0000,0x0000,0x0000
	.hword 0x0000,0x0000,0x0000,0x0000,0x0000,0x0000,0x0000,0x0000
	.hword 0x0000,0x0000,0x0000,0x0000,0x0000,0x0000,0x0000,0x0000

	.hword 0x0000,0x0000,0x0000,0x0000,0x0000,0x0000,0x0000,0x0000
	.hword 0x0000,0x0000,0x0000,0x0000,0x0000,0x0000,0x0000,0x0000
	.hword 0x0000,0x0000,0x0000,0x0000,0x0000,0x0000,0x0000,0x0000
	.hword 0x0000,0x0000,0x0000,0x0000,0x0000,0x0000,0x0000,0x0000
	.hword 0x0000,0x0000,0x0000,0x0000,0x0000,0x0000,0x0000,0x0000
	.hword 0x0000,0x0000,0x0000,0x0000,0x0037,0x0038,0x0000,0x0000
	.hword 0x0000,0x0000,0x0037,0x0038,0x0000,0x0000,0x0000,0x0000
	.hword 0x0000,0x0000,0x0037,0x0038,0x003B,0x003C,0x003D,0x003E

	.hword 0x0000,0x0000,0x0000,0x0000,0x0000,0x0000,0x0000,0x0000
	.hword 0x0000,0x0000,0x0000,0x0000,0x0000,0x0000,0x0000,0x0000
	.hword 0x0000,0x0000,0x0000,0x0000,0x0000,0x0000,0x0000,0x0000
	.hword 0x0000,0x0000,0x0020,0x0021,0x0022,0x0023,0x0000,0x0000
	.hword 0x0000,0x0000,0x0000,0x0000,0x0000,0x0000,0x0000,0x0000
	.hword 0x0000,0x0000,0x0000,0x0000,0x0000,0x0000,0x0000,0x0000
	.hword 0x0000,0x0000,0x0000,0x0000,0x0000,0x0000,0x0000,0x0000
	.hword 0x0000,0x0000,0x0000,0x0000,0x0000,0x0000,0x0000,0x0000

	.hword 0x0000,0x0000,0x0000,0x0000,0x0000,0x0000,0x0000,0x0000
	.hword 0x0000,0x0000,0x0000,0x0000,0x0000,0x0000,0x0000,0x0000
	.hword 0x0000,0x0000,0x0000,0x0000,0x0000,0x0000,0x0000,0x0000
	.hword 0x0000,0x0000,0x0000,0x0000,0x0000,0x0000,0x0000,0x0000
	.hword 0x0000,0x0000,0x0000,0x0000,0x0000,0x0000,0x0000,0x0000
	.hword 0x0000,0x0000,0x0000,0x0000,0x0000,0x0000,0x0000,0x0000
	.hword 0x0000,0x0000,0x0000,0x0000,0x0000,0x0000,0x0000,0x0000
	.hword 0x0000,0x0000,0x0000,0x0000,0x0000,0x0000,0x0000,0x0000

	.hword 0x0000,0x0000,0x0000,0x0000,0x0000,0x0000,0x0000,0x0000
	.hword 0x0000,0x0000,0x0000,0x0000,0x0000,0x0000,0x0000,0x0000
	.hword 0x0000,0x0000,0x0000,0x0000,0x0000,0x0000,0x0000,0x0000
	.hword 0x0000,0x0000,0x0000,0x0000,0x0000,0x0000,0x0000,0x0000
	.hword 0x0000,0x0000,0x0000,0x0000,0x0000,0x0000,0x0000,0x0000
	.hword 0x0000,0x0000,0x0000,0x0000,0x0039,0x003A,0x0000,0x0000
	.hword 0x0000,0x0000,0x0039,0x003A,0x0000,0x0000,0x0000,0x0000
	.hword 0x0000,0x0000,0x0039,0x003A,0x003F,0x0040,0x0041,0x0042

	.hword 0x0000,0x0000,0x0000,0x0000,0x0000,0x0000,0x0000,0x0000
	.hword 0x0000,0x0000,0x0000,0x0000,0x0000,0x0000,0x0000,0x0000
	.hword 0x0000,0x0000,0x0000,0x0000,0x0000,0x0000,0x0000,0x0000
	.hword 0x0000,0x0000,0x0000,0x0000,0x0000,0x0000,0x0000,0x0000
	.hword 0x0000,0x0000,0x0000,0x0000,0x0000,0x0000,0x0000,0x0000
	.hword 0x0000,0x0000,0x0000,0x0000,0x0000,0x0000,0x0000,0x0000
	.hword 0x0000,0x0000,0x0000,0x0000,0x0000,0x0000,0x0000,0x0000
	.hword 0x0000,0x0000,0x0000,0x0000,0x0000,0x0000,0x0000,0x0000

	.hword 0x0000,0x0000,0x0000,0x0000,0x0000,0x0000,0x0000,0x0000
	.hword 0x0000,0x0000,0x0000,0x0000,0x0000,0x0000,0x0000,0x0000
	.hword 0x0000,0x0000,0x0000,0x0000,0x0000,0x0000,0x0000,0x0000
	.hword 0x0000,0x0000,0x0000,0x0000,0x0000,0x0000,0x0000,0x0000
	.hword 0x0000,0x0000,0x0000,0x0000,0x0000,0x0000,0x0043,0x0044
	.hword 0x0044,0x0043,0x0044,0x0043,0x0044,0x0043,0x0044,0x0043
	.hword 0x0044,0x0043,0x0044,0x0043,0x0044,0x0043,0x0000,0x0000
	.hword 0x0000,0x0000,0x0000,0x0000,0x0000,0x0000,0x0000,0x0000

	.hword 0x0000,0x0000,0x0000,0x0000,0x0000,0x0000,0x0000,0x0000
	.hword 0x0000,0x0000,0x0000,0x0000,0x0000,0x0000,0x0000,0x0000
	.hword 0x0000,0x0000,0x0000,0x0000,0x0000,0x0000,0x0000,0x0000
	.hword 0x0000,0x0000,0x0000,0x0000,0x0000,0x0000,0x0000,0x0000
	.hword 0x0000,0x0000,0x0000,0x0000,0x0000,0x0000,0x0000,0x0000
	.hword 0x0000,0x0000,0x0000,0x0000,0x0000,0x0000,0x0000,0x0000
	.hword 0x0000,0x0000,0x0000,0x0000,0x0000,0x0000,0x0000,0x0000
	.hword 0x0000,0x0000,0x0000,0x0000,0x0000,0x0000,0x0000,0x0000

	.hword 0x0000,0x0000,0x0000,0x0000,0x0000,0x0000,0x0000,0x0000
	.hword 0x0000,0x0000,0x0000,0x0000,0x0000,0x0000,0x0000,0x0000
	.hword 0x0000,0x0000,0x0000,0x0000,0x0000,0x0000,0x0000,0x0000
	.hword 0x0000,0x0000,0x0000,0x0000,0x0000,0x0000,0x0000,0x0000
	.hword 0x0000,0x0000,0x0000,0x0000,0x0000,0x0000,0x0000,0x0000
	.hword 0x0000,0x0000,0x0000,0x0000,0x0000,0x0000,0x0000,0x0000
	.hword 0x0000,0x0000,0x0000,0x0000,0x0000,0x0000,0x0000,0x0000
	.hword 0x0000,0x0000,0x0000,0x0000,0x0000,0x0000,0x0000,0x0000

	.hword 0x0000,0x0000,0x0000,0x0000,0x0000,0x0000,0x0000,0x0000
	.hword 0x0000,0x0000,0x0000,0x0000,0x0000,0x0000,0x0000,0x0000
	.hword 0x0000,0x0000,0x0000,0x0000,0x0000,0x0000,0x0000,0x0000
	.hword 0x0000,0x0000,0x0000,0x0000,0x0000,0x0000,0x0000,0x0000
	.hword 0x0000,0x0000,0x0000,0x0000,0x0000,0x0000,0x0045,0x0046
	.hword 0x0046,0x0047,0x0046,0x0047,0x0046,0x0047,0x0046,0x0047
	.hword 0x0046,0x0047,0x0046,0x0047,0x0046,0x0445,0x0000,0x0000
	.hword 0x0000,0x0000,0x0000,0x0000,0x0000,0x0000,0x0000,0x0000

	.hword 0x0000,0x0000,0x0000,0x0000,0x0000,0x0000,0x0000,0x0000
	.hword 0x0000,0x0000,0x0000,0x0000,0x0000,0x0000,0x0000,0x0000
	.hword 0x0000,0x0000,0x0000,0x0000,0x0000,0x0000,0x0000,0x0000
	.hword 0x0000,0x0000,0x0000,0x0000,0x0000,0x0000,0x0000,0x0000
	.hword 0x0000,0x0000,0x0000,0x0000,0x0000,0x0000,0x0000,0x0000
	.hword 0x0000,0x0000,0x0000,0x0000,0x0000,0x0000,0x0000,0x0000
	.hword 0x0000,0x0000,0x0000,0x0000,0x0000,0x0000,0x0000,0x0000
	.hword 0x0000,0x0000,0x0000,0x0000,0x0000,0x0000,0x0000,0x0000

	.hword 0x0000,0x0000,0x0000,0x0000,0x0000,0x0000,0x0000,0x0000
	.hword 0x0000,0x0000,0x0000,0x0000,0x0000,0x0000,0x0000,0x0000
	.hword 0x0000,0x0000,0x0000,0x0000,0x0000,0x0000,0x0000,0x0000
	.hword 0x0000,0x0000,0x0000,0x0000,0x0000,0x0000,0x0000,0x0000
	.hword 0x0000,0x0000,0x0000,0x0000,0x0000,0x0000,0x0000,0x0000
	.hword 0x0000,0x0000,0x0000,0x0000,0x0000,0x0000,0x0000,0x0000
	.hword 0x0000,0x0000,0x0000,0x0000,0x0000,0x0000,0x0000,0x0000
	.hword 0x0000,0x0000,0x0000,0x0000,0x0000,0x0000,0x0000,0x0000

	.hword 0x0000,0x0000,0x0000,0x0000,0x0000,0x0000,0x0000,0x0000
	.hword 0x0000,0x0000,0x0000,0x0000,0x0000,0x0000,0x0000,0x0000
	.hword 0x0000,0x0000,0x0000,0x0000,0x0000,0x0000,0x0000,0x0000
	.hword 0x0000,0x0000,0x0000,0x0000,0x0000,0x0000,0x0000,0x0000
	.hword 0x0000,0x0000,0x0000,0x0000,0x0000,0x0000,0x0048,0x0049
	.hword 0x0049,0x0048,0x0049,0x0048,0x0049,0x0048,0x0049,0x0048
	.hword 0x0049,0x0048,0x0049,0x0048,0x0049,0x0048,0x0000,0x0000
	.hword 0x0000,0x0000,0x0000,0x0000,0x0000,0x0000,0x0000,0x0000

	.hword 0x0000,0x0000,0x0000,0x0000,0x0000,0x0000,0x0000,0x0000
	.hword 0x0000,0x0000,0x0000,0x0000,0x0000,0x0000,0x0000,0x0000
	.hword 0x0000,0x0000,0x0000,0x0000,0x0000,0x0000,0x0000,0x0000
	.hword 0x0000,0x0000,0x0000,0x0000,0x0000,0x0000,0x0000,0x0000
	.hword 0x0000,0x0000,0x0000,0x0000,0x0000,0x0000,0x0000,0x0000
	.hword 0x0000,0x0000,0x0000,0x0000,0x0000,0x0000,0x0000,0x0000
	.hword 0x0000,0x0000,0x0000,0x0000,0x0000,0x0000,0x0000,0x0000
	.hword 0x0000,0x0000,0x0000,0x0000,0x0000,0x0000,0x0000,0x0000

	.hword 0x0000,0x0000,0x0000,0x0000,0x0000,0x0000,0x0000,0x0000
	.hword 0x0000,0x0000,0x0000,0x0000,0x0000,0x0000,0x0000,0x0000
	.hword 0x0000,0x0000,0x0000,0x0000,0x0000,0x0000,0x0000,0x0000
	.hword 0x0000,0x0000,0x0000,0x0000,0x0000,0x0000,0x0000,0x0000
	.hword 0x0000,0x0000,0x0000,0x0000,0x0000,0x0000,0x0000,0x0000
	.hword 0x0000,0x0000,0x0000,0x0000,0x0000,0x0000,0x0000,0x0000
	.hword 0x0000,0x0000,0x0000,0x0000,0x0000,0x0000,0x0000,0x0000
	.hword 0x0000,0x0000,0x0000,0x0000,0x0000,0x0000,0x0000,0x0000

	.hword 0x0000,0x0000,0x0000,0x0000,0x0000,0x0000,0x0000,0x0000
	.hword 0x0000,0x0000,0x0000,0x0000,0x0000,0x0000,0x0000,0x0000
	.hword 0x0000,0x0000,0x0000,0x0000,0x0000,0x0000,0x0000,0x0000
	.hword 0x0000,0x0000,0x0000,0x0000,0x0000,0x0000,0x0000,0x0000
	.hword 0x0000,0x0000,0x0000,0x0000,0x0000,0x0000,0x0045,0x0046
	.hword 0x0046,0x0047,0x0046,0x0047,0x0046,0x0047,0x0046,0x0047
	.hword 0x0046,0x0047,0x0046,0x0047,0x0046,0x0445,0x0000,0x0000
	.hword 0x0000,0x0000,0x0000,0x0000,0x0000,0x0000,0x0000,0x0000

	.hword 0x0000,0x0000,0x0000,0x0000,0x0000,0x0000,0x0000,0x0000
	.hword 0x0000,0x0000,0x0000,0x0000,0x0000,0x0000,0x0000,0x0000
	.hword 0x0000,0x0000,0x0000,0x0000,0x0000,0x0000,0x0000,0x0000
	.hword 0x0000,0x0000,0x0000,0x0000,0x0000,0x0000,0x0000,0x0000
	.hword 0x0000,0x0000,0x0000,0x0000,0x0000,0x0000,0x0000,0x0000
	.hword 0x0000,0x0000,0x0000,0x0000,0x0000,0x0000,0x0000,0x0000
	.hword 0x0000,0x0000,0x0000,0x0000,0x0000,0x0000,0x0000,0x0000
	.hword 0x0000,0x0000,0x0000,0x0000,0x0000,0x0000,0x0000,0x0000

	.hword 0x0000,0x0000,0x0000,0x0000,0x0000,0x0000,0x0000,0x0000
	.hword 0x0000,0x0000,0x0000,0x0000,0x0000,0x0000,0x0000,0x0000
	.hword 0x0000,0x0000,0x0000,0x0000,0x0000,0x0000,0x0000,0x0000
	.hword 0x0000,0x0000,0x0000,0x0000,0x0000,0x0000,0x0000,0x0000
	.hword 0x0000,0x0000,0x0000,0x0000,0x0000,0x0000,0x0000,0x0000
	.hword 0x0000,0x0000,0x0000,0x0000,0x0000,0x0000,0x0000,0x0000
	.hword 0x0000,0x0000,0x0000,0x0000,0x0000,0x0000,0x0000,0x0000
	.hword 0x0000,0x0000,0x0000,0x0000,0x0000,0x0000,0x0000,0x0000

	.hword 0x0000,0x0000,0x0000,0x0000,0x0000,0x0000,0x0000,0x0000
	.hword 0x0000,0x0000,0x0000,0x0000,0x0000,0x0000,0x0000,0x0000
	.hword 0x0000,0x0000,0x0000,0x0000,0x0000,0x0000,0x0000,0x0000
	.hword 0x0000,0x0000,0x0000,0x0000,0x0000,0x0000,0x0000,0x0000
	.hword 0x0000,0x0000,0x0000,0x0000,0x0000,0x0000,0x0000,0x0000
	.hword 0x0000,0x0000,0x0000,0x0000,0x0000,0x0000,0x0000,0x0000
	.hword 0x0000,0x0000,0x0000,0x0000,0x0000,0x0000,0x0000,0x0000
	.hword 0x0000,0x0000,0x0000,0x0000,0x0000,0x0000,0x0000,0x0000

	.hword 0x0000,0x0000,0x0000,0x0000,0x0000,0x0000,0x0000,0x0000
	.hword 0x0000,0x0000,0x0000,0x0000,0x0000,0x0000,0x0000,0x0000
	.hword 0x0000,0x0000,0x0000,0x0000,0x0000,0x0000,0x0000,0x0000
	.hword 0x0000,0x0000,0x0000,0x0000,0x0000,0x0000,0x0000,0x0000
	.hword 0x0000,0x0000,0x0000,0x0000,0x0000,0x0000,0x0000,0x0000
	.hword 0x0000,0x0000,0x0000,0x0000,0x0000,0x0000,0x0000,0x0000
	.hword 0x0000,0x0000,0x0000,0x0000,0x0000,0x0000,0x0000,0x0000
	.hword 0x0000,0x0000,0x0000,0x0000,0x0000,0x0000,0x0000,0x0000

	.hword 0x0000,0x0000,0x0000,0x0000,0x0000,0x0000,0x0000,0x0000
	.hword 0x0000,0x0000,0x0000,0x0000,0x0000,0x0000,0x0000,0x0000
	.hword 0x0000,0x0000,0x0000,0x0000,0x0000,0x0000,0x0000,0x0000
	.hword 0x0000,0x0000,0x0000,0x0000,0x0000,0x0000,0x0000,0x0000
	.hword 0x0000,0x0000,0x0000,0x0000,0x0000,0x0000,0x0000,0x0000
	.hword 0x0000,0x0000,0x0000,0x0000,0x0000,0x0000,0x0000,0x0000
	.hword 0x0000,0x0000,0x0000,0x0000,0x0000,0x0000,0x0000,0x0000
	.hword 0x0000,0x0000,0x0000,0x0000,0x0000,0x0000,0x0000,0x0000

	.hword 0x0000,0x0000,0x0000,0x0000,0x0000,0x0000,0x0000,0x0000
	.hword 0x0000,0x0000,0x0000,0x0000,0x0000,0x0000,0x0000,0x0000
	.hword 0x0000,0x0000,0x0000,0x0000,0x0000,0x0000,0x0000,0x0000
	.hword 0x0000,0x0000,0x0000,0x0000,0x0000,0x0000,0x0000,0x0000
	.hword 0x0000,0x0000,0x0000,0x0000,0x0000,0x0000,0x0000,0x0000
	.hword 0x0000,0x0000,0x0000,0x0000,0x0000,0x0000,0x0000,0x0000
	.hword 0x0000,0x0000,0x0000,0x0000,0x0000,0x0000,0x0000,0x0000
	.hword 0x0000,0x0000,0x0000,0x0000,0x0000,0x0000,0x0000,0x0000

	.hword 0x0000,0x0000,0x0000,0x0000,0x0000,0x0000,0x0000,0x0000
	.hword 0x0000,0x0000,0x0000,0x0000,0x0000,0x0000,0x0000,0x0000
	.hword 0x0000,0x0000,0x0000,0x0000,0x0000,0x0000,0x0000,0x0000
	.hword 0x0000,0x0000,0x0000,0x0000,0x0000,0x0000,0x0000,0x0000
	.hword 0x0000,0x0000,0x0000,0x0000,0x0000,0x0000,0x0000,0x0000
	.hword 0x0000,0x0000,0x0000,0x0000,0x0000,0x0000,0x0000,0x0000
	.hword 0x0000,0x0000,0x0000,0x0000,0x0000,0x0000,0x0000,0x0000
	.hword 0x0000,0x0000,0x0000,0x0000,0x0000,0x0000,0x0000,0x0000

	.hword 0x0000,0x0000,0x0000,0x0000,0x0000,0x0000,0x0000,0x0000
	.hword 0x0000,0x0000,0x0000,0x0000,0x0000,0x0000,0x0000,0x0000
	.hword 0x0000,0x0000,0x0000,0x0000,0x0000,0x0000,0x0000,0x0000
	.hword 0x0000,0x0000,0x0000,0x0000,0x0000,0x0000,0x0000,0x0000
	.hword 0x0000,0x0000,0x0000,0x0000,0x0000,0x0000,0x0000,0x0000
	.hword 0x0000,0x0000,0x0000,0x0000,0x0000,0x0000,0x0000,0x0000
	.hword 0x0000,0x0000,0x0000,0x0000,0x0000,0x0000,0x0000,0x0000
	.hword 0x0000,0x0000,0x0000,0x0000,0x0000,0x0000,0x0000,0x0000

	.hword 0x0000,0x0000,0x0000,0x0000,0x0000,0x0000,0x0000,0x0000
	.hword 0x0000,0x0000,0x0000,0x0000,0x0000,0x0000,0x0000,0x0000
	.hword 0x0000,0x0000,0x0000,0x0000,0x0000,0x0000,0x0000,0x0000
	.hword 0x0000,0x0000,0x0000,0x0000,0x0000,0x0000,0x0000,0x0000
	.hword 0x0000,0x0000,0x0000,0x0000,0x0000,0x0000,0x0000,0x0000
	.hword 0x0000,0x0000,0x0000,0x0000,0x0000,0x0000,0x0000,0x0000
	.hword 0x0000,0x0000,0x0000,0x0000,0x0000,0x0000,0x0000,0x0000
	.hword 0x0000,0x0000,0x0000,0x0000,0x0000,0x0000,0x0000,0x0000

	.hword 0x0000,0x0000,0x0000,0x0000,0x0000,0x0000,0x0000,0x0000
	.hword 0x0000,0x0000,0x0000,0x0000,0x0000,0x0000,0x0000,0x0000
	.hword 0x0000,0x0000,0x0000,0x0000,0x0000,0x0000,0x0000,0x0000
	.hword 0x0000,0x0000,0x0000,0x0000,0x0000,0x0000,0x0000,0x0000
	.hword 0x0000,0x0000,0x0000,0x0000,0x0000,0x0000,0x0000,0x0000
	.hword 0x0000,0x0000,0x0000,0x0000,0x0000,0x0000,0x0000,0x0000
	.hword 0x0000,0x0000,0x0000,0x0000,0x0000,0x0000,0x0000,0x0000
	.hword 0x0000,0x0000,0x0000,0x0000,0x0000,0x0000,0x0000,0x0000

	.hword 0x0000,0x0000,0x0000,0x0000,0x0000,0x0000,0x0000,0x0000
	.hword 0x0000,0x0000,0x0000,0x0000,0x0001,0x0002,0x0003,0x0004
	.hword 0x0000,0x0000,0x0000,0x0000,0x0000,0x0000,0x0000,0x0000
	.hword 0x0000,0x0000,0x0001,0x0002,0x0003,0x0004,0x0000,0x0000
	.hword 0x0000,0x0000,0x0000,0x0000,0x0000,0x0000,0x0000,0x0000
	.hword 0x0000,0x0000,0x0000,0x0000,0x0000,0x0000,0x0000,0x0000
	.hword 0x0000,0x0000,0x0000,0x0000,0x0000,0x0000,0x0000,0x0000
	.hword 0x0000,0x0000,0x0000,0x0000,0x0000,0x0000,0x0000,0x0000

	.hword 0x0000,0x0000,0x0000,0x0000,0x0000,0x0000,0x0000,0x0000
	.hword 0x0000,0x0000,0x0000,0x0000,0x0000,0x0000,0x0000,0x0000
	.hword 0x0000,0x0000,0x0000,0x0000,0x0000,0x0000,0x0000,0x0000
	.hword 0x0000,0x0000,0x0000,0x0000,0x0000,0x0000,0x0000,0x0000
	.hword 0x0000,0x0000,0x0000,0x0000,0x0000,0x0000,0x0000,0x0000
	.hword 0x0000,0x0000,0x0000,0x0000,0x0000,0x0000,0x0000,0x0000
	.hword 0x0000,0x0000,0x0000,0x0000,0x0000,0x0000,0x0000,0x0000
	.hword 0x0000,0x0000,0x0000,0x0000,0x0000,0x0000,0x0000,0x0000

	.hword 0x0000,0x0000,0x0000,0x0000,0x0000,0x0000,0x0000,0x0000
	.hword 0x0000,0x0000,0x0000,0x0000,0x0000,0x0000,0x0000,0x0000
	.hword 0x0000,0x0000,0x0000,0x0000,0x0000,0x0000,0x0000,0x0000
	.hword 0x0000,0x0000,0x0000,0x0000,0x0000,0x0000,0x0000,0x0000
	.hword 0x0000,0x0000,0x0000,0x0000,0x0000,0x0000,0x0000,0x0000
	.hword 0x0000,0x0000,0x0000,0x0000,0x0000,0x0000,0x0000,0x0000
	.hword 0x0000,0x0000,0x0000,0x0000,0x0000,0x0000,0x0000,0x0000
	.hword 0x0000,0x0000,0x0000,0x0000,0x0000,0x0000,0x0000,0x0000

	.hword 0x0000,0x0000,0x0000,0x0000,0x0000,0x0000,0x0000,0x0000
	.hword 0x0000,0x0000,0x0000,0x0000,0x0005,0x0006,0x0007,0x0008
	.hword 0x0000,0x0000,0x0000,0x0000,0x0000,0x0000,0x0000,0x0000
	.hword 0x0000,0x0000,0x0005,0x0006,0x0007,0x0008,0x0000,0x0000
	.hword 0x0000,0x0000,0x0000,0x0000,0x0000,0x0000,0x0000,0x0000
	.hword 0x0000,0x0000,0x0000,0x0000,0x0000,0x0000,0x0000,0x0000
	.hword 0x0000,0x0000,0x0000,0x0000,0x0000,0x0000,0x0000,0x004A
	.hword 0x004B,0x004C,0x004D,0x004E,0x004F,0x0000,0x0000,0x0000

	.hword 0x0000,0x0000,0x0000,0x0000,0x0000,0x0000,0x0000,0x0000
	.hword 0x0000,0x0000,0x0000,0x0000,0x0000,0x0000,0x0000,0x0000
	.hword 0x0000,0x0000,0x0000,0x0000,0x0000,0x0000,0x0000,0x0000
	.hword 0x0000,0x0000,0x0000,0x0000,0x0000,0x0000,0x0000,0x0000
	.hword 0x0000,0x0000,0x0000,0x0000,0x0000,0x0000,0x0000,0x0000
	.hword 0x0000,0x0000,0x0000,0x0000,0x0000,0x0000,0x0000,0x0000
	.hword 0x0000,0x0000,0x0000,0x0000,0x0000,0x0000,0x0000,0x0000
	.hword 0x0000,0x0000,0x0000,0x0000,0x0000,0x0000,0x0000,0x0000

	.hword 0x0000,0x0000,0x0000,0x0000,0x0000,0x0000,0x0000,0x0000
	.hword 0x0000,0x0000,0x0000,0x0000,0x0000,0x0000,0x0000,0x0000
	.hword 0x0000,0x0000,0x0000,0x0000,0x0000,0x0000,0x0050,0x0000
	.hword 0x0000,0x0000,0x0000,0x0000,0x0051,0x0052,0x0053,0x0054
	.hword 0x0000,0x0000,0x0050,0x0000,0x0000,0x0000,0x0000,0x0000
	.hword 0x0051,0x0052,0x0053,0x0054,0x0000,0x0000,0x0050,0x0000
	.hword 0x0000,0x0000,0x0050,0x0000,0x0000,0x0000,0x0000,0x0000
	.hword 0x0051,0x0052,0x0053,0x0054,0x0000,0x0000,0x0000,0x0000

	.hword 0x0000,0x0000,0x0000,0x0000,0x0000,0x0000,0x0000,0x0000
	.hword 0x0000,0x0000,0x0000,0x0000,0x0009,0x000A,0x000B,0x000C
	.hword 0x0000,0x0000,0x0000,0x0000,0x0000,0x0000,0x0000,0x0000
	.hword 0x0000,0x0000,0x0009,0x000A,0x000B,0x000C,0x0000,0x0000
	.hword 0x0000,0x0000,0x0000,0x0000,0x0000,0x0000,0x0000,0x0000
	.hword 0x0000,0x0000,0x0000,0x0000,0x0000,0x0000,0x0000,0x0000
	.hword 0x0000,0x0000,0x0000,0x0000,0x0000,0x0000,0x0055,0x0056
	.hword 0x0057,0x0058,0x0059,0x005A,0x005B,0x0000,0x0000,0x0000

	.hword 0x0000,0x0000,0x0000,0x0000,0x0000,0x0000,0x0000,0x0000
	.hword 0x0000,0x0000,0x0000,0x0000,0x0000,0x0000,0x0000,0x0000
	.hword 0x0000,0x0000,0x0000,0x0000,0x0000,0x0000,0x0000,0x0000
	.hword 0x0000,0x0000,0x0000,0x0000,0x0000,0x0000,0x0000,0x0000
	.hword 0x0000,0x0000,0x0000,0x0000,0x0000,0x0000,0x0000,0x0000
	.hword 0x0000,0x0000,0x0000,0x0000,0x0000,0x0000,0x0000,0x0000
	.hword 0x0000,0x0000,0x0000,0x0000,0x0000,0x0000,0x0000,0x0000
	.hword 0x0000,0x0000,0x0000,0x0000,0x0000,0x0000,0x0000,0x0000

	.hword 0x0000,0x0000,0x0000,0x0000,0x0000,0x0000,0x0000,0x0000
	.hword 0x0000,0x0000,0x0000,0x0000,0x0000,0x0000,0x0000,0x0000
	.hword 0x0000,0x0000,0x0000,0x0000,0x005C,0x005D,0x005E,0x005F
	.hword 0x0001,0x0002,0x0003,0x0004,0x0060,0x0061,0x0062,0x0063
	.hword 0x005C,0x005D,0x005E,0x005F,0x0001,0x0002,0x0003,0x0004
	.hword 0x0060,0x0061,0x0062,0x0063,0x005C,0x005D,0x005E,0x005F
	.hword 0x005C,0x005D,0x005E,0x005F,0x0001,0x0002,0x0003,0x0004
	.hword 0x0060,0x0061,0x0062,0x0063,0x0000,0x0000,0x0000,0x0000

	.hword 0x0000,0x0000,0x0000,0x0000,0x0000,0x0000,0x0000,0x0000
	.hword 0x0000,0x0000,0x0000,0x0000,0x0000,0x000D,0x000E,0x000F
	.hword 0x0000,0x0000,0x0000,0x0000,0x0000,0x0000,0x0000,0x0000
	.hword 0x0064,0x0065,0x0000,0x000D,0x000E,0x000F,0x0000,0x0000
	.hword 0x0000,0x0000,0x0000,0x0000,0x0000,0x0000,0x0000,0x0000
	.hword 0x0000,0x0000,0x0000,0x0000,0x0000,0x0000,0x0000,0x0000
	.hword 0x0066,0x0066,0x0066,0x0066,0x0066,0x0066,0x0067,0x0068
	.hword 0x0069,0x006A,0x006B,0x006C,0x006D,0x006E,0x006F,0x0070

	.hword 0x0000,0x0000,0x0000,0x0000,0x0000,0x0000,0x0000,0x0000
	.hword 0x0000,0x0000,0x0000,0x0000,0x0000,0x0000,0x0000,0x0000
	.hword 0x0000,0x0000,0x0000,0x0000,0x0000,0x0000,0x0000,0x0000
	.hword 0x0000,0x0000,0x0000,0x0000,0x0000,0x0000,0x0000,0x0000
	.hword 0x0000,0x0000,0x0000,0x0000,0x0000,0x0000,0x0000,0x0000
	.hword 0x0000,0x0000,0x0000,0x0000,0x0000,0x0000,0x0000,0x0000
	.hword 0x0000,0x0000,0x0000,0x0000,0x0000,0x0000,0x0000,0x0000
	.hword 0x0000,0x0000,0x0000,0x0000,0x0000,0x0000,0x0000,0x0000

	.hword 0x0000,0x0000,0x0000,0x0000,0x0000,0x0000,0x0000,0x0000
	.hword 0x0000,0x0000,0x0000,0x0000,0x0000,0x0000,0x0000,0x0000
	.hword 0x0000,0x0000,0x0000,0x0000,0x0071,0x0072,0x0073,0x0074
	.hword 0x0005,0x0006,0x0007,0x0008,0x0075,0x0076,0x0077,0x0078
	.hword 0x0071,0x0072,0x0073,0x0074,0x0005,0x0006,0x0007,0x0008
	.hword 0x0075,0x0076,0x0077,0x0078,0x0071,0x0072,0x0073,0x0074
	.hword 0x0079,0x0072,0x0073,0x0074,0x0005,0x0006,0x0007,0x0008
	.hword 0x0075,0x0076,0x0077,0x0078,0x0000,0x0000,0x0000,0x0000

	.hword 0x0000,0x0000,0x0000,0x0000,0x0000,0x0000,0x0000,0x0000
	.hword 0x0000,0x0000,0x0000,0x0000,0x0000,0x001C,0x001D,0x0000
	.hword 0x0000,0x0000,0x0000,0x0000,0x007A,0x007B,0x007C,0x007D
	.hword 0x007E,0x007F,0x0000,0x001C,0x001D,0x0000,0x0000,0x0000
	.hword 0x0000,0x0000,0x0000,0x0000,0x0000,0x0000,0x0000,0x0000
	.hword 0x0000,0x0000,0x0000,0x0000,0x0000,0x0000,0x0000,0x0000
	.hword 0x0080,0x0081,0x0081,0x0081,0x0081,0x0480,0x0082,0x0083
	.hword 0x0084,0x0085,0x0086,0x0087,0x0088,0x086E,0x0089,0x008A

	.hword 0x0000,0x0000,0x0000,0x0000,0x0000,0x0000,0x0000,0x0000
	.hword 0x0000,0x0000,0x0000,0x0000,0x0000,0x0000,0x0000,0x0000
	.hword 0x0000,0x0000,0x0000,0x0000,0x0000,0x0000,0x0000,0x0000
	.hword 0x0000,0x0000,0x0000,0x0000,0x0000,0x0000,0x0000,0x0000
	.hword 0x0000,0x0000,0x0000,0x0000,0x0000,0x0000,0x0000,0x0000
	.hword 0x0000,0x0000,0x0000,0x0000,0x0000,0x0000,0x0000,0x0000
	.hword 0x0000,0x0000,0x0000,0x0000,0x0000,0x0000,0x0000,0x0000
	.hword 0x0000,0x0000,0x0000,0x0000,0x0000,0x0000,0x0000,0x0000

	.hword 0x0000,0x0000,0x0000,0x0000,0x0000,0x0000,0x0000,0x0000
	.hword 0x0000,0x0000,0x0000,0x0000,0x0000,0x0000,0x0000,0x0000
	.hword 0x0000,0x0000,0x0000,0x0000,0x008B,0x008C,0x008D,0x008E
	.hword 0x0009,0x000A,0x000B,0x000C,0x008F,0x0090,0x0091,0x0092
	.hword 0x008B,0x008C,0x008D,0x008E,0x0009,0x000A,0x000B,0x000C
	.hword 0x008F,0x0090,0x0091,0x0092,0x008B,0x008C,0x008D,0x008E
	.hword 0x008B,0x008C,0x008D,0x008E,0x0009,0x000A,0x000B,0x000C
	.hword 0x008F,0x0090,0x0091,0x0092,0x0000,0x0000,0x0000,0x0000

	.hword 0x0000,0x0000,0x0000,0x0000,0x0000,0x0000,0x0000,0x0000
	.hword 0x0000,0x0000,0x0000,0x0000,0x0000,0x0000,0x0000,0x0000
	.hword 0x0000,0x0000,0x0000,0x0000,0x0000,0x0000,0x0000,0x0000
	.hword 0x0000,0x0000,0x0000,0x0000,0x0000,0x0000,0x0000,0x0000
	.hword 0x0000,0x0000,0x0000,0x0000,0x0000,0x0000,0x0000,0x0000
	.hword 0x0000,0x0000,0x0000,0x0000,0x0000,0x0000,0x0064,0x0065
	.hword 0x0093,0x0093,0x0093,0x0093,0x0093,0x0093,0x0000,0x0094
	.hword 0x0095,0x0000,0x0000,0x0096,0x0097,0x0000,0x0098,0x0099

	.hword 0x0000,0x0000,0x0000,0x0000,0x0000,0x0000,0x0000,0x0000
	.hword 0x0000,0x0000,0x0000,0x0000,0x0000,0x0000,0x0000,0x0000
	.hword 0x0000,0x0000,0x0000,0x0000,0x0000,0x0000,0x0000,0x0000
	.hword 0x0000,0x0000,0x0000,0x0000,0x0000,0x0000,0x0000,0x0000
	.hword 0x0000,0x0000,0x0000,0x0000,0x0000,0x0000,0x0000,0x0000
	.hword 0x0000,0x0000,0x0000,0x0000,0x0000,0x0000,0x0000,0x0000
	.hword 0x0000,0x0000,0x0000,0x0000,0x0000,0x0000,0x0000,0x0000
	.hword 0x0000,0x0000,0x0000,0x0000,0x0000,0x0000,0x0000,0x0000

	.hword 0x0000,0x0000,0x0000,0x0000,0x0000,0x0000,0x0000,0x0000
	.hword 0x0000,0x0000,0x0000,0x0000,0x0000,0x0000,0x0000,0x0000
	.hword 0x0000,0x0000,0x0000,0x0000,0x009A,0x009B,0x009C,0x009D
	.hword 0x0000,0x000D,0x000E,0x000F,0x009E,0x009F,0x00A0,0x0000
	.hword 0x009A,0x009B,0x009C,0x009D,0x0000,0x000D,0x000E,0x000F
	.hword 0x009E,0x009F,0x00A0,0x0000,0x009A,0x009B,0x009C,0x009D
	.hword 0x009A,0x009B,0x009C,0x009D,0x0000,0x000D,0x000E,0x000F
	.hword 0x009E,0x009F,0x00A0,0x0000,0x0000,0x0000,0x0000,0x0000

	.hword 0x0000,0x0000,0x0000,0x0000,0x0000,0x0000,0x0000,0x0000
	.hword 0x0000,0x0000,0x0000,0x0000,0x0000,0x0000,0x0000,0x0000
	.hword 0x0000,0x0000,0x0000,0x0000,0x0000,0x0000,0x0000,0x0000
	.hword 0x0000,0x0000,0x0000,0x0000,0x0000,0x0000,0x0000,0x0000
	.hword 0x0000,0x0000,0x0000,0x0000,0x0000,0x0000,0x0000,0x0000
	.hword 0x0000,0x0000,0x007A,0x007B,0x007C,0x007D,0x007E,0x007F
	.hword 0x0080,0x0081,0x0081,0x0081,0x0081,0x0480,0x0000,0x00A1
	.hword 0x00A2,0x0000,0x0000,0x00A3,0x00A4,0x0000,0x00A5,0x00A6

	.hword 0x0000,0x0000,0x0000,0x0000,0x0000,0x0000,0x0000,0x0000
	.hword 0x0000,0x0000,0x0000,0x0000,0x0000,0x0000,0x0000,0x0000
	.hword 0x0000,0x0000,0x0000,0x0000,0x0000,0x0000,0x0000,0x0000
	.hword 0x0000,0x0000,0x0000,0x0000,0x0000,0x0000,0x0000,0x0000
	.hword 0x0000,0x0000,0x0000,0x0000,0x0000,0x0000,0x0000,0x0000
	.hword 0x0000,0x0000,0x0000,0x0000,0x0000,0x0000,0x0000,0x0000
	.hword 0x0000,0x0000,0x0000,0x0000,0x0000,0x0000,0x0000,0x0000
	.hword 0x0000,0x0000,0x0000,0x0000,0x0000,0x0000,0x0000,0x0000

	.hword 0x0000,0x0000,0x0000,0x0000,0x0000,0x0000,0x0000,0x0000
	.hword 0x0000,0x0000,0x0000,0x0000,0x0000,0x0000,0x0000,0x0000
	.hword 0x0000,0x0000,0x0000,0x0000,0x0000,0x00A7,0x00A8,0x00A9
	.hword 0x0000,0x001C,0x001D,0x0000,0x00AA,0x00AB,0x00AC,0x0000
	.hword 0x0000,0x00A7,0x00A8,0x00A9,0x0000,0x001C,0x001D,0x0000
	.hword 0x00AA,0x00AB,0x00AC,0x0000,0x0000,0x00A7,0x00A8,0x00A9
	.hword 0x0000,0x00A7,0x00A8,0x00A9,0x0000,0x001C,0x001D,0x0000
	.hword 0x00AA,0x00AB,0x00AC,0x0000,0x0000,0x0000,0x0000,0x0000

	.hword 0x0000,0x0000,0x0000,0x0000,0x0000,0x0000,0x0000,0x0000
	.hword 0x0000,0x0000,0x0000,0x0000,0x0000,0x0000,0x0000,0x0000
	.hword 0x0000,0x0000,0x0000,0x0000,0x0000,0x0000,0x0000,0x0000
	.hword 0x0000,0x0000,0x0000,0x0000,0x0000,0x0000,0x0000,0x0000
	.hword 0x0000,0x0000,0x0000,0x0000,0x0000,0x0000,0x0000,0x0000
	.hword 0x0000,0x0000,0x0000,0x0000,0x0000,0x0000,0x0000,0x0000
	.hword 0x0000,0x0000,0x0000,0x0000,0x0000,0x0000,0x0000,0x0000
	.hword 0x0000,0x0000,0x0000,0x0000,0x0000,0x0000,0x0000,0x0000

	.hword 0x0000,0x0000,0x0000,0x0000,0x0000,0x0000,0x0000,0x0000
	.hword 0x0000,0x0000,0x0000,0x0000,0x0000,0x0000,0x0000,0x0000
	.hword 0x0000,0x0000,0x0000,0x0000,0x0000,0x0000,0x0000,0x0000
	.hword 0x0000,0x0000,0x0000,0x0000,0x0000,0x0000,0x0000,0x0000
	.hword 0x0000,0x0000,0x0000,0x0000,0x0000,0x0000,0x0000,0x0000
	.hword 0x0000,0x0000,0x0000,0x0000,0x0000,0x0000,0x0000,0x0000
	.hword 0x0000,0x0000,0x0000,0x0000,0x0000,0x0000,0x0000,0x0000
	.hword 0x0000,0x0000,0x0000,0x0000,0x0000,0x0000,0x0000,0x0000

	.hword 0x0000,0x0000,0x0000,0x0000,0x0000,0x0000,0x0000,0x0000
	.hword 0x0000,0x0000,0x0000,0x0000,0x0000,0x0000,0x0000,0x0000
	.hword 0x0000,0x0000,0x0000,0x0000,0x0000,0x0000,0x0000,0x0000
	.hword 0x0000,0x0000,0x0000,0x0000,0x0000,0x0000,0x0000,0x0000
	.hword 0x0000,0x0000,0x0000,0x0000,0x0000,0x0000,0x0000,0x0000
	.hword 0x0000,0x0000,0x0000,0x0000,0x0000,0x0000,0x0000,0x0000
	.hword 0x0000,0x0000,0x0000,0x0000,0x0000,0x0000,0x0000,0x0000
	.hword 0x0000,0x0000,0x0000,0x0000,0x0000,0x0000,0x0000,0x0000

	.hword 0x0000,0x0000,0x0000,0x0000,0x0000,0x0000,0x0000,0x0000
	.hword 0x0000,0x0000,0x0000,0x0000,0x0000,0x0000,0x0000,0x0000
	.hword 0x0000,0x0000,0x0000,0x0000,0x0000,0x0000,0x0000,0x0000
	.hword 0x0000,0x0000,0x0000,0x0000,0x0000,0x0000,0x0000,0x0000
	.hword 0x0000,0x0000,0x0000,0x0000,0x0000,0x0000,0x0000,0x0000
	.hword 0x0000,0x0000,0x0000,0x0000,0x0000,0x0000,0x0000,0x0000
	.hword 0x0000,0x0000,0x0000,0x0000,0x0000,0x0000,0x0000,0x0000
	.hword 0x0000,0x0000,0x0000,0x0000,0x0000,0x0000,0x0000,0x0000

	.hword 0x0000,0x0000,0x0000,0x0000,0x0000,0x0000,0x0000,0x0000
	.hword 0x0000,0x0000,0x0000,0x0000,0x0000,0x0000,0x0000,0x0000
	.hword 0x0000,0x0000,0x0000,0x0000,0x0000,0x0000,0x0000,0x0000
	.hword 0x0000,0x0000,0x0000,0x0000,0x0000,0x0000,0x0000,0x0000
	.hword 0x0000,0x0000,0x0000,0x0000,0x0000,0x0000,0x0000,0x0000
	.hword 0x0000,0x0000,0x0000,0x0000,0x0000,0x0000,0x0000,0x0000
	.hword 0x0000,0x0000,0x0000,0x0000,0x0000,0x0000,0x0000,0x0000
	.hword 0x0000,0x0000,0x0000,0x0000,0x0000,0x0000,0x0000,0x0000

	.hword 0x0000,0x0000,0x0000,0x0000,0x0000,0x0000,0x0000,0x0000
	.hword 0x0000,0x0000,0x0000,0x0000,0x0000,0x0000,0x0000,0x0000
	.hword 0x0000,0x0000,0x0000,0x0000,0x0000,0x0000,0x0000,0x0000
	.hword 0x0000,0x0000,0x0000,0x0000,0x0000,0x0000,0x0000,0x0000
	.hword 0x0000,0x0000,0x0000,0x0000,0x0000,0x0000,0x0000,0x0000
	.hword 0x0000,0x0000,0x0000,0x0000,0x0000,0x0000,0x0000,0x0000
	.hword 0x0000,0x0000,0x0000,0x0000,0x0000,0x0000,0x0000,0x0000
	.hword 0x0000,0x0000,0x0000,0x0000,0x0000,0x0000,0x0000,0x0000

	.hword 0x0000,0x0000,0x0000,0x0000,0x0000,0x0000,0x0000,0x0000
	.hword 0x0000,0x0000,0x0000,0x0000,0x0000,0x0000,0x0000,0x0000
	.hword 0x0000,0x0000,0x0000,0x0000,0x0000,0x0000,0x0000,0x0000
	.hword 0x0000,0x0000,0x0000,0x0000,0x0000,0x0000,0x0000,0x0000
	.hword 0x0000,0x0000,0x0000,0x0000,0x0000,0x0000,0x0000,0x0000
	.hword 0x0000,0x0000,0x0000,0x0000,0x0000,0x0000,0x0000,0x0000
	.hword 0x0000,0x0000,0x0000,0x0000,0x0000,0x0000,0x0000,0x0000
	.hword 0x0000,0x0000,0x0000,0x0000,0x0000,0x0000,0x0000,0x0000

	.hword 0x0000,0x0000,0x0000,0x0000,0x0000,0x0000,0x0000,0x0000
	.hword 0x0000,0x0000,0x0000,0x0000,0x0000,0x0000,0x0000,0x0000
	.hword 0x0000,0x0000,0x0000,0x0000,0x0000,0x0000,0x0000,0x0000
	.hword 0x0000,0x0000,0x0000,0x0000,0x0000,0x0000,0x0000,0x0000
	.hword 0x0000,0x0000,0x0000,0x0000,0x0000,0x0000,0x0000,0x0000
	.hword 0x0000,0x0000,0x0000,0x0000,0x0000,0x0000,0x0000,0x0000
	.hword 0x0000,0x0000,0x0000,0x0000,0x0000,0x0000,0x0000,0x0000
	.hword 0x0000,0x0000,0x0000,0x0000,0x0000,0x0000,0x0000,0x0000

	.hword 0x0000,0x0000,0x0000,0x0000,0x0000,0x0000,0x0000,0x0000
	.hword 0x0000,0x0000,0x0000,0x0000,0x0000,0x0000,0x0000,0x0000
	.hword 0x0000,0x0000,0x0000,0x0000,0x0000,0x0000,0x0000,0x0000
	.hword 0x0000,0x0000,0x0000,0x0000,0x0000,0x0000,0x0000,0x0000
	.hword 0x0000,0x0000,0x0000,0x0000,0x0000,0x0000,0x0000,0x0000
	.hword 0x0000,0x0000,0x0000,0x0000,0x0000,0x0000,0x0000,0x0000
	.hword 0x0000,0x0000,0x0000,0x0000,0x0000,0x0000,0x0000,0x0000
	.hword 0x0000,0x0000,0x0000,0x0000,0x0000,0x0000,0x0000,0x0000

	.hword 0x0000,0x0000,0x0000,0x0000,0x0000,0x0000,0x0000,0x0000
	.hword 0x0000,0x0000,0x0000,0x0000,0x0000,0x0000,0x0000,0x0000
	.hword 0x0000,0x0000,0x0000,0x0000,0x0000,0x0000,0x0000,0x0000
	.hword 0x0000,0x0000,0x0000,0x0000,0x0000,0x0000,0x0000,0x0000
	.hword 0x0000,0x0000,0x0000,0x0000,0x0000,0x0000,0x0000,0x0000
	.hword 0x0000,0x0000,0x0000,0x0000,0x0000,0x0000,0x0000,0x0000
	.hword 0x0000,0x0000,0x0000,0x0000,0x0000,0x0000,0x0000,0x0000
	.hword 0x0000,0x0000,0x0000,0x0000,0x0000,0x0000,0x0000,0x0000

	.hword 0x0000,0x0000,0x0000,0x0000,0x0000,0x0000,0x0000,0x0000
	.hword 0x0000,0x0000,0x0000,0x0000,0x0000,0x0000,0x0000,0x0000
	.hword 0x0000,0x0000,0x0000,0x0000,0x0000,0x0000,0x0000,0x0000
	.hword 0x0000,0x0000,0x0000,0x0000,0x0000,0x0000,0x0000,0x0000
	.hword 0x0000,0x0000,0x0000,0x0000,0x0000,0x0000,0x0000,0x0000
	.hword 0x0000,0x0000,0x0000,0x0000,0x0000,0x0000,0x0000,0x0000
	.hword 0x0000,0x0000,0x0000,0x0000,0x0000,0x0000,0x0000,0x0000
	.hword 0x0000,0x0000,0x0000,0x0000,0x0000,0x0000,0x0000,0x0000

	.hword 0x0000,0x0000,0x0000,0x0000,0x0000,0x0000,0x0000,0x0000
	.hword 0x0000,0x0000,0x0000,0x0000,0x0000,0x0000,0x0000,0x0000
	.hword 0x0000,0x0000,0x0000,0x0000,0x0000,0x0000,0x0000,0x0000
	.hword 0x0000,0x0000,0x0000,0x0000,0x0000,0x0000,0x0000,0x0000
	.hword 0x0000,0x0000,0x0000,0x0000,0x0000,0x0000,0x0000,0x0000
	.hword 0x0000,0x0000,0x0000,0x0000,0x0000,0x0000,0x0000,0x0000
	.hword 0x0000,0x0000,0x0000,0x0000,0x0000,0x0000,0x0000,0x0000
	.hword 0x0000,0x0000,0x0000,0x0000,0x0000,0x0000,0x0000,0x0000

	.section .rodata
	.align	2
	.global s2fg_bn_gfxPal		@ 32 unsigned chars
	.hidden s2fg_bn_gfxPal
s2fg_bn_gfxPal:
	.hword 0x7C5F,0x14A3,0x1487,0x188E,0x0000,0x2927,0x1544,0x14D4
	.hword 0x212F,0x39CA,0x1D59,0x1A08,0x3216,0x228E,0x4E71,0x6B5A

@}}BLOCK(s2fg_bn_gfx)
